intersection_id,tollgate_id,time_window,avg_travel_time
A,2,"[2016-10-25 08:00:00,2016-10-25 08:20:00)",66.99356218556339
A,2,"[2016-10-25 08:20:00,2016-10-25 08:40:00)",71.774652357632
A,2,"[2016-10-25 08:40:00,2016-10-25 09:00:00)",71.4658699228979
A,2,"[2016-10-25 09:00:00,2016-10-25 09:20:00)",72.68710739571993
A,2,"[2016-10-25 09:20:00,2016-10-25 09:40:00)",71.67349193895407
A,2,"[2016-10-25 09:40:00,2016-10-25 10:00:00)",72.01013054356521
A,2,"[2016-10-25 17:00:00,2016-10-25 17:20:00)",71.13609345332901
A,2,"[2016-10-25 17:20:00,2016-10-25 17:40:00)",65.06875129296732
A,2,"[2016-10-25 17:40:00,2016-10-25 18:00:00)",65.92350257384409
A,2,"[2016-10-25 18:00:00,2016-10-25 18:20:00)",65.98474255887193
A,2,"[2016-10-25 18:20:00,2016-10-25 18:40:00)",71.15795699690796
A,2,"[2016-10-25 18:40:00,2016-10-25 19:00:00)",62.05861657182706
A,2,"[2016-10-26 08:00:00,2016-10-26 08:20:00)",72.65749089526034
A,2,"[2016-10-26 08:20:00,2016-10-26 08:40:00)",72.15653867787854
A,2,"[2016-10-26 08:40:00,2016-10-26 09:00:00)",72.17675471726552
A,2,"[2016-10-26 09:00:00,2016-10-26 09:20:00)",76.40829120928774
A,2,"[2016-10-26 09:20:00,2016-10-26 09:40:00)",71.46614775252189
A,2,"[2016-10-26 09:40:00,2016-10-26 10:00:00)",71.9500411768684
A,2,"[2016-10-26 17:00:00,2016-10-26 17:20:00)",70.48286928359087
A,2,"[2016-10-26 17:20:00,2016-10-26 17:40:00)",71.39550579176478
A,2,"[2016-10-26 17:40:00,2016-10-26 18:00:00)",69.87225707264153
A,2,"[2016-10-26 18:00:00,2016-10-26 18:20:00)",73.85174255887193
A,2,"[2016-10-26 18:20:00,2016-10-26 18:40:00)",62.12370099322928
A,2,"[2016-10-26 18:40:00,2016-10-26 19:00:00)",65.20298822317766
A,2,"[2016-10-27 08:00:00,2016-10-27 08:20:00)",74.07767820775209
A,2,"[2016-10-27 08:20:00,2016-10-27 08:40:00)",78.89544616806403
A,2,"[2016-10-27 08:40:00,2016-10-27 09:00:00)",78.42966220745103
A,2,"[2016-10-27 09:00:00,2016-10-27 09:20:00)",76.74426227892562
A,2,"[2016-10-27 09:20:00,2016-10-27 09:40:00)",74.41583584803865
A,2,"[2016-10-27 09:40:00,2016-10-27 10:00:00)",66.54017090728588
A,2,"[2016-10-27 17:00:00,2016-10-27 17:20:00)",73.11056158819852
A,2,"[2016-10-27 17:20:00,2016-10-27 17:40:00)",66.13278685865932
A,2,"[2016-10-27 17:40:00,2016-10-27 18:00:00)",68.11953813953608
A,2,"[2016-10-27 18:00:00,2016-10-27 18:20:00)",70.05145612088364
A,2,"[2016-10-27 18:20:00,2016-10-27 18:40:00)",59.72846076595654
A,2,"[2016-10-27 18:40:00,2016-10-27 19:00:00)",66.73616313197518
A,2,"[2016-10-28 08:00:00,2016-10-28 08:20:00)",69.38079311003352
A,2,"[2016-10-28 08:20:00,2016-10-28 08:40:00)",74.9753333226693
A,2,"[2016-10-28 08:40:00,2016-10-28 09:00:00)",70.2145508879352
A,2,"[2016-10-28 09:00:00,2016-10-28 09:20:00)",74.06036982890133
A,2,"[2016-10-28 09:20:00,2016-10-28 09:40:00)",74.08622789801437
A,2,"[2016-10-28 09:40:00,2016-10-28 10:00:00)",72.61156413787323
A,2,"[2016-10-28 17:00:00,2016-10-28 17:20:00)",86.18900330577881
A,2,"[2016-10-28 17:20:00,2016-10-28 17:40:00)",75.29415929518275
A,2,"[2016-10-28 17:40:00,2016-10-28 18:00:00)",69.07290483875482
A,2,"[2016-10-28 18:00:00,2016-10-28 18:20:00)",69.81132751980942
A,2,"[2016-10-28 18:20:00,2016-10-28 18:40:00)",67.4824467319689
A,2,"[2016-10-28 18:40:00,2016-10-28 19:00:00)",68.37574292637612
A,2,"[2016-10-29 08:00:00,2016-10-29 08:20:00)",71.5689965565398
A,2,"[2016-10-29 08:20:00,2016-10-29 08:40:00)",67.76375080171928
A,2,"[2016-10-29 08:40:00,2016-10-29 09:00:00)",75.54471296978717
A,2,"[2016-10-29 09:00:00,2016-10-29 09:20:00)",84.86310502825565
A,2,"[2016-10-29 09:20:00,2016-10-29 09:40:00)",82.78648957148978
A,2,"[2016-10-29 09:40:00,2016-10-29 10:00:00)",84.83622850236779
A,2,"[2016-10-29 17:00:00,2016-10-29 17:20:00)",64.0198867862097
A,2,"[2016-10-29 17:20:00,2016-10-29 17:40:00)",71.74125865873884
A,2,"[2016-10-29 17:40:00,2016-10-29 18:00:00)",69.59195189518202
A,2,"[2016-10-29 18:00:00,2016-10-29 18:20:00)",65.13306506695929
A,2,"[2016-10-29 18:20:00,2016-10-29 18:40:00)",63.34519986826365
A,2,"[2016-10-29 18:40:00,2016-10-29 19:00:00)",63.14249606267085
A,2,"[2016-10-30 08:00:00,2016-10-30 08:20:00)",62.81921948316055
A,2,"[2016-10-30 08:20:00,2016-10-30 08:40:00)",71.30615191102339
A,2,"[2016-10-30 08:40:00,2016-10-30 09:00:00)",72.30011102733346
A,2,"[2016-10-30 09:00:00,2016-10-30 09:20:00)",78.68650461168085
A,2,"[2016-10-30 09:20:00,2016-10-30 09:40:00)",74.5760797066728
A,2,"[2016-10-30 09:40:00,2016-10-30 10:00:00)",69.18781863755082
A,2,"[2016-10-30 17:00:00,2016-10-30 17:20:00)",69.79385791846187
A,2,"[2016-10-30 17:20:00,2016-10-30 17:40:00)",67.76984879392185
A,2,"[2016-10-30 17:40:00,2016-10-30 18:00:00)",65.23759854891972
A,2,"[2016-10-30 18:00:00,2016-10-30 18:20:00)",63.74472374462276
A,2,"[2016-10-30 18:20:00,2016-10-30 18:40:00)",62.851226878279306
A,2,"[2016-10-30 18:40:00,2016-10-30 19:00:00)",62.45403818815056
A,2,"[2016-10-31 08:00:00,2016-10-31 08:20:00)",80.24764805373118
A,2,"[2016-10-31 08:20:00,2016-10-31 08:40:00)",77.72068222428832
A,2,"[2016-10-31 08:40:00,2016-10-31 09:00:00)",74.21864439235621
A,2,"[2016-10-31 09:00:00,2016-10-31 09:20:00)",74.67163826688693
A,2,"[2016-10-31 09:20:00,2016-10-31 09:40:00)",74.53452281012105
A,2,"[2016-10-31 09:40:00,2016-10-31 10:00:00)",69.92093636171843
A,2,"[2016-10-31 17:00:00,2016-10-31 17:20:00)",69.96660496846744
A,2,"[2016-10-31 17:20:00,2016-10-31 17:40:00)",65.92236395098567
A,2,"[2016-10-31 17:40:00,2016-10-31 18:00:00)",64.58807964836635
A,2,"[2016-10-31 18:00:00,2016-10-31 18:20:00)",65.16649437450558
A,2,"[2016-10-31 18:20:00,2016-10-31 18:40:00)",62.52600916700986
A,2,"[2016-10-31 18:40:00,2016-10-31 19:00:00)",68.35029902393336
A,3,"[2016-10-25 08:00:00,2016-10-25 08:20:00)",155.51808277640527
A,3,"[2016-10-25 08:20:00,2016-10-25 08:40:00)",141.5550659953407
A,3,"[2016-10-25 08:40:00,2016-10-25 09:00:00)",164.8591519934413
A,3,"[2016-10-25 09:00:00,2016-10-25 09:20:00)",158.82670892122604
A,3,"[2016-10-25 09:20:00,2016-10-25 09:40:00)",149.71381660656039
A,3,"[2016-10-25 09:40:00,2016-10-25 10:00:00)",132.56816165431985
A,3,"[2016-10-25 17:00:00,2016-10-25 17:20:00)",111.0618407879409
A,3,"[2016-10-25 17:20:00,2016-10-25 17:40:00)",115.90295318050389
A,3,"[2016-10-25 17:40:00,2016-10-25 18:00:00)",114.16991423878494
A,3,"[2016-10-25 18:00:00,2016-10-25 18:20:00)",117.49215477904451
A,3,"[2016-10-25 18:20:00,2016-10-25 18:40:00)",116.30872218716186
A,3,"[2016-10-25 18:40:00,2016-10-25 19:00:00)",113.73739913797974
A,3,"[2016-10-26 08:00:00,2016-10-26 08:20:00)",155.98959861685577
A,3,"[2016-10-26 08:20:00,2016-10-26 08:40:00)",138.57139992522173
A,3,"[2016-10-26 08:40:00,2016-10-26 09:00:00)",159.01824073205967
A,3,"[2016-10-26 09:00:00,2016-10-26 09:20:00)",171.9151340139482
A,3,"[2016-10-26 09:20:00,2016-10-26 09:40:00)",164.74372897955604
A,3,"[2016-10-26 09:40:00,2016-10-26 10:00:00)",144.914779388657
A,3,"[2016-10-26 17:00:00,2016-10-26 17:20:00)",120.22541603304266
A,3,"[2016-10-26 17:20:00,2016-10-26 17:40:00)",113.99911297054294
A,3,"[2016-10-26 17:40:00,2016-10-26 18:00:00)",115.72287402882398
A,3,"[2016-10-26 18:00:00,2016-10-26 18:20:00)",113.5473622513206
A,3,"[2016-10-26 18:20:00,2016-10-26 18:40:00)",109.69973665406687
A,3,"[2016-10-26 18:40:00,2016-10-26 19:00:00)",110.78527391982612
A,3,"[2016-10-27 08:00:00,2016-10-27 08:20:00)",169.91422659795202
A,3,"[2016-10-27 08:20:00,2016-10-27 08:40:00)",140.86895444778196
A,3,"[2016-10-27 08:40:00,2016-10-27 09:00:00)",162.58343524755668
A,3,"[2016-10-27 09:00:00,2016-10-27 09:20:00)",165.1985982220193
A,3,"[2016-10-27 09:20:00,2016-10-27 09:40:00)",174.91356989661148
A,3,"[2016-10-27 09:40:00,2016-10-27 10:00:00)",138.93047839375672
A,3,"[2016-10-27 17:00:00,2016-10-27 17:20:00)",119.14868725283957
A,3,"[2016-10-27 17:20:00,2016-10-27 17:40:00)",116.12518612445558
A,3,"[2016-10-27 17:40:00,2016-10-27 18:00:00)",116.31534718273662
A,3,"[2016-10-27 18:00:00,2016-10-27 18:20:00)",118.35170487544808
A,3,"[2016-10-27 18:20:00,2016-10-27 18:40:00)",112.4618214901084
A,3,"[2016-10-27 18:40:00,2016-10-27 19:00:00)",111.4415486972739
A,3,"[2016-10-28 08:00:00,2016-10-28 08:20:00)",166.04972814321422
A,3,"[2016-10-28 08:20:00,2016-10-28 08:40:00)",146.61215404444602
A,3,"[2016-10-28 08:40:00,2016-10-28 09:00:00)",161.96341315206936
A,3,"[2016-10-28 09:00:00,2016-10-28 09:20:00)",161.9695443517041
A,3,"[2016-10-28 09:20:00,2016-10-28 09:40:00)",158.75345203703847
A,3,"[2016-10-28 09:40:00,2016-10-28 10:00:00)",136.91232410227101
A,3,"[2016-10-28 17:00:00,2016-10-28 17:20:00)",117.97839222441625
A,3,"[2016-10-28 17:20:00,2016-10-28 17:40:00)",115.84928015804297
A,3,"[2016-10-28 17:40:00,2016-10-28 18:00:00)",111.51224121632399
A,3,"[2016-10-28 18:00:00,2016-10-28 18:20:00)",112.81654582065656
A,3,"[2016-10-28 18:20:00,2016-10-28 18:40:00)",110.98528926637155
A,3,"[2016-10-28 18:40:00,2016-10-28 19:00:00)",122.10645559707223
A,3,"[2016-10-29 08:00:00,2016-10-29 08:20:00)",142.8789950415013
A,3,"[2016-10-29 08:20:00,2016-10-29 08:40:00)",133.44400747765852
A,3,"[2016-10-29 08:40:00,2016-10-29 09:00:00)",146.22234193484752
A,3,"[2016-10-29 09:00:00,2016-10-29 09:20:00)",147.6753995260838
A,3,"[2016-10-29 09:20:00,2016-10-29 09:40:00)",144.8572686616135
A,3,"[2016-10-29 09:40:00,2016-10-29 10:00:00)",147.1772008308321
A,3,"[2016-10-29 17:00:00,2016-10-29 17:20:00)",116.40271606825928
A,3,"[2016-10-29 17:20:00,2016-10-29 17:40:00)",116.11049940853121
A,3,"[2016-10-29 17:40:00,2016-10-29 18:00:00)",114.66546046681228
A,3,"[2016-10-29 18:00:00,2016-10-29 18:20:00)",112.07714772495342
A,3,"[2016-10-29 18:20:00,2016-10-29 18:40:00)",109.49622923219187
A,3,"[2016-10-29 18:40:00,2016-10-29 19:00:00)",110.3982764100605
A,3,"[2016-10-30 08:00:00,2016-10-30 08:20:00)",121.80277410570389
A,3,"[2016-10-30 08:20:00,2016-10-30 08:40:00)",136.2906164809294
A,3,"[2016-10-30 08:40:00,2016-10-30 09:00:00)",152.90557648240429
A,3,"[2016-10-30 09:00:00,2016-10-30 09:20:00)",156.27796045773647
A,3,"[2016-10-30 09:20:00,2016-10-30 09:40:00)",155.276280716313
A,3,"[2016-10-30 09:40:00,2016-10-30 10:00:00)",152.74857600173053
A,3,"[2016-10-30 17:00:00,2016-10-30 17:20:00)",115.68498599391293
A,3,"[2016-10-30 17:20:00,2016-10-30 17:40:00)",117.06969940853122
A,3,"[2016-10-30 17:40:00,2016-10-30 18:00:00)",111.79426046681229
A,3,"[2016-10-30 18:00:00,2016-10-30 18:20:00)",116.12914772495341
A,3,"[2016-10-30 18:20:00,2016-10-30 18:40:00)",112.79622923219186
A,3,"[2016-10-30 18:40:00,2016-10-30 19:00:00)",109.60387641006051
A,3,"[2016-10-31 08:00:00,2016-10-31 08:20:00)",137.78247321804062
A,3,"[2016-10-31 08:20:00,2016-10-31 08:40:00)",154.3418008004124
A,3,"[2016-10-31 08:40:00,2016-10-31 09:00:00)",167.5031093274564
A,3,"[2016-10-31 09:00:00,2016-10-31 09:20:00)",179.41805262199247
A,3,"[2016-10-31 09:20:00,2016-10-31 09:40:00)",169.09830857392834
A,3,"[2016-10-31 09:40:00,2016-10-31 10:00:00)",137.1840519327125
A,3,"[2016-10-31 17:00:00,2016-10-31 17:20:00)",112.30944961481921
A,3,"[2016-10-31 17:20:00,2016-10-31 17:40:00)",115.82253600114191
A,3,"[2016-10-31 17:40:00,2016-10-31 18:00:00)",112.99349705942296
A,3,"[2016-10-31 18:00:00,2016-10-31 18:20:00)",114.73053476922425
A,3,"[2016-10-31 18:20:00,2016-10-31 18:40:00)",109.9685752201476
A,3,"[2016-10-31 18:40:00,2016-10-31 19:00:00)",115.2694764100605
B,1,"[2016-10-25 08:00:00,2016-10-25 08:20:00)",111.20034291840494
B,1,"[2016-10-25 08:20:00,2016-10-25 08:40:00)",133.06226306702786
B,1,"[2016-10-25 08:40:00,2016-10-25 09:00:00)",116.1234276330731
B,1,"[2016-10-25 09:00:00,2016-10-25 09:20:00)",128.8744534543076
B,1,"[2016-10-25 09:20:00,2016-10-25 09:40:00)",126.62757155852893
B,1,"[2016-10-25 09:40:00,2016-10-25 10:00:00)",118.76892690489663
B,1,"[2016-10-25 17:00:00,2016-10-25 17:20:00)",124.9200411715235
B,1,"[2016-10-25 17:20:00,2016-10-25 17:40:00)",122.96542208852964
B,1,"[2016-10-25 17:40:00,2016-10-25 18:00:00)",133.70411837759215
B,1,"[2016-10-25 18:00:00,2016-10-25 18:20:00)",132.83159453328662
B,1,"[2016-10-25 18:20:00,2016-10-25 18:40:00)",122.71961178583331
B,1,"[2016-10-25 18:40:00,2016-10-25 19:00:00)",132.9819881638773
B,1,"[2016-10-26 08:00:00,2016-10-26 08:20:00)",107.87958126533161
B,1,"[2016-10-26 08:20:00,2016-10-26 08:40:00)",115.96098677501998
B,1,"[2016-10-26 08:40:00,2016-10-26 09:00:00)",118.89041199780351
B,1,"[2016-10-26 09:00:00,2016-10-26 09:20:00)",116.13300943575288
B,1,"[2016-10-26 09:20:00,2016-10-26 09:40:00)",119.02356447428474
B,1,"[2016-10-26 09:40:00,2016-10-26 10:00:00)",123.74367057748834
B,1,"[2016-10-26 17:00:00,2016-10-26 17:20:00)",137.9453445069541
B,1,"[2016-10-26 17:20:00,2016-10-26 17:40:00)",120.44610760091359
B,1,"[2016-10-26 17:40:00,2016-10-26 18:00:00)",123.6086090901714
B,1,"[2016-10-26 18:00:00,2016-10-26 18:20:00)",126.97239180307773
B,1,"[2016-10-26 18:20:00,2016-10-26 18:40:00)",123.76470832320248
B,1,"[2016-10-26 18:40:00,2016-10-26 19:00:00)",127.01123586895544
B,1,"[2016-10-27 08:00:00,2016-10-27 08:20:00)",113.96040697805606
B,1,"[2016-10-27 08:20:00,2016-10-27 08:40:00)",123.75956543102583
B,1,"[2016-10-27 08:40:00,2016-10-27 09:00:00)",113.29968228588945
B,1,"[2016-10-27 09:00:00,2016-10-27 09:20:00)",115.89810784883883
B,1,"[2016-10-27 09:20:00,2016-10-27 09:40:00)",115.18390397623784
B,1,"[2016-10-27 09:40:00,2016-10-27 10:00:00)",125.33165932260553
B,1,"[2016-10-27 17:00:00,2016-10-27 17:20:00)",118.07161368588817
B,1,"[2016-10-27 17:20:00,2016-10-27 17:40:00)",131.45892648519094
B,1,"[2016-10-27 17:40:00,2016-10-27 18:00:00)",128.29371891683155
B,1,"[2016-10-27 18:00:00,2016-10-27 18:20:00)",117.92394546712453
B,1,"[2016-10-27 18:20:00,2016-10-27 18:40:00)",128.5280493163509
B,1,"[2016-10-27 18:40:00,2016-10-27 19:00:00)",124.2612896836527
B,1,"[2016-10-28 08:00:00,2016-10-28 08:20:00)",123.28939467947207
B,1,"[2016-10-28 08:20:00,2016-10-28 08:40:00)",126.49675488085796
B,1,"[2016-10-28 08:40:00,2016-10-28 09:00:00)",126.22496599231339
B,1,"[2016-10-28 09:00:00,2016-10-28 09:20:00)",122.97139846992636
B,1,"[2016-10-28 09:20:00,2016-10-28 09:40:00)",118.04343699906804
B,1,"[2016-10-28 09:40:00,2016-10-28 10:00:00)",117.85323978751057
B,1,"[2016-10-28 17:00:00,2016-10-28 17:20:00)",137.3328598630093
B,1,"[2016-10-28 17:20:00,2016-10-28 17:40:00)",134.47869861463107
B,1,"[2016-10-28 17:40:00,2016-10-28 18:00:00)",130.04976529553926
B,1,"[2016-10-28 18:00:00,2016-10-28 18:20:00)",138.27016096814668
B,1,"[2016-10-28 18:20:00,2016-10-28 18:40:00)",139.55016955370115
B,1,"[2016-10-28 18:40:00,2016-10-28 19:00:00)",148.3050705167061
B,1,"[2016-10-29 08:00:00,2016-10-29 08:20:00)",116.1696521212724
B,1,"[2016-10-29 08:20:00,2016-10-29 08:40:00)",121.61595488085797
B,1,"[2016-10-29 08:40:00,2016-10-29 09:00:00)",117.36530484702268
B,1,"[2016-10-29 09:00:00,2016-10-29 09:20:00)",121.42641402778767
B,1,"[2016-10-29 09:20:00,2016-10-29 09:40:00)",122.45808471024966
B,1,"[2016-10-29 09:40:00,2016-10-29 10:00:00)",123.97895849478599
B,1,"[2016-10-29 17:00:00,2016-10-29 17:20:00)",127.53751106438924
B,1,"[2016-10-29 17:20:00,2016-10-29 17:40:00)",123.58364650651697
B,1,"[2016-10-29 17:40:00,2016-10-29 18:00:00)",135.7435941444564
B,1,"[2016-10-29 18:00:00,2016-10-29 18:20:00)",127.68552550431971
B,1,"[2016-10-29 18:20:00,2016-10-29 18:40:00)",128.47853244192495
B,1,"[2016-10-29 18:40:00,2016-10-29 19:00:00)",122.52713575191635
B,1,"[2016-10-30 08:00:00,2016-10-30 08:20:00)",128.04058092769762
B,1,"[2016-10-30 08:20:00,2016-10-30 08:40:00)",131.44637333949785
B,1,"[2016-10-30 08:40:00,2016-10-30 09:00:00)",126.19201216042819
B,1,"[2016-10-30 09:00:00,2016-10-30 09:20:00)",123.92532039071438
B,1,"[2016-10-30 09:20:00,2016-10-30 09:40:00)",123.95653783269223
B,1,"[2016-10-30 09:40:00,2016-10-30 10:00:00)",127.85651868509962
B,1,"[2016-10-30 17:00:00,2016-10-30 17:20:00)",130.61051571718528
B,1,"[2016-10-30 17:20:00,2016-10-30 17:40:00)",129.75037709262756
B,1,"[2016-10-30 17:40:00,2016-10-30 18:00:00)",139.85748682163148
B,1,"[2016-10-30 18:00:00,2016-10-30 18:20:00)",126.83452749545961
B,1,"[2016-10-30 18:20:00,2016-10-30 18:40:00)",129.09571102608243
B,1,"[2016-10-30 18:40:00,2016-10-30 19:00:00)",137.32142281385703
B,1,"[2016-10-31 08:00:00,2016-10-31 08:20:00)",120.43189772372801
B,1,"[2016-10-31 08:20:00,2016-10-31 08:40:00)",127.82942915195224
B,1,"[2016-10-31 08:40:00,2016-10-31 09:00:00)",123.17597122809092
B,1,"[2016-10-31 09:00:00,2016-10-31 09:20:00)",121.83321325813469
B,1,"[2016-10-31 09:20:00,2016-10-31 09:40:00)",121.2098443368784
B,1,"[2016-10-31 09:40:00,2016-10-31 10:00:00)",127.28303027961783
B,1,"[2016-10-31 17:00:00,2016-10-31 17:20:00)",117.13843464309134
B,1,"[2016-10-31 17:20:00,2016-10-31 17:40:00)",122.92156902578449
B,1,"[2016-10-31 17:40:00,2016-10-31 18:00:00)",130.90416201284503
B,1,"[2016-10-31 18:00:00,2016-10-31 18:20:00)",125.64748087057676
B,1,"[2016-10-31 18:20:00,2016-10-31 18:40:00)",131.4509100249789
B,1,"[2016-10-31 18:40:00,2016-10-31 19:00:00)",130.00175065796833
B,3,"[2016-10-25 08:00:00,2016-10-25 08:20:00)",107.51591860961915
B,3,"[2016-10-25 08:20:00,2016-10-25 08:40:00)",100.47395700073241
B,3,"[2016-10-25 08:40:00,2016-10-25 09:00:00)",106.71083297729493
B,3,"[2016-10-25 09:00:00,2016-10-25 09:20:00)",110.19020547485351
B,3,"[2016-10-25 09:20:00,2016-10-25 09:40:00)",117.31025903320312
B,3,"[2016-10-25 09:40:00,2016-10-25 10:00:00)",104.44923056030274
B,3,"[2016-10-25 17:00:00,2016-10-25 17:20:00)",93.55055877685548
B,3,"[2016-10-25 17:20:00,2016-10-25 17:40:00)",102.0462783203125
B,3,"[2016-10-25 17:40:00,2016-10-25 18:00:00)",98.25141107177734
B,3,"[2016-10-25 18:00:00,2016-10-25 18:20:00)",105.3520315246582
B,3,"[2016-10-25 18:20:00,2016-10-25 18:40:00)",93.37693215942383
B,3,"[2016-10-25 18:40:00,2016-10-25 19:00:00)",103.69466250610353
B,3,"[2016-10-26 08:00:00,2016-10-26 08:20:00)",101.93641845703125
B,3,"[2016-10-26 08:20:00,2016-10-26 08:40:00)",120.85943347167968
B,3,"[2016-10-26 08:40:00,2016-10-26 09:00:00)",119.83279077148438
B,3,"[2016-10-26 09:00:00,2016-10-26 09:20:00)",110.2718141784668
B,3,"[2016-10-26 09:20:00,2016-10-26 09:40:00)",119.73490774536133
B,3,"[2016-10-26 09:40:00,2016-10-26 10:00:00)",114.43202026367189
B,3,"[2016-10-26 17:00:00,2016-10-26 17:20:00)",104.24962258911133
B,3,"[2016-10-26 17:20:00,2016-10-26 17:40:00)",104.73519183349609
B,3,"[2016-10-26 17:40:00,2016-10-26 18:00:00)",106.7103070678711
B,3,"[2016-10-26 18:00:00,2016-10-26 18:20:00)",117.17470861816405
B,3,"[2016-10-26 18:20:00,2016-10-26 18:40:00)",97.60047033691407
B,3,"[2016-10-26 18:40:00,2016-10-26 19:00:00)",99.73349371337889
B,3,"[2016-10-27 08:00:00,2016-10-27 08:20:00)",101.12991284179688
B,3,"[2016-10-27 08:20:00,2016-10-27 08:40:00)",100.6038742980957
B,3,"[2016-10-27 08:40:00,2016-10-27 09:00:00)",111.3487502746582
B,3,"[2016-10-27 09:00:00,2016-10-27 09:20:00)",111.96948965454101
B,3,"[2016-10-27 09:20:00,2016-10-27 09:40:00)",103.44752932739257
B,3,"[2016-10-27 09:40:00,2016-10-27 10:00:00)",107.81957778930663
B,3,"[2016-10-27 17:00:00,2016-10-27 17:20:00)",99.75363223266602
B,3,"[2016-10-27 17:20:00,2016-10-27 17:40:00)",108.58420147705078
B,3,"[2016-10-27 17:40:00,2016-10-27 18:00:00)",104.51720147705079
B,3,"[2016-10-27 18:00:00,2016-10-27 18:20:00)",106.39305441284179
B,3,"[2016-10-27 18:20:00,2016-10-27 18:40:00)",99.39908078002931
B,3,"[2016-10-27 18:40:00,2016-10-27 19:00:00)",114.76715322875975
B,3,"[2016-10-28 08:00:00,2016-10-28 08:20:00)",94.79247695922851
B,3,"[2016-10-28 08:20:00,2016-10-28 08:40:00)",106.63644387817382
B,3,"[2016-10-28 08:40:00,2016-10-28 09:00:00)",102.0313913269043
B,3,"[2016-10-28 09:00:00,2016-10-28 09:20:00)",105.74504797363281
B,3,"[2016-10-28 09:20:00,2016-10-28 09:40:00)",107.9940479736328
B,3,"[2016-10-28 09:40:00,2016-10-28 10:00:00)",100.69609643554688
B,3,"[2016-10-28 17:00:00,2016-10-28 17:20:00)",107.43157562255861
B,3,"[2016-10-28 17:20:00,2016-10-28 17:40:00)",105.23514486694336
B,3,"[2016-10-28 17:40:00,2016-10-28 18:00:00)",121.58672888183594
B,3,"[2016-10-28 18:00:00,2016-10-28 18:20:00)",111.94940502929688
B,3,"[2016-10-28 18:20:00,2016-10-28 18:40:00)",108.92791983032225
B,3,"[2016-10-28 18:40:00,2016-10-28 19:00:00)",110.3005807800293
B,3,"[2016-10-29 08:00:00,2016-10-29 08:20:00)",97.96807104492189
B,3,"[2016-10-29 08:20:00,2016-10-29 08:40:00)",95.0632339477539
B,3,"[2016-10-29 08:40:00,2016-10-29 09:00:00)",95.92836135864258
B,3,"[2016-10-29 09:00:00,2016-10-29 09:20:00)",98.64543948364258
B,3,"[2016-10-29 09:20:00,2016-10-29 09:40:00)",101.7900460510254
B,3,"[2016-10-29 09:40:00,2016-10-29 10:00:00)",97.84009451293946
B,3,"[2016-10-29 17:00:00,2016-10-29 17:20:00)",105.07620132446289
B,3,"[2016-10-29 17:20:00,2016-10-29 17:40:00)",104.25032904052733
B,3,"[2016-10-29 17:40:00,2016-10-29 18:00:00)",101.26532904052735
B,3,"[2016-10-29 18:00:00,2016-10-29 18:20:00)",100.5080337524414
B,3,"[2016-10-29 18:20:00,2016-10-29 18:40:00)",86.307243560791
B,3,"[2016-10-29 18:40:00,2016-10-29 19:00:00)",103.89645748901367
B,3,"[2016-10-30 08:00:00,2016-10-30 08:20:00)",95.0367820739746
B,3,"[2016-10-30 08:20:00,2016-10-30 08:40:00)",97.39426071166992
B,3,"[2016-10-30 08:40:00,2016-10-30 09:00:00)",95.35220816040038
B,3,"[2016-10-30 09:00:00,2016-10-30 09:20:00)",100.33379699707032
B,3,"[2016-10-30 09:20:00,2016-10-30 09:40:00)",102.44140356445311
B,3,"[2016-10-30 09:40:00,2016-10-30 10:00:00)",91.20445202636719
B,3,"[2016-10-30 17:00:00,2016-10-30 17:20:00)",90.93505126953126
B,3,"[2016-10-30 17:20:00,2016-10-30 17:40:00)",97.55892791748047
B,3,"[2016-10-30 17:40:00,2016-10-30 18:00:00)",100.68915560913086
B,3,"[2016-10-30 18:00:00,2016-10-30 18:20:00)",101.96179394531251
B,3,"[2016-10-30 18:20:00,2016-10-30 18:40:00)",107.0145029296875
B,3,"[2016-10-30 18:40:00,2016-10-30 19:00:00)",102.80147955322266
B,3,"[2016-10-31 08:00:00,2016-10-31 08:20:00)",103.50437970479331
B,3,"[2016-10-31 08:20:00,2016-10-31 08:40:00)",105.5472004699707
B,3,"[2016-10-31 08:40:00,2016-10-31 09:00:00)",106.3675764465332
B,3,"[2016-10-31 09:00:00,2016-10-31 09:20:00)",113.77379114786785
B,3,"[2016-10-31 09:20:00,2016-10-31 09:40:00)",113.54743443806967
B,3,"[2016-10-31 09:40:00,2016-10-31 10:00:00)",107.84973358154295
B,3,"[2016-10-31 17:00:00,2016-10-31 17:20:00)",98.24671821594237
B,3,"[2016-10-31 17:20:00,2016-10-31 17:40:00)",102.78685755411783
B,3,"[2016-10-31 17:40:00,2016-10-31 18:00:00)",103.18269088745117
B,3,"[2016-10-31 18:00:00,2016-10-31 18:20:00)",111.15752311706544
B,3,"[2016-10-31 18:20:00,2016-10-31 18:40:00)",97.48838302612305
B,3,"[2016-10-31 18:40:00,2016-10-31 19:00:00)",99.1363237508138
C,1,"[2016-10-25 08:00:00,2016-10-25 08:20:00)",164.29874442545574
C,1,"[2016-10-25 08:20:00,2016-10-25 08:40:00)",161.9999217936198
C,1,"[2016-10-25 08:40:00,2016-10-25 09:00:00)",162.12566971842446
C,1,"[2016-10-25 09:00:00,2016-10-25 09:20:00)",164.44068208821614
C,1,"[2016-10-25 09:20:00,2016-10-25 09:40:00)",169.6612519124349
C,1,"[2016-10-25 09:40:00,2016-10-25 10:00:00)",172.26877510579425
C,1,"[2016-10-25 17:00:00,2016-10-25 17:20:00)",181.19836466471352
C,1,"[2016-10-25 17:20:00,2016-10-25 17:40:00)",193.09925496419268
C,1,"[2016-10-25 17:40:00,2016-10-25 18:00:00)",203.05859228515624
C,1,"[2016-10-25 18:00:00,2016-10-25 18:20:00)",214.2271484781901
C,1,"[2016-10-25 18:20:00,2016-10-25 18:40:00)",242.7900613606771
C,1,"[2016-10-25 18:40:00,2016-10-25 19:00:00)",215.89260795084635
C,1,"[2016-10-26 08:00:00,2016-10-26 08:20:00)",170.77121232096354
C,1,"[2016-10-26 08:20:00,2016-10-26 08:40:00)",166.45425056966144
C,1,"[2016-10-26 08:40:00,2016-10-26 09:00:00)",167.60184114583333
C,1,"[2016-10-26 09:00:00,2016-10-26 09:20:00)",178.94543513997397
C,1,"[2016-10-26 09:20:00,2016-10-26 09:40:00)",174.22778959147138
C,1,"[2016-10-26 09:40:00,2016-10-26 10:00:00)",175.8416777750651
C,1,"[2016-10-26 17:00:00,2016-10-26 17:20:00)",204.44184387207034
C,1,"[2016-10-26 17:20:00,2016-10-26 17:40:00)",201.22460034179687
C,1,"[2016-10-26 17:40:00,2016-10-26 18:00:00)",196.34057511393232
C,1,"[2016-10-26 18:00:00,2016-10-26 18:20:00)",210.87620739746092
C,1,"[2016-10-26 18:20:00,2016-10-26 18:40:00)",218.09768513997395
C,1,"[2016-10-26 18:40:00,2016-10-26 19:00:00)",204.57976493326825
C,1,"[2016-10-27 08:00:00,2016-10-27 08:20:00)",167.5760107421875
C,1,"[2016-10-27 08:20:00,2016-10-27 08:40:00)",164.26883959960938
C,1,"[2016-10-27 08:40:00,2016-10-27 09:00:00)",171.65442252604169
C,1,"[2016-10-27 09:00:00,2016-10-27 09:20:00)",166.23285416666667
C,1,"[2016-10-27 09:20:00,2016-10-27 09:40:00)",171.46942069498698
C,1,"[2016-10-27 09:40:00,2016-10-27 10:00:00)",174.09137247721353
C,1,"[2016-10-27 17:00:00,2016-10-27 17:20:00)",187.31901806640624
C,1,"[2016-10-27 17:20:00,2016-10-27 17:40:00)",207.61810009765625
C,1,"[2016-10-27 17:40:00,2016-10-27 18:00:00)",192.92811954752605
C,1,"[2016-10-27 18:00:00,2016-10-27 18:20:00)",191.29972737630206
C,1,"[2016-10-27 18:20:00,2016-10-27 18:40:00)",217.01511665852865
C,1,"[2016-10-27 18:40:00,2016-10-27 19:00:00)",213.589462890625
C,1,"[2016-10-28 08:00:00,2016-10-28 08:20:00)",162.14600500488282
C,1,"[2016-10-28 08:20:00,2016-10-28 08:40:00)",163.10027860514325
C,1,"[2016-10-28 08:40:00,2016-10-28 09:00:00)",159.62951900227864
C,1,"[2016-10-28 09:00:00,2016-10-28 09:20:00)",165.0458739827474
C,1,"[2016-10-28 09:20:00,2016-10-28 09:40:00)",169.0792912190755
C,1,"[2016-10-28 09:40:00,2016-10-28 10:00:00)",177.76416381835938
C,1,"[2016-10-28 17:00:00,2016-10-28 17:20:00)",215.17234138997392
C,1,"[2016-10-28 17:20:00,2016-10-28 17:40:00)",217.50086759440103
C,1,"[2016-10-28 17:40:00,2016-10-28 18:00:00)",213.66566971842448
C,1,"[2016-10-28 18:00:00,2016-10-28 18:20:00)",205.3705115152995
C,1,"[2016-10-28 18:20:00,2016-10-28 18:40:00)",241.48629056803384
C,1,"[2016-10-28 18:40:00,2016-10-28 19:00:00)",216.24524043782552
C,1,"[2016-10-29 08:00:00,2016-10-29 08:20:00)",164.29068143717447
C,1,"[2016-10-29 08:20:00,2016-10-29 08:40:00)",165.54370633951825
C,1,"[2016-10-29 08:40:00,2016-10-29 09:00:00)",175.3011534016927
C,1,"[2016-10-29 09:00:00,2016-10-29 09:20:00)",169.44065340169274
C,1,"[2016-10-29 09:20:00,2016-10-29 09:40:00)",181.6210537109375
C,1,"[2016-10-29 09:40:00,2016-10-29 10:00:00)",177.79343339029947
C,1,"[2016-10-29 17:00:00,2016-10-29 17:20:00)",215.69771040852865
C,1,"[2016-10-29 17:20:00,2016-10-29 17:40:00)",219.35768981933595
C,1,"[2016-10-29 17:40:00,2016-10-29 18:00:00)",196.60720324707032
C,1,"[2016-10-29 18:00:00,2016-10-29 18:20:00)",197.83230297851568
C,1,"[2016-10-29 18:20:00,2016-10-29 18:40:00)",212.86675634765626
C,1,"[2016-10-29 18:40:00,2016-10-29 19:00:00)",207.47572265624999
C,1,"[2016-10-30 08:00:00,2016-10-30 08:20:00)",157.71363907877603
C,1,"[2016-10-30 08:20:00,2016-10-30 08:40:00)",168.56016625976565
C,1,"[2016-10-30 08:40:00,2016-10-30 09:00:00)",166.75690934244793
C,1,"[2016-10-30 09:00:00,2016-10-30 09:20:00)",167.13706477864582
C,1,"[2016-10-30 09:20:00,2016-10-30 09:40:00)",167.34652872721352
C,1,"[2016-10-30 09:40:00,2016-10-30 10:00:00)",174.61811600748698
C,1,"[2016-10-30 17:00:00,2016-10-30 17:20:00)",192.06202136230468
C,1,"[2016-10-30 17:20:00,2016-10-30 17:40:00)",197.52224007161456
C,1,"[2016-10-30 17:40:00,2016-10-30 18:00:00)",198.14007307942708
C,1,"[2016-10-30 18:00:00,2016-10-30 18:20:00)",204.59698701985678
C,1,"[2016-10-30 18:20:00,2016-10-30 18:40:00)",229.56498588053387
C,1,"[2016-10-30 18:40:00,2016-10-30 19:00:00)",205.37391215006514
C,1,"[2016-10-31 08:00:00,2016-10-31 08:20:00)",166.52220933702256
C,1,"[2016-10-31 08:20:00,2016-10-31 08:40:00)",159.3312435913086
C,1,"[2016-10-31 08:40:00,2016-10-31 09:00:00)",164.7392857530382
C,1,"[2016-10-31 09:00:00,2016-10-31 09:20:00)",167.0279274834527
C,1,"[2016-10-31 09:20:00,2016-10-31 09:40:00)",159.5686385091146
C,1,"[2016-10-31 09:40:00,2016-10-31 10:00:00)",168.60128255208335
C,1,"[2016-10-31 17:00:00,2016-10-31 17:20:00)",171.1620448811849
C,1,"[2016-10-31 17:20:00,2016-10-31 17:40:00)",185.03646477593315
C,1,"[2016-10-31 17:40:00,2016-10-31 18:00:00)",194.03376861572266
C,1,"[2016-10-31 18:00:00,2016-10-31 18:20:00)",197.2435821194119
C,1,"[2016-10-31 18:20:00,2016-10-31 18:40:00)",214.22585103352864
C,1,"[2016-10-31 18:40:00,2016-10-31 19:00:00)",189.6073425632053
C,3,"[2016-10-25 08:00:00,2016-10-25 08:20:00)",191.89013318742943
C,3,"[2016-10-25 08:20:00,2016-10-25 08:40:00)",181.70974828349267
C,3,"[2016-10-25 08:40:00,2016-10-25 09:00:00)",175.70858337227077
C,3,"[2016-10-25 09:00:00,2016-10-25 09:20:00)",175.88579578076468
C,3,"[2016-10-25 09:20:00,2016-10-25 09:40:00)",183.90599340659207
C,3,"[2016-10-25 09:40:00,2016-10-25 10:00:00)",192.03641661837023
C,3,"[2016-10-25 17:00:00,2016-10-25 17:20:00)",189.26804682663806
C,3,"[2016-10-25 17:20:00,2016-10-25 17:40:00)",193.57852333615057
C,3,"[2016-10-25 17:40:00,2016-10-25 18:00:00)",196.7391353828796
C,3,"[2016-10-25 18:00:00,2016-10-25 18:20:00)",190.0745760027758
C,3,"[2016-10-25 18:20:00,2016-10-25 18:40:00)",194.12714821336021
C,3,"[2016-10-25 18:40:00,2016-10-25 19:00:00)",200.35392772101739
C,3,"[2016-10-26 08:00:00,2016-10-26 08:20:00)",173.88732171090365
C,3,"[2016-10-26 08:20:00,2016-10-26 08:40:00)",181.34120859016147
C,3,"[2016-10-26 08:40:00,2016-10-26 09:00:00)",182.7244603415372
C,3,"[2016-10-26 09:00:00,2016-10-26 09:20:00)",196.99131588261662
C,3,"[2016-10-26 09:20:00,2016-10-26 09:40:00)",190.79596449647164
C,3,"[2016-10-26 09:40:00,2016-10-26 10:00:00)",200.5239942932497
C,3,"[2016-10-26 17:00:00,2016-10-26 17:20:00)",188.61046502744398
C,3,"[2016-10-26 17:20:00,2016-10-26 17:40:00)",196.86676270691845
C,3,"[2016-10-26 17:40:00,2016-10-26 18:00:00)",199.72582723801696
C,3,"[2016-10-26 18:00:00,2016-10-26 18:20:00)",213.85925656846706
C,3,"[2016-10-26 18:20:00,2016-10-26 18:40:00)",194.4924686430368
C,3,"[2016-10-26 18:40:00,2016-10-26 19:00:00)",198.77113493634533
C,3,"[2016-10-27 08:00:00,2016-10-27 08:20:00)",189.49833907975892
C,3,"[2016-10-27 08:20:00,2016-10-27 08:40:00)",173.32843755208353
C,3,"[2016-10-27 08:40:00,2016-10-27 09:00:00)",178.62854358812723
C,3,"[2016-10-27 09:00:00,2016-10-27 09:20:00)",184.84801629284675
C,3,"[2016-10-27 09:20:00,2016-10-27 09:40:00)",185.8606092549558
C,3,"[2016-10-27 09:40:00,2016-10-27 10:00:00)",194.49980314662633
C,3,"[2016-10-27 17:00:00,2016-10-27 17:20:00)",186.30825303661572
C,3,"[2016-10-27 17:20:00,2016-10-27 17:40:00)",194.56639484260438
C,3,"[2016-10-27 17:40:00,2016-10-27 18:00:00)",197.64073031786847
C,3,"[2016-10-27 18:00:00,2016-10-27 18:20:00)",191.31716184526175
C,3,"[2016-10-27 18:20:00,2016-10-27 18:40:00)",202.84259727711952
C,3,"[2016-10-27 18:40:00,2016-10-27 19:00:00)",194.86052659533033
C,3,"[2016-10-28 08:00:00,2016-10-28 08:20:00)",190.10604031503254
C,3,"[2016-10-28 08:20:00,2016-10-28 08:40:00)",171.19062021390837
C,3,"[2016-10-28 08:40:00,2016-10-28 09:00:00)",177.15706880521793
C,3,"[2016-10-28 09:00:00,2016-10-28 09:20:00)",175.43680913208743
C,3,"[2016-10-28 09:20:00,2016-10-28 09:40:00)",183.93803865088546
C,3,"[2016-10-28 09:40:00,2016-10-28 10:00:00)",185.2686768637654
C,3,"[2016-10-28 17:00:00,2016-10-28 17:20:00)",190.0729280284431
C,3,"[2016-10-28 17:20:00,2016-10-28 17:40:00)",200.37058415544988
C,3,"[2016-10-28 17:40:00,2016-10-28 18:00:00)",221.83177650328003
C,3,"[2016-10-28 18:00:00,2016-10-28 18:20:00)",206.0630149203709
C,3,"[2016-10-28 18:20:00,2016-10-28 18:40:00)",209.23092494746408
C,3,"[2016-10-28 18:40:00,2016-10-28 19:00:00)",209.3234793582634
C,3,"[2016-10-29 08:00:00,2016-10-29 08:20:00)",187.7022690508455
C,3,"[2016-10-29 08:20:00,2016-10-29 08:40:00)",171.3483917501924
C,3,"[2016-10-29 08:40:00,2016-10-29 09:00:00)",168.41617239716606
C,3,"[2016-10-29 09:00:00,2016-10-29 09:20:00)",176.7727294937623
C,3,"[2016-10-29 09:20:00,2016-10-29 09:40:00)",184.36630716929864
C,3,"[2016-10-29 09:40:00,2016-10-29 10:00:00)",185.88335447777519
C,3,"[2016-10-29 17:00:00,2016-10-29 17:20:00)",183.7373846420888
C,3,"[2016-10-29 17:20:00,2016-10-29 17:40:00)",196.1264865033466
C,3,"[2016-10-29 17:40:00,2016-10-29 18:00:00)",197.01233234443086
C,3,"[2016-10-29 18:00:00,2016-10-29 18:20:00)",193.8988504319364
C,3,"[2016-10-29 18:20:00,2016-10-29 18:40:00)",202.54589766442808
C,3,"[2016-10-29 18:40:00,2016-10-29 19:00:00)",204.12680688783115
C,3,"[2016-10-30 08:00:00,2016-10-30 08:20:00)",165.59954772717043
C,3,"[2016-10-30 08:20:00,2016-10-30 08:40:00)",168.93065001912402
C,3,"[2016-10-30 08:40:00,2016-10-30 09:00:00)",167.47257393887259
C,3,"[2016-10-30 09:00:00,2016-10-30 09:20:00)",173.8221277520418
C,3,"[2016-10-30 09:20:00,2016-10-30 09:40:00)",181.8231740921289
C,3,"[2016-10-30 09:40:00,2016-10-30 10:00:00)",187.70293194863683
C,3,"[2016-10-30 17:00:00,2016-10-30 17:20:00)",197.79179188320148
C,3,"[2016-10-30 17:20:00,2016-10-30 17:40:00)",195.7629197615624
C,3,"[2016-10-30 17:40:00,2016-10-30 18:00:00)",206.99994769493185
C,3,"[2016-10-30 18:00:00,2016-10-30 18:20:00)",200.3422121716335
C,3,"[2016-10-30 18:20:00,2016-10-30 18:40:00)",201.36510711668086
C,3,"[2016-10-30 18:40:00,2016-10-30 19:00:00)",195.59300706274018
C,3,"[2016-10-31 08:00:00,2016-10-31 08:20:00)",181.52904757283142
C,3,"[2016-10-31 08:20:00,2016-10-31 08:40:00)",172.75833342226298
C,3,"[2016-10-31 08:40:00,2016-10-31 09:00:00)",173.76399954897292
C,3,"[2016-10-31 09:00:00,2016-10-31 09:20:00)",181.08070902564793
C,3,"[2016-10-31 09:20:00,2016-10-31 09:40:00)",191.4535993537721
C,3,"[2016-10-31 09:40:00,2016-10-31 10:00:00)",188.38758423091394
C,3,"[2016-10-31 17:00:00,2016-10-31 17:20:00)",196.56503683284774
C,3,"[2016-10-31 17:20:00,2016-10-31 17:40:00)",187.51880530102176
C,3,"[2016-10-31 17:40:00,2016-10-31 18:00:00)",191.06537965136306
C,3,"[2016-10-31 18:00:00,2016-10-31 18:20:00)",195.6974965795359
C,3,"[2016-10-31 18:20:00,2016-10-31 18:40:00)",191.57262971037085
C,3,"[2016-10-31 18:40:00,2016-10-31 19:00:00)",190.0271300225652
