tollgate_id,time_window,direction,volume
1,"[2016-10-25 08:00:00,2016-10-25 08:20:00)",0,41.691551208496094
1,"[2016-10-25 08:20:00,2016-10-25 08:40:00)",0,43.1074104309082
1,"[2016-10-25 08:40:00,2016-10-25 09:00:00)",0,42.82059860229492
1,"[2016-10-25 09:00:00,2016-10-25 09:20:00)",0,41.57473373413086
1,"[2016-10-25 09:20:00,2016-10-25 09:40:00)",0,42.538082122802734
1,"[2016-10-25 09:40:00,2016-10-25 10:00:00)",0,42.50508499145508
1,"[2016-10-25 17:00:00,2016-10-25 17:20:00)",0,41.005550384521484
1,"[2016-10-25 17:20:00,2016-10-25 17:40:00)",0,37.546607971191406
1,"[2016-10-25 17:40:00,2016-10-25 18:00:00)",0,35.59436798095703
1,"[2016-10-25 18:00:00,2016-10-25 18:20:00)",0,22.719799041748047
1,"[2016-10-25 18:20:00,2016-10-25 18:40:00)",0,21.201868057250977
1,"[2016-10-25 18:40:00,2016-10-25 19:00:00)",0,20.833099365234375
1,"[2016-10-26 08:00:00,2016-10-26 08:20:00)",0,44.020774841308594
1,"[2016-10-26 08:20:00,2016-10-26 08:40:00)",0,48.48308181762695
1,"[2016-10-26 08:40:00,2016-10-26 09:00:00)",0,48.693485260009766
1,"[2016-10-26 09:00:00,2016-10-26 09:20:00)",0,46.930503845214844
1,"[2016-10-26 09:20:00,2016-10-26 09:40:00)",0,47.596168518066406
1,"[2016-10-26 09:40:00,2016-10-26 10:00:00)",0,50.576961517333984
1,"[2016-10-26 17:00:00,2016-10-26 17:20:00)",0,44.96452331542969
1,"[2016-10-26 17:20:00,2016-10-26 17:40:00)",0,41.955013275146484
1,"[2016-10-26 17:40:00,2016-10-26 18:00:00)",0,32.794273376464844
1,"[2016-10-26 18:00:00,2016-10-26 18:20:00)",0,23.97620391845703
1,"[2016-10-26 18:20:00,2016-10-26 18:40:00)",0,21.978656768798828
1,"[2016-10-26 18:40:00,2016-10-26 19:00:00)",0,21.52520179748535
1,"[2016-10-27 08:00:00,2016-10-27 08:20:00)",0,45.456974029541016
1,"[2016-10-27 08:20:00,2016-10-27 08:40:00)",0,46.19478225708008
1,"[2016-10-27 08:40:00,2016-10-27 09:00:00)",0,46.830379486083984
1,"[2016-10-27 09:00:00,2016-10-27 09:20:00)",0,47.5649299621582
1,"[2016-10-27 09:20:00,2016-10-27 09:40:00)",0,47.52857971191406
1,"[2016-10-27 09:40:00,2016-10-27 10:00:00)",0,47.40899658203125
1,"[2016-10-27 17:00:00,2016-10-27 17:20:00)",0,41.77782440185547
1,"[2016-10-27 17:20:00,2016-10-27 17:40:00)",0,36.05742645263672
1,"[2016-10-27 17:40:00,2016-10-27 18:00:00)",0,37.23455047607422
1,"[2016-10-27 18:00:00,2016-10-27 18:20:00)",0,26.573339462280273
1,"[2016-10-27 18:20:00,2016-10-27 18:40:00)",0,25.062442779541016
1,"[2016-10-27 18:40:00,2016-10-27 19:00:00)",0,24.594165802001953
1,"[2016-10-28 08:00:00,2016-10-28 08:20:00)",0,36.92842102050781
1,"[2016-10-28 08:20:00,2016-10-28 08:40:00)",0,32.05296325683594
1,"[2016-10-28 08:40:00,2016-10-28 09:00:00)",0,37.36912155151367
1,"[2016-10-28 09:00:00,2016-10-28 09:20:00)",0,31.577322006225586
1,"[2016-10-28 09:20:00,2016-10-28 09:40:00)",0,35.54697799682617
1,"[2016-10-28 09:40:00,2016-10-28 10:00:00)",0,35.135345458984375
1,"[2016-10-28 17:00:00,2016-10-28 17:20:00)",0,37.68989944458008
1,"[2016-10-28 17:20:00,2016-10-28 17:40:00)",0,32.05219268798828
1,"[2016-10-28 17:40:00,2016-10-28 18:00:00)",0,30.510374069213867
1,"[2016-10-28 18:00:00,2016-10-28 18:20:00)",0,25.75130271911621
1,"[2016-10-28 18:20:00,2016-10-28 18:40:00)",0,25.05830192565918
1,"[2016-10-28 18:40:00,2016-10-28 19:00:00)",0,26.98117446899414
1,"[2016-10-29 08:00:00,2016-10-29 08:20:00)",0,31.046205520629883
1,"[2016-10-29 08:20:00,2016-10-29 08:40:00)",0,37.57109832763672
1,"[2016-10-29 08:40:00,2016-10-29 09:00:00)",0,37.5041389465332
1,"[2016-10-29 09:00:00,2016-10-29 09:20:00)",0,38.63241958618164
1,"[2016-10-29 09:20:00,2016-10-29 09:40:00)",0,38.36137390136719
1,"[2016-10-29 09:40:00,2016-10-29 10:00:00)",0,37.93824005126953
1,"[2016-10-29 17:00:00,2016-10-29 17:20:00)",0,36.75398254394531
1,"[2016-10-29 17:20:00,2016-10-29 17:40:00)",0,33.23531723022461
1,"[2016-10-29 17:40:00,2016-10-29 18:00:00)",0,31.079072952270508
1,"[2016-10-29 18:00:00,2016-10-29 18:20:00)",0,22.49044418334961
1,"[2016-10-29 18:20:00,2016-10-29 18:40:00)",0,22.167558670043945
1,"[2016-10-29 18:40:00,2016-10-29 19:00:00)",0,21.242712020874023
1,"[2016-10-30 08:00:00,2016-10-30 08:20:00)",0,47.245208740234375
1,"[2016-10-30 08:20:00,2016-10-30 08:40:00)",0,39.185455322265625
1,"[2016-10-30 08:40:00,2016-10-30 09:00:00)",0,40.566471099853516
1,"[2016-10-30 09:00:00,2016-10-30 09:20:00)",0,41.708213806152344
1,"[2016-10-30 09:20:00,2016-10-30 09:40:00)",0,44.049354553222656
1,"[2016-10-30 09:40:00,2016-10-30 10:00:00)",0,43.72606658935547
1,"[2016-10-30 17:00:00,2016-10-30 17:20:00)",0,46.980491638183594
1,"[2016-10-30 17:20:00,2016-10-30 17:40:00)",0,35.13263702392578
1,"[2016-10-30 17:40:00,2016-10-30 18:00:00)",0,32.69702911376953
1,"[2016-10-30 18:00:00,2016-10-30 18:20:00)",0,25.213232040405273
1,"[2016-10-30 18:20:00,2016-10-30 18:40:00)",0,23.588029861450195
1,"[2016-10-30 18:40:00,2016-10-30 19:00:00)",0,21.649578094482422
1,"[2016-10-31 08:00:00,2016-10-31 08:20:00)",0,42.35211181640625
1,"[2016-10-31 08:20:00,2016-10-31 08:40:00)",0,38.94269561767578
1,"[2016-10-31 08:40:00,2016-10-31 09:00:00)",0,38.96502685546875
1,"[2016-10-31 09:00:00,2016-10-31 09:20:00)",0,42.471046447753906
1,"[2016-10-31 09:20:00,2016-10-31 09:40:00)",0,42.77325439453125
1,"[2016-10-31 09:40:00,2016-10-31 10:00:00)",0,42.348323822021484
1,"[2016-10-31 17:00:00,2016-10-31 17:20:00)",0,37.85563659667969
1,"[2016-10-31 17:20:00,2016-10-31 17:40:00)",0,27.131755828857422
1,"[2016-10-31 17:40:00,2016-10-31 18:00:00)",0,20.716899871826172
1,"[2016-10-31 18:00:00,2016-10-31 18:20:00)",0,19.03242301940918
1,"[2016-10-31 18:20:00,2016-10-31 18:40:00)",0,18.119762420654297
1,"[2016-10-31 18:40:00,2016-10-31 19:00:00)",0,17.693193435668945
1,"[2016-10-25 08:00:00,2016-10-25 08:20:00)",1,115.6724624633789
1,"[2016-10-25 08:20:00,2016-10-25 08:40:00)",1,116.77046203613281
1,"[2016-10-25 08:40:00,2016-10-25 09:00:00)",1,108.58201599121094
1,"[2016-10-25 09:00:00,2016-10-25 09:20:00)",1,104.98507690429688
1,"[2016-10-25 09:20:00,2016-10-25 09:40:00)",1,100.66685485839844
1,"[2016-10-25 09:40:00,2016-10-25 10:00:00)",1,112.76083374023438
1,"[2016-10-25 17:00:00,2016-10-25 17:20:00)",1,112.52192687988281
1,"[2016-10-25 17:20:00,2016-10-25 17:40:00)",1,120.35591888427734
1,"[2016-10-25 17:40:00,2016-10-25 18:00:00)",1,119.3999252319336
1,"[2016-10-25 18:00:00,2016-10-25 18:20:00)",1,65.59383392333984
1,"[2016-10-25 18:20:00,2016-10-25 18:40:00)",1,84.27867126464844
1,"[2016-10-25 18:40:00,2016-10-25 19:00:00)",1,69.87574768066406
1,"[2016-10-26 08:00:00,2016-10-26 08:20:00)",1,111.70865631103516
1,"[2016-10-26 08:20:00,2016-10-26 08:40:00)",1,114.63694763183594
1,"[2016-10-26 08:40:00,2016-10-26 09:00:00)",1,110.7793960571289
1,"[2016-10-26 09:00:00,2016-10-26 09:20:00)",1,114.53614807128906
1,"[2016-10-26 09:20:00,2016-10-26 09:40:00)",1,108.22758483886719
1,"[2016-10-26 09:40:00,2016-10-26 10:00:00)",1,111.79292297363281
1,"[2016-10-26 17:00:00,2016-10-26 17:20:00)",1,117.30485534667969
1,"[2016-10-26 17:20:00,2016-10-26 17:40:00)",1,112.13774108886719
1,"[2016-10-26 17:40:00,2016-10-26 18:00:00)",1,129.74618530273438
1,"[2016-10-26 18:00:00,2016-10-26 18:20:00)",1,66.95812225341797
1,"[2016-10-26 18:20:00,2016-10-26 18:40:00)",1,83.58819580078125
1,"[2016-10-26 18:40:00,2016-10-26 19:00:00)",1,73.70050048828125
1,"[2016-10-27 08:00:00,2016-10-27 08:20:00)",1,113.79241943359375
1,"[2016-10-27 08:20:00,2016-10-27 08:40:00)",1,112.50016784667969
1,"[2016-10-27 08:40:00,2016-10-27 09:00:00)",1,114.92378234863281
1,"[2016-10-27 09:00:00,2016-10-27 09:20:00)",1,116.39114379882812
1,"[2016-10-27 09:20:00,2016-10-27 09:40:00)",1,100.84037780761719
1,"[2016-10-27 09:40:00,2016-10-27 10:00:00)",1,113.6485824584961
1,"[2016-10-27 17:00:00,2016-10-27 17:20:00)",1,106.35053253173828
1,"[2016-10-27 17:20:00,2016-10-27 17:40:00)",1,112.4139404296875
1,"[2016-10-27 17:40:00,2016-10-27 18:00:00)",1,117.62113952636719
1,"[2016-10-27 18:00:00,2016-10-27 18:20:00)",1,68.78729248046875
1,"[2016-10-27 18:20:00,2016-10-27 18:40:00)",1,83.10929107666016
1,"[2016-10-27 18:40:00,2016-10-27 19:00:00)",1,74.86853790283203
1,"[2016-10-28 08:00:00,2016-10-28 08:20:00)",1,98.66629028320312
1,"[2016-10-28 08:20:00,2016-10-28 08:40:00)",1,102.4963607788086
1,"[2016-10-28 08:40:00,2016-10-28 09:00:00)",1,105.43767547607422
1,"[2016-10-28 09:00:00,2016-10-28 09:20:00)",1,100.33573913574219
1,"[2016-10-28 09:20:00,2016-10-28 09:40:00)",1,115.3572769165039
1,"[2016-10-28 09:40:00,2016-10-28 10:00:00)",1,120.61859130859375
1,"[2016-10-28 17:00:00,2016-10-28 17:20:00)",1,101.69660949707031
1,"[2016-10-28 17:20:00,2016-10-28 17:40:00)",1,113.70360565185547
1,"[2016-10-28 17:40:00,2016-10-28 18:00:00)",1,122.16148376464844
1,"[2016-10-28 18:00:00,2016-10-28 18:20:00)",1,68.68136596679688
1,"[2016-10-28 18:20:00,2016-10-28 18:40:00)",1,87.21723937988281
1,"[2016-10-28 18:40:00,2016-10-28 19:00:00)",1,81.85295104980469
1,"[2016-10-29 08:00:00,2016-10-29 08:20:00)",1,90.29635620117188
1,"[2016-10-29 08:20:00,2016-10-29 08:40:00)",1,106.89160919189453
1,"[2016-10-29 08:40:00,2016-10-29 09:00:00)",1,121.61595916748047
1,"[2016-10-29 09:00:00,2016-10-29 09:20:00)",1,108.0760726928711
1,"[2016-10-29 09:20:00,2016-10-29 09:40:00)",1,116.57145690917969
1,"[2016-10-29 09:40:00,2016-10-29 10:00:00)",1,109.1691665649414
1,"[2016-10-29 17:00:00,2016-10-29 17:20:00)",1,114.51364135742188
1,"[2016-10-29 17:20:00,2016-10-29 17:40:00)",1,115.78244018554688
1,"[2016-10-29 17:40:00,2016-10-29 18:00:00)",1,113.59803009033203
1,"[2016-10-29 18:00:00,2016-10-29 18:20:00)",1,77.47248840332031
1,"[2016-10-29 18:20:00,2016-10-29 18:40:00)",1,84.15189361572266
1,"[2016-10-29 18:40:00,2016-10-29 19:00:00)",1,67.05012512207031
1,"[2016-10-30 08:00:00,2016-10-30 08:20:00)",1,76.53361511230469
1,"[2016-10-30 08:20:00,2016-10-30 08:40:00)",1,106.76434326171875
1,"[2016-10-30 08:40:00,2016-10-30 09:00:00)",1,105.78710174560547
1,"[2016-10-30 09:00:00,2016-10-30 09:20:00)",1,99.11536407470703
1,"[2016-10-30 09:20:00,2016-10-30 09:40:00)",1,113.61911010742188
1,"[2016-10-30 09:40:00,2016-10-30 10:00:00)",1,103.43050384521484
1,"[2016-10-30 17:00:00,2016-10-30 17:20:00)",1,106.21377563476562
1,"[2016-10-30 17:20:00,2016-10-30 17:40:00)",1,130.0398712158203
1,"[2016-10-30 17:40:00,2016-10-30 18:00:00)",1,127.86294555664062
1,"[2016-10-30 18:00:00,2016-10-30 18:20:00)",1,69.62899017333984
1,"[2016-10-30 18:20:00,2016-10-30 18:40:00)",1,78.96781921386719
1,"[2016-10-30 18:40:00,2016-10-30 19:00:00)",1,62.6683349609375
1,"[2016-10-31 08:00:00,2016-10-31 08:20:00)",1,95.53447723388672
1,"[2016-10-31 08:20:00,2016-10-31 08:40:00)",1,104.23682403564453
1,"[2016-10-31 08:40:00,2016-10-31 09:00:00)",1,108.76715087890625
1,"[2016-10-31 09:00:00,2016-10-31 09:20:00)",1,105.52140808105469
1,"[2016-10-31 09:20:00,2016-10-31 09:40:00)",1,111.07942962646484
1,"[2016-10-31 09:40:00,2016-10-31 10:00:00)",1,116.60133361816406
1,"[2016-10-31 17:00:00,2016-10-31 17:20:00)",1,111.7351303100586
1,"[2016-10-31 17:20:00,2016-10-31 17:40:00)",1,119.21013641357422
1,"[2016-10-31 17:40:00,2016-10-31 18:00:00)",1,109.76575469970703
1,"[2016-10-31 18:00:00,2016-10-31 18:20:00)",1,64.77328491210938
1,"[2016-10-31 18:20:00,2016-10-31 18:40:00)",1,82.37752532958984
1,"[2016-10-31 18:40:00,2016-10-31 19:00:00)",1,75.1390380859375
2,"[2016-10-25 08:00:00,2016-10-25 08:20:00)",0,105.64850616455078
2,"[2016-10-25 08:20:00,2016-10-25 08:40:00)",0,113.70895385742188
2,"[2016-10-25 08:40:00,2016-10-25 09:00:00)",0,109.94790649414062
2,"[2016-10-25 09:00:00,2016-10-25 09:20:00)",0,102.7159194946289
2,"[2016-10-25 09:20:00,2016-10-25 09:40:00)",0,91.22327423095703
2,"[2016-10-25 09:40:00,2016-10-25 10:00:00)",0,80.06623840332031
2,"[2016-10-25 17:00:00,2016-10-25 17:20:00)",0,69.50849914550781
2,"[2016-10-25 17:20:00,2016-10-25 17:40:00)",0,70.58351135253906
2,"[2016-10-25 17:40:00,2016-10-25 18:00:00)",0,66.4131851196289
2,"[2016-10-25 18:00:00,2016-10-25 18:20:00)",0,60.580543518066406
2,"[2016-10-25 18:20:00,2016-10-25 18:40:00)",0,52.416107177734375
2,"[2016-10-25 18:40:00,2016-10-25 19:00:00)",0,50.05405044555664
2,"[2016-10-26 08:00:00,2016-10-26 08:20:00)",0,116.58439636230469
2,"[2016-10-26 08:20:00,2016-10-26 08:40:00)",0,113.47541809082031
2,"[2016-10-26 08:40:00,2016-10-26 09:00:00)",0,107.8602294921875
2,"[2016-10-26 09:00:00,2016-10-26 09:20:00)",0,104.12721252441406
2,"[2016-10-26 09:20:00,2016-10-26 09:40:00)",0,95.35505676269531
2,"[2016-10-26 09:40:00,2016-10-26 10:00:00)",0,84.4339599609375
2,"[2016-10-26 17:00:00,2016-10-26 17:20:00)",0,75.222900390625
2,"[2016-10-26 17:20:00,2016-10-26 17:40:00)",0,70.53941345214844
2,"[2016-10-26 17:40:00,2016-10-26 18:00:00)",0,70.42973327636719
2,"[2016-10-26 18:00:00,2016-10-26 18:20:00)",0,59.74761962890625
2,"[2016-10-26 18:20:00,2016-10-26 18:40:00)",0,52.24253463745117
2,"[2016-10-26 18:40:00,2016-10-26 19:00:00)",0,50.4193115234375
2,"[2016-10-27 08:00:00,2016-10-27 08:20:00)",0,109.70452117919922
2,"[2016-10-27 08:20:00,2016-10-27 08:40:00)",0,105.14147186279297
2,"[2016-10-27 08:40:00,2016-10-27 09:00:00)",0,105.96205139160156
2,"[2016-10-27 09:00:00,2016-10-27 09:20:00)",0,109.43783569335938
2,"[2016-10-27 09:20:00,2016-10-27 09:40:00)",0,102.80601501464844
2,"[2016-10-27 09:40:00,2016-10-27 10:00:00)",0,84.86647033691406
2,"[2016-10-27 17:00:00,2016-10-27 17:20:00)",0,73.7890625
2,"[2016-10-27 17:20:00,2016-10-27 17:40:00)",0,69.10557556152344
2,"[2016-10-27 17:40:00,2016-10-27 18:00:00)",0,66.31988525390625
2,"[2016-10-27 18:00:00,2016-10-27 18:20:00)",0,61.7255859375
2,"[2016-10-27 18:20:00,2016-10-27 18:40:00)",0,59.96704864501953
2,"[2016-10-27 18:40:00,2016-10-27 19:00:00)",0,56.638641357421875
2,"[2016-10-28 08:00:00,2016-10-28 08:20:00)",0,104.52991485595703
2,"[2016-10-28 08:20:00,2016-10-28 08:40:00)",0,96.71211242675781
2,"[2016-10-28 08:40:00,2016-10-28 09:00:00)",0,100.7585678100586
2,"[2016-10-28 09:00:00,2016-10-28 09:20:00)",0,86.962646484375
2,"[2016-10-28 09:20:00,2016-10-28 09:40:00)",0,93.859619140625
2,"[2016-10-28 09:40:00,2016-10-28 10:00:00)",0,83.75859069824219
2,"[2016-10-28 17:00:00,2016-10-28 17:20:00)",0,82.50611114501953
2,"[2016-10-28 17:20:00,2016-10-28 17:40:00)",0,73.13590240478516
2,"[2016-10-28 17:40:00,2016-10-28 18:00:00)",0,73.13590240478516
2,"[2016-10-28 18:00:00,2016-10-28 18:20:00)",0,62.73004150390625
2,"[2016-10-28 18:20:00,2016-10-28 18:40:00)",0,55.763790130615234
2,"[2016-10-28 18:40:00,2016-10-28 19:00:00)",0,53.4017333984375
2,"[2016-10-29 08:00:00,2016-10-29 08:20:00)",0,78.31863403320312
2,"[2016-10-29 08:20:00,2016-10-29 08:40:00)",0,100.59867858886719
2,"[2016-10-29 08:40:00,2016-10-29 09:00:00)",0,100.44664001464844
2,"[2016-10-29 09:00:00,2016-10-29 09:20:00)",0,92.03520202636719
2,"[2016-10-29 09:20:00,2016-10-29 09:40:00)",0,90.99720001220703
2,"[2016-10-29 09:40:00,2016-10-29 10:00:00)",0,80.68347930908203
2,"[2016-10-29 17:00:00,2016-10-29 17:20:00)",0,76.19044494628906
2,"[2016-10-29 17:20:00,2016-10-29 17:40:00)",0,67.5940170288086
2,"[2016-10-29 17:40:00,2016-10-29 18:00:00)",0,68.12248992919922
2,"[2016-10-29 18:00:00,2016-10-29 18:20:00)",0,54.991512298583984
2,"[2016-10-29 18:20:00,2016-10-29 18:40:00)",0,40.28868103027344
2,"[2016-10-29 18:40:00,2016-10-29 19:00:00)",0,40.92940902709961
2,"[2016-10-30 08:00:00,2016-10-30 08:20:00)",0,63.853050231933594
2,"[2016-10-30 08:20:00,2016-10-30 08:40:00)",0,91.95272064208984
2,"[2016-10-30 08:40:00,2016-10-30 09:00:00)",0,99.95960235595703
2,"[2016-10-30 09:00:00,2016-10-30 09:20:00)",0,97.40879821777344
2,"[2016-10-30 09:20:00,2016-10-30 09:40:00)",0,92.48846435546875
2,"[2016-10-30 09:40:00,2016-10-30 10:00:00)",0,84.49708557128906
2,"[2016-10-30 17:00:00,2016-10-30 17:20:00)",0,52.40155029296875
2,"[2016-10-30 17:20:00,2016-10-30 17:40:00)",0,71.21715545654297
2,"[2016-10-30 17:40:00,2016-10-30 18:00:00)",0,64.33224487304688
2,"[2016-10-30 18:00:00,2016-10-30 18:20:00)",0,55.453155517578125
2,"[2016-10-30 18:20:00,2016-10-30 18:40:00)",0,53.155784606933594
2,"[2016-10-30 18:40:00,2016-10-30 19:00:00)",0,50.79372787475586
2,"[2016-10-31 08:00:00,2016-10-31 08:20:00)",0,76.7884750366211
2,"[2016-10-31 08:20:00,2016-10-31 08:40:00)",0,108.34680938720703
2,"[2016-10-31 08:40:00,2016-10-31 09:00:00)",0,105.02457427978516
2,"[2016-10-31 09:00:00,2016-10-31 09:20:00)",0,106.16951751708984
2,"[2016-10-31 09:20:00,2016-10-31 09:40:00)",0,101.33358001708984
2,"[2016-10-31 09:40:00,2016-10-31 10:00:00)",0,85.97817993164062
2,"[2016-10-31 17:00:00,2016-10-31 17:20:00)",0,50.52591323852539
2,"[2016-10-31 17:20:00,2016-10-31 17:40:00)",0,72.53207397460938
2,"[2016-10-31 17:40:00,2016-10-31 18:00:00)",0,67.87005615234375
2,"[2016-10-31 18:00:00,2016-10-31 18:20:00)",0,56.723323822021484
2,"[2016-10-31 18:20:00,2016-10-31 18:40:00)",0,54.964786529541016
2,"[2016-10-31 18:40:00,2016-10-31 19:00:00)",0,52.06389617919922
3,"[2016-10-25 08:00:00,2016-10-25 08:20:00)",0,155.15264892578125
3,"[2016-10-25 08:20:00,2016-10-25 08:40:00)",0,145.9464874267578
3,"[2016-10-25 08:40:00,2016-10-25 09:00:00)",0,149.05685424804688
3,"[2016-10-25 09:00:00,2016-10-25 09:20:00)",0,149.50335693359375
3,"[2016-10-25 09:20:00,2016-10-25 09:40:00)",0,135.9366455078125
3,"[2016-10-25 09:40:00,2016-10-25 10:00:00)",0,109.81945037841797
3,"[2016-10-25 17:00:00,2016-10-25 17:20:00)",0,119.0831527709961
3,"[2016-10-25 17:20:00,2016-10-25 17:40:00)",0,110.26934814453125
3,"[2016-10-25 17:40:00,2016-10-25 18:00:00)",0,100.90662384033203
3,"[2016-10-25 18:00:00,2016-10-25 18:20:00)",0,85.87126922607422
3,"[2016-10-25 18:20:00,2016-10-25 18:40:00)",0,72.05180358886719
3,"[2016-10-25 18:40:00,2016-10-25 19:00:00)",0,61.1639518737793
3,"[2016-10-26 08:00:00,2016-10-26 08:20:00)",0,154.5955810546875
3,"[2016-10-26 08:20:00,2016-10-26 08:40:00)",0,152.9007110595703
3,"[2016-10-26 08:40:00,2016-10-26 09:00:00)",0,141.98980712890625
3,"[2016-10-26 09:00:00,2016-10-26 09:20:00)",0,153.9134979248047
3,"[2016-10-26 09:20:00,2016-10-26 09:40:00)",0,138.6124725341797
3,"[2016-10-26 09:40:00,2016-10-26 10:00:00)",0,117.00042724609375
3,"[2016-10-26 17:00:00,2016-10-26 17:20:00)",0,127.41165924072266
3,"[2016-10-26 17:20:00,2016-10-26 17:40:00)",0,107.9316177368164
3,"[2016-10-26 17:40:00,2016-10-26 18:00:00)",0,94.2689208984375
3,"[2016-10-26 18:00:00,2016-10-26 18:20:00)",0,91.07270050048828
3,"[2016-10-26 18:20:00,2016-10-26 18:40:00)",0,74.95083618164062
3,"[2016-10-26 18:40:00,2016-10-26 19:00:00)",0,59.650062561035156
3,"[2016-10-27 08:00:00,2016-10-27 08:20:00)",0,151.90328979492188
3,"[2016-10-27 08:20:00,2016-10-27 08:40:00)",0,151.21546936035156
3,"[2016-10-27 08:40:00,2016-10-27 09:00:00)",0,144.5510711669922
3,"[2016-10-27 09:00:00,2016-10-27 09:20:00)",0,146.49607849121094
3,"[2016-10-27 09:20:00,2016-10-27 09:40:00)",0,133.0596160888672
3,"[2016-10-27 09:40:00,2016-10-27 10:00:00)",0,112.39461517333984
3,"[2016-10-27 17:00:00,2016-10-27 17:20:00)",0,118.80465698242188
3,"[2016-10-27 17:20:00,2016-10-27 17:40:00)",0,105.28389739990234
3,"[2016-10-27 17:40:00,2016-10-27 18:00:00)",0,85.45746612548828
3,"[2016-10-27 18:00:00,2016-10-27 18:20:00)",0,85.75212860107422
3,"[2016-10-27 18:20:00,2016-10-27 18:40:00)",0,69.55735778808594
3,"[2016-10-27 18:40:00,2016-10-27 19:00:00)",0,55.74067687988281
3,"[2016-10-28 08:00:00,2016-10-28 08:20:00)",0,152.02590942382812
3,"[2016-10-28 08:20:00,2016-10-28 08:40:00)",0,130.1571807861328
3,"[2016-10-28 08:40:00,2016-10-28 09:00:00)",0,125.27529907226562
3,"[2016-10-28 09:00:00,2016-10-28 09:20:00)",0,108.84925842285156
3,"[2016-10-28 09:20:00,2016-10-28 09:40:00)",0,139.26100158691406
3,"[2016-10-28 09:40:00,2016-10-28 10:00:00)",0,117.04955291748047
3,"[2016-10-28 17:00:00,2016-10-28 17:20:00)",0,126.5492935180664
3,"[2016-10-28 17:20:00,2016-10-28 17:40:00)",0,117.13835906982422
3,"[2016-10-28 17:40:00,2016-10-28 18:00:00)",0,99.9728012084961
3,"[2016-10-28 18:00:00,2016-10-28 18:20:00)",0,84.79399871826172
3,"[2016-10-28 18:20:00,2016-10-28 18:40:00)",0,73.11325073242188
3,"[2016-10-28 18:40:00,2016-10-28 19:00:00)",0,61.00095748901367
3,"[2016-10-29 08:00:00,2016-10-29 08:20:00)",0,110.10147857666016
3,"[2016-10-29 08:20:00,2016-10-29 08:40:00)",0,142.88943481445312
3,"[2016-10-29 08:40:00,2016-10-29 09:00:00)",0,139.07611083984375
3,"[2016-10-29 09:00:00,2016-10-29 09:20:00)",0,141.84315490722656
3,"[2016-10-29 09:20:00,2016-10-29 09:40:00)",0,125.40901947021484
3,"[2016-10-29 09:40:00,2016-10-29 10:00:00)",0,103.45503234863281
3,"[2016-10-29 17:00:00,2016-10-29 17:20:00)",0,99.85179138183594
3,"[2016-10-29 17:20:00,2016-10-29 17:40:00)",0,105.83734893798828
3,"[2016-10-29 17:40:00,2016-10-29 18:00:00)",0,99.27781677246094
3,"[2016-10-29 18:00:00,2016-10-29 18:20:00)",0,78.22264099121094
3,"[2016-10-29 18:20:00,2016-10-29 18:40:00)",0,74.1883544921875
3,"[2016-10-29 18:40:00,2016-10-29 19:00:00)",0,60.47441482543945
3,"[2016-10-30 08:00:00,2016-10-30 08:20:00)",0,108.20242309570312
3,"[2016-10-30 08:20:00,2016-10-30 08:40:00)",0,132.2841033935547
3,"[2016-10-30 08:40:00,2016-10-30 09:00:00)",0,132.85342407226562
3,"[2016-10-30 09:00:00,2016-10-30 09:20:00)",0,123.1991195678711
3,"[2016-10-30 09:20:00,2016-10-30 09:40:00)",0,116.02125549316406
3,"[2016-10-30 09:40:00,2016-10-30 10:00:00)",0,106.6534423828125
3,"[2016-10-30 17:00:00,2016-10-30 17:20:00)",0,111.05288696289062
3,"[2016-10-30 17:20:00,2016-10-30 17:40:00)",0,106.91206359863281
3,"[2016-10-30 17:40:00,2016-10-30 18:00:00)",0,97.50882720947266
3,"[2016-10-30 18:00:00,2016-10-30 18:20:00)",0,75.1845932006836
3,"[2016-10-30 18:20:00,2016-10-30 18:40:00)",0,74.48854064941406
3,"[2016-10-30 18:40:00,2016-10-30 19:00:00)",0,61.45326232910156
3,"[2016-10-31 08:00:00,2016-10-31 08:20:00)",0,154.53363037109375
3,"[2016-10-31 08:20:00,2016-10-31 08:40:00)",0,150.9745635986328
3,"[2016-10-31 08:40:00,2016-10-31 09:00:00)",0,150.19879150390625
3,"[2016-10-31 09:00:00,2016-10-31 09:20:00)",0,149.9082794189453
3,"[2016-10-31 09:20:00,2016-10-31 09:40:00)",0,139.53817749023438
3,"[2016-10-31 09:40:00,2016-10-31 10:00:00)",0,121.96590423583984
3,"[2016-10-31 17:00:00,2016-10-31 17:20:00)",0,110.30167388916016
3,"[2016-10-31 17:20:00,2016-10-31 17:40:00)",0,111.45536041259766
3,"[2016-10-31 17:40:00,2016-10-31 18:00:00)",0,102.56343841552734
3,"[2016-10-31 18:00:00,2016-10-31 18:20:00)",0,86.56844329833984
3,"[2016-10-31 18:20:00,2016-10-31 18:40:00)",0,74.3770751953125
3,"[2016-10-31 18:40:00,2016-10-31 19:00:00)",0,60.17655944824219
3,"[2016-10-25 08:00:00,2016-10-25 08:20:00)",1,106.25523376464844
3,"[2016-10-25 08:20:00,2016-10-25 08:40:00)",1,116.35137176513672
3,"[2016-10-25 08:40:00,2016-10-25 09:00:00)",1,120.66490173339844
3,"[2016-10-25 09:00:00,2016-10-25 09:20:00)",1,119.42696380615234
3,"[2016-10-25 09:20:00,2016-10-25 09:40:00)",1,108.9079360961914
3,"[2016-10-25 09:40:00,2016-10-25 10:00:00)",1,104.64559936523438
3,"[2016-10-25 17:00:00,2016-10-25 17:20:00)",1,87.27435302734375
3,"[2016-10-25 17:20:00,2016-10-25 17:40:00)",1,84.00279998779297
3,"[2016-10-25 17:40:00,2016-10-25 18:00:00)",1,84.5642318725586
3,"[2016-10-25 18:00:00,2016-10-25 18:20:00)",1,76.4260025024414
3,"[2016-10-25 18:20:00,2016-10-25 18:40:00)",1,72.83855438232422
3,"[2016-10-25 18:40:00,2016-10-25 19:00:00)",1,71.48524475097656
3,"[2016-10-26 08:00:00,2016-10-26 08:20:00)",1,100.81845092773438
3,"[2016-10-26 08:20:00,2016-10-26 08:40:00)",1,118.43982696533203
3,"[2016-10-26 08:40:00,2016-10-26 09:00:00)",1,118.5244369506836
3,"[2016-10-26 09:00:00,2016-10-26 09:20:00)",1,122.10429382324219
3,"[2016-10-26 09:20:00,2016-10-26 09:40:00)",1,112.25077819824219
3,"[2016-10-26 09:40:00,2016-10-26 10:00:00)",1,102.0112075805664
3,"[2016-10-26 17:00:00,2016-10-26 17:20:00)",1,96.88845825195312
3,"[2016-10-26 17:20:00,2016-10-26 17:40:00)",1,85.21928405761719
3,"[2016-10-26 17:40:00,2016-10-26 18:00:00)",1,83.99359893798828
3,"[2016-10-26 18:00:00,2016-10-26 18:20:00)",1,77.53398895263672
3,"[2016-10-26 18:20:00,2016-10-26 18:40:00)",1,74.35504913330078
3,"[2016-10-26 18:40:00,2016-10-26 19:00:00)",1,73.79005432128906
3,"[2016-10-27 08:00:00,2016-10-27 08:20:00)",1,100.96046447753906
3,"[2016-10-27 08:20:00,2016-10-27 08:40:00)",1,99.53559112548828
3,"[2016-10-27 08:40:00,2016-10-27 09:00:00)",1,117.62606811523438
3,"[2016-10-27 09:00:00,2016-10-27 09:20:00)",1,118.36045837402344
3,"[2016-10-27 09:20:00,2016-10-27 09:40:00)",1,105.8130874633789
3,"[2016-10-27 09:40:00,2016-10-27 10:00:00)",1,98.90892791748047
3,"[2016-10-27 17:00:00,2016-10-27 17:20:00)",1,93.36471557617188
3,"[2016-10-27 17:20:00,2016-10-27 17:40:00)",1,86.26448059082031
3,"[2016-10-27 17:40:00,2016-10-27 18:00:00)",1,84.42830657958984
3,"[2016-10-27 18:00:00,2016-10-27 18:20:00)",1,75.97970581054688
3,"[2016-10-27 18:20:00,2016-10-27 18:40:00)",1,78.17965698242188
3,"[2016-10-27 18:40:00,2016-10-27 19:00:00)",1,73.60775756835938
3,"[2016-10-28 08:00:00,2016-10-28 08:20:00)",1,91.54456329345703
3,"[2016-10-28 08:20:00,2016-10-28 08:40:00)",1,92.13937377929688
3,"[2016-10-28 08:40:00,2016-10-28 09:00:00)",1,108.78643798828125
3,"[2016-10-28 09:00:00,2016-10-28 09:20:00)",1,107.11758422851562
3,"[2016-10-28 09:20:00,2016-10-28 09:40:00)",1,99.5168685913086
3,"[2016-10-28 09:40:00,2016-10-28 10:00:00)",1,96.2872085571289
3,"[2016-10-28 17:00:00,2016-10-28 17:20:00)",1,79.14568328857422
3,"[2016-10-28 17:20:00,2016-10-28 17:40:00)",1,79.14881896972656
3,"[2016-10-28 17:40:00,2016-10-28 18:00:00)",1,80.3818588256836
3,"[2016-10-28 18:00:00,2016-10-28 18:20:00)",1,75.36085510253906
3,"[2016-10-28 18:20:00,2016-10-28 18:40:00)",1,72.6566162109375
3,"[2016-10-28 18:40:00,2016-10-28 19:00:00)",1,68.29984283447266
3,"[2016-10-29 08:00:00,2016-10-29 08:20:00)",1,91.65425109863281
3,"[2016-10-29 08:20:00,2016-10-29 08:40:00)",1,114.12899017333984
3,"[2016-10-29 08:40:00,2016-10-29 09:00:00)",1,105.95648193359375
3,"[2016-10-29 09:00:00,2016-10-29 09:20:00)",1,113.36502838134766
3,"[2016-10-29 09:20:00,2016-10-29 09:40:00)",1,104.64000701904297
3,"[2016-10-29 09:40:00,2016-10-29 10:00:00)",1,103.60065460205078
3,"[2016-10-29 17:00:00,2016-10-29 17:20:00)",1,85.75382995605469
3,"[2016-10-29 17:20:00,2016-10-29 17:40:00)",1,82.93152618408203
3,"[2016-10-29 17:40:00,2016-10-29 18:00:00)",1,84.34627532958984
3,"[2016-10-29 18:00:00,2016-10-29 18:20:00)",1,75.27521514892578
3,"[2016-10-29 18:20:00,2016-10-29 18:40:00)",1,71.8209228515625
3,"[2016-10-29 18:40:00,2016-10-29 19:00:00)",1,74.3510971069336
3,"[2016-10-30 08:00:00,2016-10-30 08:20:00)",1,93.72164916992188
3,"[2016-10-30 08:20:00,2016-10-30 08:40:00)",1,100.54122924804688
3,"[2016-10-30 08:40:00,2016-10-30 09:00:00)",1,104.07807159423828
3,"[2016-10-30 09:00:00,2016-10-30 09:20:00)",1,100.1405258178711
3,"[2016-10-30 09:20:00,2016-10-30 09:40:00)",1,96.43541717529297
3,"[2016-10-30 09:40:00,2016-10-30 10:00:00)",1,92.57024383544922
3,"[2016-10-30 17:00:00,2016-10-30 17:20:00)",1,99.5676498413086
3,"[2016-10-30 17:20:00,2016-10-30 17:40:00)",1,85.58468627929688
3,"[2016-10-30 17:40:00,2016-10-30 18:00:00)",1,88.40179443359375
3,"[2016-10-30 18:00:00,2016-10-30 18:20:00)",1,76.4901351928711
3,"[2016-10-30 18:20:00,2016-10-30 18:40:00)",1,71.14473724365234
3,"[2016-10-30 18:40:00,2016-10-30 19:00:00)",1,72.48878479003906
3,"[2016-10-31 08:00:00,2016-10-31 08:20:00)",1,109.60707092285156
3,"[2016-10-31 08:20:00,2016-10-31 08:40:00)",1,111.56145477294922
3,"[2016-10-31 08:40:00,2016-10-31 09:00:00)",1,114.85787200927734
3,"[2016-10-31 09:00:00,2016-10-31 09:20:00)",1,111.883544921875
3,"[2016-10-31 09:20:00,2016-10-31 09:40:00)",1,103.52274322509766
3,"[2016-10-31 09:40:00,2016-10-31 10:00:00)",1,96.34203338623047
3,"[2016-10-31 17:00:00,2016-10-31 17:20:00)",1,78.88992309570312
3,"[2016-10-31 17:20:00,2016-10-31 17:40:00)",1,83.3381118774414
3,"[2016-10-31 17:40:00,2016-10-31 18:00:00)",1,86.18505859375
3,"[2016-10-31 18:00:00,2016-10-31 18:20:00)",1,75.33908081054688
3,"[2016-10-31 18:20:00,2016-10-31 18:40:00)",1,72.96444702148438
3,"[2016-10-31 18:40:00,2016-10-31 19:00:00)",1,73.19804382324219
