,intersection_id,tollgate_id,time_window,avg_travel_time
0,A,2,"[2016-10-25 08:00:00,2016-10-25 08:20:00)",67.80789120448213
1,A,2,"[2016-10-25 08:20:00,2016-10-25 08:40:00)",68.97217391508839
2,A,2,"[2016-10-25 08:40:00,2016-10-25 09:00:00)",70.69887223648254
3,A,2,"[2016-10-25 09:00:00,2016-10-25 09:20:00)",76.7507335553946
4,A,2,"[2016-10-25 09:20:00,2016-10-25 09:40:00)",75.84433002275057
5,A,2,"[2016-10-25 09:40:00,2016-10-25 10:00:00)",69.7843387503606
6,A,2,"[2016-10-25 17:00:00,2016-10-25 17:20:00)",71.28516787502903
7,A,2,"[2016-10-25 17:20:00,2016-10-25 17:40:00)",68.16209679849786
8,A,2,"[2016-10-25 17:40:00,2016-10-25 18:00:00)",67.71795128781363
9,A,2,"[2016-10-25 18:00:00,2016-10-25 18:20:00)",66.00914511811476
10,A,2,"[2016-10-25 18:20:00,2016-10-25 18:40:00)",65.06290170030522
11,A,2,"[2016-10-25 18:40:00,2016-10-25 19:00:00)",64.8937187526071
12,A,2,"[2016-10-26 08:00:00,2016-10-26 08:20:00)",70.13030290282092
13,A,2,"[2016-10-26 08:20:00,2016-10-26 08:40:00)",69.12376194221228
14,A,2,"[2016-10-26 08:40:00,2016-10-26 09:00:00)",70.85046026360642
15,A,2,"[2016-10-26 09:00:00,2016-10-26 09:20:00)",80.39567325296434
16,A,2,"[2016-10-26 09:20:00,2016-10-26 09:40:00)",78.99750972032031
17,A,2,"[2016-10-26 09:40:00,2016-10-26 10:00:00)",70.26503451371497
18,A,2,"[2016-10-26 17:00:00,2016-10-26 17:20:00)",75.44117377570656
19,A,2,"[2016-10-26 17:20:00,2016-10-26 17:40:00)",68.15127846115604
20,A,2,"[2016-10-26 17:40:00,2016-10-26 18:00:00)",67.7071329504718
21,A,2,"[2016-10-26 18:00:00,2016-10-26 18:20:00)",66.00914511811476
22,A,2,"[2016-10-26 18:20:00,2016-10-26 18:40:00)",65.08777813172779
23,A,2,"[2016-10-26 18:40:00,2016-10-26 19:00:00)",64.91859518402967
24,A,2,"[2016-10-27 08:00:00,2016-10-27 08:20:00)",75.86534581620487
25,A,2,"[2016-10-27 08:20:00,2016-10-27 08:40:00)",69.16878845572127
26,A,2,"[2016-10-27 08:40:00,2016-10-27 09:00:00)",70.89548677711541
27,A,2,"[2016-10-27 09:00:00,2016-10-27 09:20:00)",76.59010522011664
28,A,2,"[2016-10-27 09:20:00,2016-10-27 09:40:00)",75.6837016874726
29,A,2,"[2016-10-27 09:40:00,2016-10-27 10:00:00)",69.82936526386959
30,A,2,"[2016-10-27 17:00:00,2016-10-27 17:20:00)",74.9953538128753
31,A,2,"[2016-10-27 17:20:00,2016-10-27 17:40:00)",68.15127846115604
32,A,2,"[2016-10-27 17:40:00,2016-10-27 18:00:00)",67.7071329504718
33,A,2,"[2016-10-27 18:00:00,2016-10-27 18:20:00)",66.00914511811476
34,A,2,"[2016-10-27 18:20:00,2016-10-27 18:40:00)",65.15364404081869
35,A,2,"[2016-10-27 18:40:00,2016-10-27 19:00:00)",65.0009160877037
36,A,2,"[2016-10-28 08:00:00,2016-10-28 08:20:00)",73.67243862198677
37,A,2,"[2016-10-28 08:20:00,2016-10-28 08:40:00)",69.55482587862423
38,A,2,"[2016-10-28 08:40:00,2016-10-28 09:00:00)",71.28152420001838
39,A,2,"[2016-10-28 09:00:00,2016-10-28 09:20:00)",80.02104843683256
40,A,2,"[2016-10-28 09:20:00,2016-10-28 09:40:00)",78.62288490418852
41,A,2,"[2016-10-28 09:40:00,2016-10-28 10:00:00)",69.99522416888738
42,A,2,"[2016-10-28 17:00:00,2016-10-28 17:20:00)",76.37829694862468
43,A,2,"[2016-10-28 17:20:00,2016-10-28 17:40:00)",68.15127846115604
44,A,2,"[2016-10-28 17:40:00,2016-10-28 18:00:00)",67.7071329504718
45,A,2,"[2016-10-28 18:00:00,2016-10-28 18:20:00)",66.00914511811476
46,A,2,"[2016-10-28 18:20:00,2016-10-28 18:40:00)",65.04311915213594
47,A,2,"[2016-10-28 18:40:00,2016-10-28 19:00:00)",65.08834484980193
48,A,2,"[2016-10-29 08:00:00,2016-10-29 08:20:00)",64.89124889777591
49,A,2,"[2016-10-29 08:20:00,2016-10-29 08:40:00)",70.88459902656429
50,A,2,"[2016-10-29 08:40:00,2016-10-29 09:00:00)",72.81377427103536
51,A,2,"[2016-10-29 09:00:00,2016-10-29 09:20:00)",78.59521398578705
52,A,2,"[2016-10-29 09:20:00,2016-10-29 09:40:00)",77.68881045314302
53,A,2,"[2016-10-29 09:40:00,2016-10-29 10:00:00)",70.18248693497598
54,A,2,"[2016-10-29 17:00:00,2016-10-29 17:20:00)",65.88684511418855
55,A,2,"[2016-10-29 17:20:00,2016-10-29 17:40:00)",68.11707028498887
56,A,2,"[2016-10-29 17:40:00,2016-10-29 18:00:00)",67.67292477430465
57,A,2,"[2016-10-29 18:00:00,2016-10-29 18:20:00)",65.9749369419476
58,A,2,"[2016-10-29 18:20:00,2016-10-29 18:40:00)",64.99116900464509
59,A,2,"[2016-10-29 18:40:00,2016-10-29 19:00:00)",65.03639470231107
60,A,2,"[2016-10-30 08:00:00,2016-10-30 08:20:00)",66.02983256268358
61,A,2,"[2016-10-30 08:20:00,2016-10-30 08:40:00)",71.0620778219009
62,A,2,"[2016-10-30 08:40:00,2016-10-30 09:00:00)",72.99125306637197
63,A,2,"[2016-10-30 09:00:00,2016-10-30 09:20:00)",78.77269278112367
64,A,2,"[2016-10-30 09:20:00,2016-10-30 09:40:00)",77.86628924847963
65,A,2,"[2016-10-30 09:40:00,2016-10-30 10:00:00)",70.3599657303126
66,A,2,"[2016-10-30 17:00:00,2016-10-30 17:20:00)",69.693585436214
67,A,2,"[2016-10-30 17:20:00,2016-10-30 17:40:00)",68.29454908032548
68,A,2,"[2016-10-30 17:40:00,2016-10-30 18:00:00)",67.85040356964126
69,A,2,"[2016-10-30 18:00:00,2016-10-30 18:20:00)",66.15241573728422
70,A,2,"[2016-10-30 18:20:00,2016-10-30 18:40:00)",64.90713463820966
71,A,2,"[2016-10-30 18:40:00,2016-10-30 19:00:00)",64.99542840060603
72,A,2,"[2016-10-31 08:00:00,2016-10-31 08:20:00)",76.51638130269336
73,A,2,"[2016-10-31 08:20:00,2016-10-31 08:40:00)",71.10710433540989
74,A,2,"[2016-10-31 08:40:00,2016-10-31 09:00:00)",73.03627957988095
75,A,2,"[2016-10-31 09:00:00,2016-10-31 09:20:00)",79.04250312595124
76,A,2,"[2016-10-31 09:20:00,2016-10-31 09:40:00)",78.13609959330721
77,A,2,"[2016-10-31 09:40:00,2016-10-31 10:00:00)",70.67480258864916
78,A,2,"[2016-10-31 17:00:00,2016-10-31 17:20:00)",66.83264820760846
79,A,2,"[2016-10-31 17:20:00,2016-10-31 17:40:00)",68.29454908032548
80,A,2,"[2016-10-31 17:40:00,2016-10-31 18:00:00)",67.85040356964126
81,A,2,"[2016-10-31 18:00:00,2016-10-31 18:20:00)",66.15241573728422
82,A,2,"[2016-10-31 18:20:00,2016-10-31 18:40:00)",65.20715281689921
83,A,2,"[2016-10-31 18:40:00,2016-10-31 19:00:00)",65.2523785145652
84,A,3,"[2016-10-25 08:00:00,2016-10-25 08:20:00)",174.0328806470678
85,A,3,"[2016-10-25 08:20:00,2016-10-25 08:40:00)",141.134936381174
86,A,3,"[2016-10-25 08:40:00,2016-10-25 09:00:00)",168.6143226715915
87,A,3,"[2016-10-25 09:00:00,2016-10-25 09:20:00)",171.0284360603893
88,A,3,"[2016-10-25 09:20:00,2016-10-25 09:40:00)",169.38161683378377
89,A,3,"[2016-10-25 09:40:00,2016-10-25 10:00:00)",145.6903863745691
90,A,3,"[2016-10-25 17:00:00,2016-10-25 17:20:00)",114.43508457483269
91,A,3,"[2016-10-25 17:20:00,2016-10-25 17:40:00)",116.36281395101555
92,A,3,"[2016-10-25 17:40:00,2016-10-25 18:00:00)",116.26200233280215
93,A,3,"[2016-10-25 18:00:00,2016-10-25 18:20:00)",114.62502244565816
94,A,3,"[2016-10-25 18:20:00,2016-10-25 18:40:00)",114.23611534339292
95,A,3,"[2016-10-25 18:40:00,2016-10-25 19:00:00)",113.31914326120908
96,A,3,"[2016-10-26 08:00:00,2016-10-26 08:20:00)",175.718486227198
97,A,3,"[2016-10-26 08:20:00,2016-10-26 08:40:00)",141.38662597272233
98,A,3,"[2016-10-26 08:40:00,2016-10-26 09:00:00)",171.37996022858667
99,A,3,"[2016-10-26 09:00:00,2016-10-26 09:20:00)",172.56302052071038
100,A,3,"[2016-10-26 09:20:00,2016-10-26 09:40:00)",170.91620129410487
101,A,3,"[2016-10-26 09:40:00,2016-10-26 10:00:00)",148.56666636715033
102,A,3,"[2016-10-26 17:00:00,2016-10-26 17:20:00)",114.58277442708908
103,A,3,"[2016-10-26 17:20:00,2016-10-26 17:40:00)",116.36281395101555
104,A,3,"[2016-10-26 17:40:00,2016-10-26 18:00:00)",116.26200233280215
105,A,3,"[2016-10-26 18:00:00,2016-10-26 18:20:00)",113.84189259729564
106,A,3,"[2016-10-26 18:20:00,2016-10-26 18:40:00)",113.4529854950304
107,A,3,"[2016-10-26 18:40:00,2016-10-26 19:00:00)",112.53601341284657
108,A,3,"[2016-10-27 08:00:00,2016-10-27 08:20:00)",188.22247884839567
109,A,3,"[2016-10-27 08:20:00,2016-10-27 08:40:00)",142.0817879138885
110,A,3,"[2016-10-27 08:40:00,2016-10-27 09:00:00)",169.7844306481885
111,A,3,"[2016-10-27 09:00:00,2016-10-27 09:20:00)",172.1783454695991
112,A,3,"[2016-10-27 09:20:00,2016-10-27 09:40:00)",170.53152624299352
113,A,3,"[2016-10-27 09:40:00,2016-10-27 10:00:00)",145.93991387989956
114,A,3,"[2016-10-27 17:00:00,2016-10-27 17:20:00)",113.47883025368091
115,A,3,"[2016-10-27 17:20:00,2016-10-27 17:40:00)",116.47549106797487
116,A,3,"[2016-10-27 17:40:00,2016-10-27 18:00:00)",116.37467944976146
117,A,3,"[2016-10-27 18:00:00,2016-10-27 18:20:00)",113.95456971425496
118,A,3,"[2016-10-27 18:20:00,2016-10-27 18:40:00)",113.56566261198972
119,A,3,"[2016-10-27 18:40:00,2016-10-27 19:00:00)",112.64869052980588
120,A,3,"[2016-10-28 08:00:00,2016-10-28 08:20:00)",173.38547349524254
121,A,3,"[2016-10-28 08:20:00,2016-10-28 08:40:00)",141.34980658938647
122,A,3,"[2016-10-28 08:40:00,2016-10-28 09:00:00)",169.06618162284926
123,A,3,"[2016-10-28 09:00:00,2016-10-28 09:20:00)",171.0403973782837
124,A,3,"[2016-10-28 09:20:00,2016-10-28 09:40:00)",169.39357815167818
125,A,3,"[2016-10-28 09:40:00,2016-10-28 10:00:00)",148.2020004412244
126,A,3,"[2016-10-28 17:00:00,2016-10-28 17:20:00)",120.30931033398983
127,A,3,"[2016-10-28 17:20:00,2016-10-28 17:40:00)",116.36281395101555
128,A,3,"[2016-10-28 17:40:00,2016-10-28 18:00:00)",116.26200233280215
129,A,3,"[2016-10-28 18:00:00,2016-10-28 18:20:00)",113.84189259729564
130,A,3,"[2016-10-28 18:20:00,2016-10-28 18:40:00)",113.4529854950304
131,A,3,"[2016-10-28 18:40:00,2016-10-28 19:00:00)",112.53601341284657
132,A,3,"[2016-10-29 08:00:00,2016-10-29 08:20:00)",160.42189837035477
133,A,3,"[2016-10-29 08:20:00,2016-10-29 08:40:00)",141.02225926421465
134,A,3,"[2016-10-29 08:40:00,2016-10-29 09:00:00)",168.6143226715915
135,A,3,"[2016-10-29 09:00:00,2016-10-29 09:20:00)",170.58853842702592
136,A,3,"[2016-10-29 09:20:00,2016-10-29 09:40:00)",168.9417192004204
137,A,3,"[2016-10-29 09:40:00,2016-10-29 10:00:00)",146.86092895696305
138,A,3,"[2016-10-29 17:00:00,2016-10-29 17:20:00)",110.86986615941768
139,A,3,"[2016-10-29 17:20:00,2016-10-29 17:40:00)",116.36281395101555
140,A,3,"[2016-10-29 17:40:00,2016-10-29 18:00:00)",116.26200233280215
141,A,3,"[2016-10-29 18:00:00,2016-10-29 18:20:00)",113.84189259729564
142,A,3,"[2016-10-29 18:20:00,2016-10-29 18:40:00)",113.4529854950304
143,A,3,"[2016-10-29 18:40:00,2016-10-29 19:00:00)",112.53601341284657
144,A,3,"[2016-10-30 08:00:00,2016-10-30 08:20:00)",124.37899391904485
145,A,3,"[2016-10-30 08:20:00,2016-10-30 08:40:00)",142.92725040032153
146,A,3,"[2016-10-30 08:40:00,2016-10-30 09:00:00)",169.0524493236865
147,A,3,"[2016-10-30 09:00:00,2016-10-30 09:20:00)",171.73844783623568
148,A,3,"[2016-10-30 09:20:00,2016-10-30 09:40:00)",170.09162860963016
149,A,3,"[2016-10-30 09:40:00,2016-10-30 10:00:00)",146.86092895696305
150,A,3,"[2016-10-30 17:00:00,2016-10-30 17:20:00)",116.24453560245811
151,A,3,"[2016-10-30 17:20:00,2016-10-30 17:40:00)",116.36281395101555
152,A,3,"[2016-10-30 17:40:00,2016-10-30 18:00:00)",116.26200233280215
153,A,3,"[2016-10-30 18:00:00,2016-10-30 18:20:00)",113.84189259729564
154,A,3,"[2016-10-30 18:20:00,2016-10-30 18:40:00)",113.4529854950304
155,A,3,"[2016-10-30 18:40:00,2016-10-30 19:00:00)",112.53601341284657
156,A,3,"[2016-10-31 08:00:00,2016-10-31 08:20:00)",124.46600375433007
157,A,3,"[2016-10-31 08:20:00,2016-10-31 08:40:00)",141.02225926421465
158,A,3,"[2016-10-31 08:40:00,2016-10-31 09:00:00)",169.0524493236865
159,A,3,"[2016-10-31 09:00:00,2016-10-31 09:20:00)",172.10939058818425
160,A,3,"[2016-10-31 09:20:00,2016-10-31 09:40:00)",170.4625713615787
161,A,3,"[2016-10-31 09:40:00,2016-10-31 10:00:00)",145.32572044864318
162,A,3,"[2016-10-31 17:00:00,2016-10-31 17:20:00)",115.37787889951544
163,A,3,"[2016-10-31 17:20:00,2016-10-31 17:40:00)",116.36281395101555
164,A,3,"[2016-10-31 17:40:00,2016-10-31 18:00:00)",116.26200233280215
165,A,3,"[2016-10-31 18:00:00,2016-10-31 18:20:00)",113.84189259729564
166,A,3,"[2016-10-31 18:20:00,2016-10-31 18:40:00)",113.4529854950304
167,A,3,"[2016-10-31 18:40:00,2016-10-31 19:00:00)",112.53601341284657
168,B,1,"[2016-10-25 08:00:00,2016-10-25 08:20:00)",116.25400217186413
169,B,1,"[2016-10-25 08:20:00,2016-10-25 08:40:00)",124.18717028608891
170,B,1,"[2016-10-25 08:40:00,2016-10-25 09:00:00)",125.33762368576454
171,B,1,"[2016-10-25 09:00:00,2016-10-25 09:20:00)",123.29693247383129
172,B,1,"[2016-10-25 09:20:00,2016-10-25 09:40:00)",124.46335298969277
173,B,1,"[2016-10-25 09:40:00,2016-10-25 10:00:00)",125.3045480570122
174,B,1,"[2016-10-25 17:00:00,2016-10-25 17:20:00)",124.37180235885437
175,B,1,"[2016-10-25 17:20:00,2016-10-25 17:40:00)",127.3686482947733
176,B,1,"[2016-10-25 17:40:00,2016-10-25 18:00:00)",127.3686482947733
177,B,1,"[2016-10-25 18:00:00,2016-10-25 18:20:00)",127.98724048530445
178,B,1,"[2016-10-25 18:20:00,2016-10-25 18:40:00)",128.09470666485447
179,B,1,"[2016-10-25 18:40:00,2016-10-25 19:00:00)",129.77007329853637
180,B,1,"[2016-10-26 08:00:00,2016-10-26 08:20:00)",115.080492116535
181,B,1,"[2016-10-26 08:20:00,2016-10-26 08:40:00)",124.42091953978013
182,B,1,"[2016-10-26 08:40:00,2016-10-26 09:00:00)",125.57137293945573
183,B,1,"[2016-10-26 09:00:00,2016-10-26 09:20:00)",123.29693247383129
184,B,1,"[2016-10-26 09:20:00,2016-10-26 09:40:00)",124.69710224338398
185,B,1,"[2016-10-26 09:40:00,2016-10-26 10:00:00)",125.53829731070338
186,B,1,"[2016-10-26 17:00:00,2016-10-26 17:20:00)",148.527563761787
187,B,1,"[2016-10-26 17:20:00,2016-10-26 17:40:00)",127.98724048530445
188,B,1,"[2016-10-26 17:40:00,2016-10-26 18:00:00)",127.98724048530445
189,B,1,"[2016-10-26 18:00:00,2016-10-26 18:20:00)",127.75349123161325
190,B,1,"[2016-10-26 18:20:00,2016-10-26 18:40:00)",127.86095741116328
191,B,1,"[2016-10-26 18:40:00,2016-10-26 19:00:00)",129.77007329853637
192,B,1,"[2016-10-27 08:00:00,2016-10-27 08:20:00)",115.56307965667119
193,B,1,"[2016-10-27 08:20:00,2016-10-27 08:40:00)",124.42091953978013
194,B,1,"[2016-10-27 08:40:00,2016-10-27 09:00:00)",125.57137293945573
195,B,1,"[2016-10-27 09:00:00,2016-10-27 09:20:00)",123.29693247383129
196,B,1,"[2016-10-27 09:20:00,2016-10-27 09:40:00)",124.69710224338398
197,B,1,"[2016-10-27 09:40:00,2016-10-27 10:00:00)",125.53829731070338
198,B,1,"[2016-10-27 17:00:00,2016-10-27 17:20:00)",124.77041960237466
199,B,1,"[2016-10-27 17:20:00,2016-10-27 17:40:00)",127.98724048530445
200,B,1,"[2016-10-27 17:40:00,2016-10-27 18:00:00)",127.98724048530445
201,B,1,"[2016-10-27 18:00:00,2016-10-27 18:20:00)",127.98724048530445
202,B,1,"[2016-10-27 18:20:00,2016-10-27 18:40:00)",128.09470666485447
203,B,1,"[2016-10-27 18:40:00,2016-10-27 19:00:00)",129.77007329853637
204,B,1,"[2016-10-28 08:00:00,2016-10-28 08:20:00)",115.56307965667119
205,B,1,"[2016-10-28 08:20:00,2016-10-28 08:40:00)",125.38452593342632
206,B,1,"[2016-10-28 08:40:00,2016-10-28 09:00:00)",126.53497933310192
207,B,1,"[2016-10-28 09:00:00,2016-10-28 09:20:00)",124.1764461936998
208,B,1,"[2016-10-28 09:20:00,2016-10-28 09:40:00)",125.66070863703017
209,B,1,"[2016-10-28 09:40:00,2016-10-28 10:00:00)",125.99896516491162
210,B,1,"[2016-10-28 17:00:00,2016-10-28 17:20:00)",127.67371197419114
211,B,1,"[2016-10-28 17:20:00,2016-10-28 17:40:00)",128.68165759320385
212,B,1,"[2016-10-28 17:40:00,2016-10-28 18:00:00)",128.68165759320385
213,B,1,"[2016-10-28 18:00:00,2016-10-28 18:20:00)",128.68165759320385
214,B,1,"[2016-10-28 18:20:00,2016-10-28 18:40:00)",128.7891237727539
215,B,1,"[2016-10-28 18:40:00,2016-10-28 19:00:00)",130.4644904064358
216,B,1,"[2016-10-29 08:00:00,2016-10-29 08:20:00)",114.81077454730776
217,B,1,"[2016-10-29 08:20:00,2016-10-29 08:40:00)",125.38452593342632
218,B,1,"[2016-10-29 08:40:00,2016-10-29 09:00:00)",127.1619498115275
219,B,1,"[2016-10-29 09:00:00,2016-10-29 09:20:00)",124.1764461936998
220,B,1,"[2016-10-29 09:20:00,2016-10-29 09:40:00)",125.66070863703017
221,B,1,"[2016-10-29 09:40:00,2016-10-29 10:00:00)",125.99896516491162
222,B,1,"[2016-10-29 17:00:00,2016-10-29 17:20:00)",126.30912818989118
223,B,1,"[2016-10-29 17:20:00,2016-10-29 17:40:00)",128.69003588109828
224,B,1,"[2016-10-29 17:40:00,2016-10-29 18:00:00)",128.69003588109828
225,B,1,"[2016-10-29 18:00:00,2016-10-29 18:20:00)",128.69003588109828
226,B,1,"[2016-10-29 18:20:00,2016-10-29 18:40:00)",128.7975020606483
227,B,1,"[2016-10-29 18:40:00,2016-10-29 19:00:00)",130.60544190661568
228,B,1,"[2016-10-30 08:00:00,2016-10-30 08:20:00)",122.80324107246865
229,B,1,"[2016-10-30 08:20:00,2016-10-30 08:40:00)",127.20691674689388
230,B,1,"[2016-10-30 08:40:00,2016-10-30 09:00:00)",128.53278447193517
231,B,1,"[2016-10-30 09:00:00,2016-10-30 09:20:00)",126.67925498076667
232,B,1,"[2016-10-30 09:20:00,2016-10-30 09:40:00)",127.71684870418895
233,B,1,"[2016-10-30 09:40:00,2016-10-30 10:00:00)",128.0551052320704
234,B,1,"[2016-10-30 17:00:00,2016-10-30 17:20:00)",130.33705324510981
235,B,1,"[2016-10-30 17:20:00,2016-10-30 17:40:00)",130.06087054150595
236,B,1,"[2016-10-30 17:40:00,2016-10-30 18:00:00)",130.06087054150595
237,B,1,"[2016-10-30 18:00:00,2016-10-30 18:20:00)",130.06087054150595
238,B,1,"[2016-10-30 18:20:00,2016-10-30 18:40:00)",130.168336721056
239,B,1,"[2016-10-30 18:40:00,2016-10-30 19:00:00)",131.97627656702338
240,B,1,"[2016-10-31 08:00:00,2016-10-31 08:20:00)",128.20015163280434
241,B,1,"[2016-10-31 08:20:00,2016-10-31 08:40:00)",126.51249963899446
242,B,1,"[2016-10-31 08:40:00,2016-10-31 09:00:00)",127.83836736403575
243,B,1,"[2016-10-31 09:00:00,2016-10-31 09:20:00)",129.59567980033614
244,B,1,"[2016-10-31 09:20:00,2016-10-31 09:40:00)",127.02243159628952
245,B,1,"[2016-10-31 09:40:00,2016-10-31 10:00:00)",127.36068812417098
246,B,1,"[2016-10-31 17:00:00,2016-10-31 17:20:00)",123.48683000876365
247,B,1,"[2016-10-31 17:20:00,2016-10-31 17:40:00)",129.13270417991535
248,B,1,"[2016-10-31 17:40:00,2016-10-31 18:00:00)",129.13270417991535
249,B,1,"[2016-10-31 18:00:00,2016-10-31 18:20:00)",129.36645343360655
250,B,1,"[2016-10-31 18:20:00,2016-10-31 18:40:00)",129.4739196131566
251,B,1,"[2016-10-31 18:40:00,2016-10-31 19:00:00)",131.28185945912395
252,B,3,"[2016-10-25 08:00:00,2016-10-25 08:20:00)",107.21495831578663
253,B,3,"[2016-10-25 08:20:00,2016-10-25 08:40:00)",107.73072331954421
254,B,3,"[2016-10-25 08:40:00,2016-10-25 09:00:00)",107.8411575873863
255,B,3,"[2016-10-25 09:00:00,2016-10-25 09:20:00)",107.8411575873863
256,B,3,"[2016-10-25 09:20:00,2016-10-25 09:40:00)",107.8411575873863
257,B,3,"[2016-10-25 09:40:00,2016-10-25 10:00:00)",107.8411575873863
258,B,3,"[2016-10-25 17:00:00,2016-10-25 17:20:00)",100.14073837657384
259,B,3,"[2016-10-25 17:20:00,2016-10-25 17:40:00)",100.32514162493146
260,B,3,"[2016-10-25 17:40:00,2016-10-25 18:00:00)",100.16521954251667
261,B,3,"[2016-10-25 18:00:00,2016-10-25 18:20:00)",100.10124699801715
262,B,3,"[2016-10-25 18:20:00,2016-10-25 18:40:00)",99.68091818850758
263,B,3,"[2016-10-25 18:40:00,2016-10-25 19:00:00)",99.53272480523424
264,B,3,"[2016-10-26 08:00:00,2016-10-26 08:20:00)",107.67843562953368
265,B,3,"[2016-10-26 08:20:00,2016-10-26 08:40:00)",108.26936052623236
266,B,3,"[2016-10-26 08:40:00,2016-10-26 09:00:00)",108.37979479407444
267,B,3,"[2016-10-26 09:00:00,2016-10-26 09:20:00)",108.37979479407444
268,B,3,"[2016-10-26 09:20:00,2016-10-26 09:40:00)",108.37979479407444
269,B,3,"[2016-10-26 09:40:00,2016-10-26 10:00:00)",108.37979479407444
270,B,3,"[2016-10-26 17:00:00,2016-10-26 17:20:00)",107.1823149294508
271,B,3,"[2016-10-26 17:20:00,2016-10-26 17:40:00)",100.32514162493146
272,B,3,"[2016-10-26 17:40:00,2016-10-26 18:00:00)",100.16521954251667
273,B,3,"[2016-10-26 18:00:00,2016-10-26 18:20:00)",100.10124699801715
274,B,3,"[2016-10-26 18:20:00,2016-10-26 18:40:00)",99.68091818850758
275,B,3,"[2016-10-26 18:40:00,2016-10-26 19:00:00)",99.53272480523424
276,B,3,"[2016-10-27 08:00:00,2016-10-27 08:20:00)",105.63796511370583
277,B,3,"[2016-10-27 08:20:00,2016-10-27 08:40:00)",107.96104318893745
278,B,3,"[2016-10-27 08:40:00,2016-10-27 09:00:00)",108.07147745677953
279,B,3,"[2016-10-27 09:00:00,2016-10-27 09:20:00)",108.21241724711814
280,B,3,"[2016-10-27 09:20:00,2016-10-27 09:40:00)",108.21241724711814
281,B,3,"[2016-10-27 09:40:00,2016-10-27 10:00:00)",108.21241724711814
282,B,3,"[2016-10-27 17:00:00,2016-10-27 17:20:00)",107.03167349362897
283,B,3,"[2016-10-27 17:20:00,2016-10-27 17:40:00)",100.69640128466328
284,B,3,"[2016-10-27 17:40:00,2016-10-27 18:00:00)",100.5364792022485
285,B,3,"[2016-10-27 18:00:00,2016-10-27 18:20:00)",100.10124699801715
286,B,3,"[2016-10-27 18:20:00,2016-10-27 18:40:00)",99.68091818850758
287,B,3,"[2016-10-27 18:40:00,2016-10-27 19:00:00)",99.53272480523424
288,B,3,"[2016-10-28 08:00:00,2016-10-28 08:20:00)",107.07185303763279
289,B,3,"[2016-10-28 08:20:00,2016-10-28 08:40:00)",107.73072331954421
290,B,3,"[2016-10-28 08:40:00,2016-10-28 09:00:00)",107.8411575873863
291,B,3,"[2016-10-28 09:00:00,2016-10-28 09:20:00)",107.8411575873863
292,B,3,"[2016-10-28 09:20:00,2016-10-28 09:40:00)",107.8411575873863
293,B,3,"[2016-10-28 09:40:00,2016-10-28 10:00:00)",107.8411575873863
294,B,3,"[2016-10-28 17:00:00,2016-10-28 17:20:00)",107.8411575873863
295,B,3,"[2016-10-28 17:20:00,2016-10-28 17:40:00)",100.32514162493146
296,B,3,"[2016-10-28 17:40:00,2016-10-28 18:00:00)",100.16521954251667
297,B,3,"[2016-10-28 18:00:00,2016-10-28 18:20:00)",100.10124699801715
298,B,3,"[2016-10-28 18:20:00,2016-10-28 18:40:00)",99.68091818850758
299,B,3,"[2016-10-28 18:40:00,2016-10-28 19:00:00)",99.53272480523424
300,B,3,"[2016-10-29 08:00:00,2016-10-29 08:20:00)",98.16443608517028
301,B,3,"[2016-10-29 08:20:00,2016-10-29 08:40:00)",107.73072331954421
302,B,3,"[2016-10-29 08:40:00,2016-10-29 09:00:00)",107.8411575873863
303,B,3,"[2016-10-29 09:00:00,2016-10-29 09:20:00)",107.8411575873863
304,B,3,"[2016-10-29 09:20:00,2016-10-29 09:40:00)",107.8411575873863
305,B,3,"[2016-10-29 09:40:00,2016-10-29 10:00:00)",107.8411575873863
306,B,3,"[2016-10-29 17:00:00,2016-10-29 17:20:00)",100.20153594193808
307,B,3,"[2016-10-29 17:20:00,2016-10-29 17:40:00)",100.32514162493146
308,B,3,"[2016-10-29 17:40:00,2016-10-29 18:00:00)",100.16521954251667
309,B,3,"[2016-10-29 18:00:00,2016-10-29 18:20:00)",100.10124699801715
310,B,3,"[2016-10-29 18:20:00,2016-10-29 18:40:00)",99.68091818850758
311,B,3,"[2016-10-29 18:40:00,2016-10-29 19:00:00)",99.53272480523424
312,B,3,"[2016-10-30 08:00:00,2016-10-30 08:20:00)",99.767671984401
313,B,3,"[2016-10-30 08:20:00,2016-10-30 08:40:00)",107.73072331954421
314,B,3,"[2016-10-30 08:40:00,2016-10-30 09:00:00)",107.8411575873863
315,B,3,"[2016-10-30 09:00:00,2016-10-30 09:20:00)",107.8411575873863
316,B,3,"[2016-10-30 09:20:00,2016-10-30 09:40:00)",107.8411575873863
317,B,3,"[2016-10-30 09:40:00,2016-10-30 10:00:00)",107.8411575873863
318,B,3,"[2016-10-30 17:00:00,2016-10-30 17:20:00)",101.14164350622082
319,B,3,"[2016-10-30 17:20:00,2016-10-30 17:40:00)",100.32514162493146
320,B,3,"[2016-10-30 17:40:00,2016-10-30 18:00:00)",100.16521954251667
321,B,3,"[2016-10-30 18:00:00,2016-10-30 18:20:00)",100.10124699801715
322,B,3,"[2016-10-30 18:20:00,2016-10-30 18:40:00)",99.68091818850758
323,B,3,"[2016-10-30 18:40:00,2016-10-30 19:00:00)",99.53272480523424
324,B,3,"[2016-10-31 08:00:00,2016-10-31 08:20:00)",108.12999709934694
325,B,3,"[2016-10-31 08:20:00,2016-10-31 08:40:00)",107.73072331954421
326,B,3,"[2016-10-31 08:40:00,2016-10-31 09:00:00)",107.8411575873863
327,B,3,"[2016-10-31 09:00:00,2016-10-31 09:20:00)",107.8411575873863
328,B,3,"[2016-10-31 09:20:00,2016-10-31 09:40:00)",107.8411575873863
329,B,3,"[2016-10-31 09:40:00,2016-10-31 10:00:00)",107.8411575873863
330,B,3,"[2016-10-31 17:00:00,2016-10-31 17:20:00)",99.99081273017507
331,B,3,"[2016-10-31 17:20:00,2016-10-31 17:40:00)",100.32514162493146
332,B,3,"[2016-10-31 17:40:00,2016-10-31 18:00:00)",100.16521954251667
333,B,3,"[2016-10-31 18:00:00,2016-10-31 18:20:00)",100.10124699801715
334,B,3,"[2016-10-31 18:20:00,2016-10-31 18:40:00)",99.68091818850758
335,B,3,"[2016-10-31 18:40:00,2016-10-31 19:00:00)",99.53272480523424
336,C,1,"[2016-10-25 08:00:00,2016-10-25 08:20:00)",177.3161708774423
337,C,1,"[2016-10-25 08:20:00,2016-10-25 08:40:00)",170.80888089982255
338,C,1,"[2016-10-25 08:40:00,2016-10-25 09:00:00)",171.63067893131702
339,C,1,"[2016-10-25 09:00:00,2016-10-25 09:20:00)",173.13874730676125
340,C,1,"[2016-10-25 09:20:00,2016-10-25 09:40:00)",174.09520762061055
341,C,1,"[2016-10-25 09:40:00,2016-10-25 10:00:00)",175.0710427156671
342,C,1,"[2016-10-25 17:00:00,2016-10-25 17:20:00)",175.05023856662513
343,C,1,"[2016-10-25 17:20:00,2016-10-25 17:40:00)",201.48793260916102
344,C,1,"[2016-10-25 17:40:00,2016-10-25 18:00:00)",199.78109814255848
345,C,1,"[2016-10-25 18:00:00,2016-10-25 18:20:00)",212.07409826592524
346,C,1,"[2016-10-25 18:20:00,2016-10-25 18:40:00)",205.79095251210813
347,C,1,"[2016-10-25 18:40:00,2016-10-25 19:00:00)",221.01139253632854
348,C,1,"[2016-10-26 08:00:00,2016-10-26 08:20:00)",172.71156490598725
349,C,1,"[2016-10-26 08:20:00,2016-10-26 08:40:00)",170.39078477345763
350,C,1,"[2016-10-26 08:40:00,2016-10-26 09:00:00)",170.97925582384926
351,C,1,"[2016-10-26 09:00:00,2016-10-26 09:20:00)",173.4236068596246
352,C,1,"[2016-10-26 09:20:00,2016-10-26 09:40:00)",175.18712050795898
353,C,1,"[2016-10-26 09:40:00,2016-10-26 10:00:00)",176.71596167910954
354,C,1,"[2016-10-26 17:00:00,2016-10-26 17:20:00)",229.6141933555929
355,C,1,"[2016-10-26 17:20:00,2016-10-26 17:40:00)",204.6138583022278
356,C,1,"[2016-10-26 17:40:00,2016-10-26 18:00:00)",202.90702383562524
357,C,1,"[2016-10-26 18:00:00,2016-10-26 18:20:00)",209.01040149187634
358,C,1,"[2016-10-26 18:20:00,2016-10-26 18:40:00)",203.40333464685673
359,C,1,"[2016-10-26 18:40:00,2016-10-26 19:00:00)",218.95369396172174
360,C,1,"[2016-10-27 08:00:00,2016-10-27 08:20:00)",180.32036203234227
361,C,1,"[2016-10-27 08:20:00,2016-10-27 08:40:00)",171.826952481227
362,C,1,"[2016-10-27 08:40:00,2016-10-27 09:00:00)",172.795518231116
363,C,1,"[2016-10-27 09:00:00,2016-10-27 09:20:00)",175.35099962467754
364,C,1,"[2016-10-27 09:20:00,2016-10-27 09:40:00)",176.48429496894403
365,C,1,"[2016-10-27 09:40:00,2016-10-27 10:00:00)",176.80895013411484
366,C,1,"[2016-10-27 17:00:00,2016-10-27 17:20:00)",189.54101749822544
367,C,1,"[2016-10-27 17:20:00,2016-10-27 17:40:00)",201.27618304886627
368,C,1,"[2016-10-27 17:40:00,2016-10-27 18:00:00)",199.5693485822637
369,C,1,"[2016-10-27 18:00:00,2016-10-27 18:20:00)",209.45598914499112
370,C,1,"[2016-10-27 18:20:00,2016-10-27 18:40:00)",206.4711018641325
371,C,1,"[2016-10-27 18:40:00,2016-10-27 19:00:00)",220.61097448432747
372,C,1,"[2016-10-28 08:00:00,2016-10-28 08:20:00)",184.4272514586677
373,C,1,"[2016-10-28 08:20:00,2016-10-28 08:40:00)",172.2588885879667
374,C,1,"[2016-10-28 08:40:00,2016-10-28 09:00:00)",172.95331249034564
375,C,1,"[2016-10-28 09:00:00,2016-10-28 09:20:00)",175.52091763453294
376,C,1,"[2016-10-28 09:20:00,2016-10-28 09:40:00)",177.99165076458343
377,C,1,"[2016-10-28 09:40:00,2016-10-28 10:00:00)",178.63267171495926
378,C,1,"[2016-10-28 17:00:00,2016-10-28 17:20:00)",203.64744371386885
379,C,1,"[2016-10-28 17:20:00,2016-10-28 17:40:00)",205.5436222482505
380,C,1,"[2016-10-28 17:40:00,2016-10-28 18:00:00)",205.80848184919245
381,C,1,"[2016-10-28 18:00:00,2016-10-28 18:20:00)",212.014299960573
382,C,1,"[2016-10-28 18:20:00,2016-10-28 18:40:00)",206.48039171410758
383,C,1,"[2016-10-28 18:40:00,2016-10-28 19:00:00)",223.60172070179232
384,C,1,"[2016-10-29 08:00:00,2016-10-29 08:20:00)",169.41390290772082
385,C,1,"[2016-10-29 08:20:00,2016-10-29 08:40:00)",171.98063791921714
386,C,1,"[2016-10-29 08:40:00,2016-10-29 09:00:00)",172.00908806655133
387,C,1,"[2016-10-29 09:00:00,2016-10-29 09:20:00)",173.31542334938382
388,C,1,"[2016-10-29 09:20:00,2016-10-29 09:40:00)",174.04219479495245
389,C,1,"[2016-10-29 09:40:00,2016-10-29 10:00:00)",174.76918395432563
390,C,1,"[2016-10-29 17:00:00,2016-10-29 17:20:00)",196.52837266339205
391,C,1,"[2016-10-29 17:20:00,2016-10-29 17:40:00)",203.30764561324048
392,C,1,"[2016-10-29 17:40:00,2016-10-29 18:00:00)",202.2318164688685
393,C,1,"[2016-10-29 18:00:00,2016-10-29 18:20:00)",211.746013699574
394,C,1,"[2016-10-29 18:20:00,2016-10-29 18:40:00)",205.99062923062948
395,C,1,"[2016-10-29 18:40:00,2016-10-29 19:00:00)",222.80450963063637
396,C,1,"[2016-10-30 08:00:00,2016-10-30 08:20:00)",171.20464558920165
397,C,1,"[2016-10-30 08:20:00,2016-10-30 08:40:00)",171.98063791921714
398,C,1,"[2016-10-30 08:40:00,2016-10-30 09:00:00)",172.00908806655133
399,C,1,"[2016-10-30 09:00:00,2016-10-30 09:20:00)",172.60235551328176
400,C,1,"[2016-10-30 09:20:00,2016-10-30 09:40:00)",173.26360492413073
401,C,1,"[2016-10-30 09:40:00,2016-10-30 10:00:00)",173.89339062554177
402,C,1,"[2016-10-30 17:00:00,2016-10-30 17:20:00)",216.8007250058462
403,C,1,"[2016-10-30 17:20:00,2016-10-30 17:40:00)",201.5323785523059
404,C,1,"[2016-10-30 17:40:00,2016-10-30 18:00:00)",200.50992253055847
405,C,1,"[2016-10-30 18:00:00,2016-10-30 18:20:00)",211.0804034416218
406,C,1,"[2016-10-30 18:20:00,2016-10-30 18:40:00)",203.52107000639126
407,C,1,"[2016-10-30 18:40:00,2016-10-30 19:00:00)",221.4211827007635
408,C,1,"[2016-10-31 08:00:00,2016-10-31 08:20:00)",174.71849111802229
409,C,1,"[2016-10-31 08:20:00,2016-10-31 08:40:00)",173.70682820616867
410,C,1,"[2016-10-31 08:40:00,2016-10-31 09:00:00)",173.73679153699126
411,C,1,"[2016-10-31 09:00:00,2016-10-31 09:20:00)",174.08479728757283
412,C,1,"[2016-10-31 09:20:00,2016-10-31 09:40:00)",175.13773464842907
413,C,1,"[2016-10-31 09:40:00,2016-10-31 10:00:00)",175.5530981705753
414,C,1,"[2016-10-31 17:00:00,2016-10-31 17:20:00)",174.92298574675345
415,C,1,"[2016-10-31 17:20:00,2016-10-31 17:40:00)",200.45649883334954
416,C,1,"[2016-10-31 17:40:00,2016-10-31 18:00:00)",199.38066968897755
417,C,1,"[2016-10-31 18:00:00,2016-10-31 18:20:00)",207.2698892841299
418,C,1,"[2016-10-31 18:20:00,2016-10-31 18:40:00)",205.75324476895022
419,C,1,"[2016-10-31 18:40:00,2016-10-31 19:00:00)",220.75591133849997
420,C,3,"[2016-10-25 08:00:00,2016-10-25 08:20:00)",174.7554105137396
421,C,3,"[2016-10-25 08:20:00,2016-10-25 08:40:00)",161.33672233226685
422,C,3,"[2016-10-25 08:40:00,2016-10-25 09:00:00)",160.9788551897101
423,C,3,"[2016-10-25 09:00:00,2016-10-25 09:20:00)",162.8497615161207
424,C,3,"[2016-10-25 09:20:00,2016-10-25 09:40:00)",161.94575863244694
425,C,3,"[2016-10-25 09:40:00,2016-10-25 10:00:00)",175.55715702444118
426,C,3,"[2016-10-25 17:00:00,2016-10-25 17:20:00)",156.52218759271818
427,C,3,"[2016-10-25 17:20:00,2016-10-25 17:40:00)",178.19321935111861
428,C,3,"[2016-10-25 17:40:00,2016-10-25 18:00:00)",177.94847618302904
429,C,3,"[2016-10-25 18:00:00,2016-10-25 18:20:00)",181.63017548057235
430,C,3,"[2016-10-25 18:20:00,2016-10-25 18:40:00)",181.9960858959493
431,C,3,"[2016-10-25 18:40:00,2016-10-25 19:00:00)",179.12007250688927
432,C,3,"[2016-10-26 08:00:00,2016-10-26 08:20:00)",158.40438887198567
433,C,3,"[2016-10-26 08:20:00,2016-10-26 08:40:00)",160.75443883380208
434,C,3,"[2016-10-26 08:40:00,2016-10-26 09:00:00)",160.39657169124538
435,C,3,"[2016-10-26 09:00:00,2016-10-26 09:20:00)",166.26397656567238
436,C,3,"[2016-10-26 09:20:00,2016-10-26 09:40:00)",166.55877949679433
437,C,3,"[2016-10-26 09:40:00,2016-10-26 10:00:00)",176.0293966217962
438,C,3,"[2016-10-26 17:00:00,2016-10-26 17:20:00)",168.23130355982093
439,C,3,"[2016-10-26 17:20:00,2016-10-26 17:40:00)",178.59818374483524
440,C,3,"[2016-10-26 17:40:00,2016-10-26 18:00:00)",180.4918814800522
441,C,3,"[2016-10-26 18:00:00,2016-10-26 18:20:00)",178.48547357448794
442,C,3,"[2016-10-26 18:20:00,2016-10-26 18:40:00)",178.66275708732832
443,C,3,"[2016-10-26 18:40:00,2016-10-26 19:00:00)",178.59894039872458
444,C,3,"[2016-10-27 08:00:00,2016-10-27 08:20:00)",179.06658326458276
445,C,3,"[2016-10-27 08:20:00,2016-10-27 08:40:00)",161.00136496785527
446,C,3,"[2016-10-27 08:40:00,2016-10-27 09:00:00)",160.64349782529854
447,C,3,"[2016-10-27 09:00:00,2016-10-27 09:20:00)",172.87218862030045
448,C,3,"[2016-10-27 09:20:00,2016-10-27 09:40:00)",172.23791290789728
449,C,3,"[2016-10-27 09:40:00,2016-10-27 10:00:00)",177.10832219762057
450,C,3,"[2016-10-27 17:00:00,2016-10-27 17:20:00)",167.6317258532581
451,C,3,"[2016-10-27 17:20:00,2016-10-27 17:40:00)",176.94619566363994
452,C,3,"[2016-10-27 17:40:00,2016-10-27 18:00:00)",179.31932060668288
453,C,3,"[2016-10-27 18:00:00,2016-10-27 18:20:00)",177.14273160900396
454,C,3,"[2016-10-27 18:20:00,2016-10-27 18:40:00)",178.52983257878506
455,C,3,"[2016-10-27 18:40:00,2016-10-27 19:00:00)",178.46601589018132
456,C,3,"[2016-10-28 08:00:00,2016-10-28 08:20:00)",181.48309492820636
457,C,3,"[2016-10-28 08:20:00,2016-10-28 08:40:00)",158.01288485483929
458,C,3,"[2016-10-28 08:40:00,2016-10-28 09:00:00)",157.46968101573037
459,C,3,"[2016-10-28 09:00:00,2016-10-28 09:20:00)",162.03662741395877
460,C,3,"[2016-10-28 09:20:00,2016-10-28 09:40:00)",160.80564057252607
461,C,3,"[2016-10-28 09:40:00,2016-10-28 10:00:00)",176.30322722411077
462,C,3,"[2016-10-28 17:00:00,2016-10-28 17:20:00)",159.54702322662538
463,C,3,"[2016-10-28 17:20:00,2016-10-28 17:40:00)",179.94173736616375
464,C,3,"[2016-10-28 17:40:00,2016-10-28 18:00:00)",181.3280922896942
465,C,3,"[2016-10-28 18:00:00,2016-10-28 18:20:00)",180.24354245839803
466,C,3,"[2016-10-28 18:20:00,2016-10-28 18:40:00)",180.86458934619924
467,C,3,"[2016-10-28 18:40:00,2016-10-28 19:00:00)",181.72565567104917
468,C,3,"[2016-10-29 08:00:00,2016-10-29 08:20:00)",170.43508833756297
469,C,3,"[2016-10-29 08:20:00,2016-10-29 08:40:00)",157.29637399828377
470,C,3,"[2016-10-29 08:40:00,2016-10-29 09:00:00)",156.75317015917486
471,C,3,"[2016-10-29 09:00:00,2016-10-29 09:20:00)",161.55987732327299
472,C,3,"[2016-10-29 09:20:00,2016-10-29 09:40:00)",160.32889048184032
473,C,3,"[2016-10-29 09:40:00,2016-10-29 10:00:00)",175.8970804083051
474,C,3,"[2016-10-29 17:00:00,2016-10-29 17:20:00)",160.05976952758533
475,C,3,"[2016-10-29 17:20:00,2016-10-29 17:40:00)",177.9078131821945
476,C,3,"[2016-10-29 17:40:00,2016-10-29 18:00:00)",179.771050129876
477,C,3,"[2016-10-29 18:00:00,2016-10-29 18:20:00)",178.97640290479217
478,C,3,"[2016-10-29 18:20:00,2016-10-29 18:40:00)",181.64362883514244
479,C,3,"[2016-10-29 18:40:00,2016-10-29 19:00:00)",182.3481953201638
480,C,3,"[2016-10-30 08:00:00,2016-10-30 08:20:00)",148.4272470339905
481,C,3,"[2016-10-30 08:20:00,2016-10-30 08:40:00)",157.69208098042725
482,C,3,"[2016-10-30 08:40:00,2016-10-30 09:00:00)",156.6624218466932
483,C,3,"[2016-10-30 09:00:00,2016-10-30 09:20:00)",161.80657185202833
484,C,3,"[2016-10-30 09:20:00,2016-10-30 09:40:00)",160.5755850105957
485,C,3,"[2016-10-30 09:40:00,2016-10-30 10:00:00)",175.66962055152368
486,C,3,"[2016-10-30 17:00:00,2016-10-30 17:20:00)",182.9331821005819
487,C,3,"[2016-10-30 17:20:00,2016-10-30 17:40:00)",179.01506100058563
488,C,3,"[2016-10-30 17:40:00,2016-10-30 18:00:00)",180.87829794826712
489,C,3,"[2016-10-30 18:00:00,2016-10-30 18:20:00)",179.109673129279
490,C,3,"[2016-10-30 18:20:00,2016-10-30 18:40:00)",181.97642318720992
491,C,3,"[2016-10-30 18:40:00,2016-10-30 19:00:00)",182.6809896722313
492,C,3,"[2016-10-31 08:00:00,2016-10-31 08:20:00)",184.0291701405746
493,C,3,"[2016-10-31 08:20:00,2016-10-31 08:40:00)",157.53613476415353
494,C,3,"[2016-10-31 08:40:00,2016-10-31 09:00:00)",156.99293092504462
495,C,3,"[2016-10-31 09:00:00,2016-10-31 09:20:00)",161.1251304895348
496,C,3,"[2016-10-31 09:20:00,2016-10-31 09:40:00)",159.8941436481021
497,C,3,"[2016-10-31 09:40:00,2016-10-31 10:00:00)",175.72875305775358
498,C,3,"[2016-10-31 17:00:00,2016-10-31 17:20:00)",176.3206210280422
499,C,3,"[2016-10-31 17:20:00,2016-10-31 17:40:00)",177.67079697447824
500,C,3,"[2016-10-31 17:40:00,2016-10-31 18:00:00)",176.76167620970654
501,C,3,"[2016-10-31 18:00:00,2016-10-31 18:20:00)",177.02290564866888
502,C,3,"[2016-10-31 18:20:00,2016-10-31 18:40:00)",177.7439333610101
503,C,3,"[2016-10-31 18:40:00,2016-10-31 19:00:00)",177.68569073329294
