date,hour,pressure,sea_pressure,wind_direction,wind_speed,temperature,rel_humidity,precipitation
2016-07-01,0,1000.4,1005.3,225.0,2.1,26.4,94.0,0.0
2016-07-01,3,1000.5,1005.3,187.0,2.7,29.0,76.0,0.0
2016-07-01,6,998.9,1003.7,212.0,2.9,31.7,67.0,0.0
2016-07-01,9,998.7,1003.5,244.0,2.7,31.6,59.0,0.0
2016-07-01,12,999.7,1004.5,222.0,1.3,29.9,68.0,0.0
2016-07-01,15,1000.0,1004.8,102.0,1.6,27.8,82.0,0.0
2016-07-01,18,998.8,1003.6,202.0,1.9,26.0,89.0,0.0
2016-07-01,21,1000.2,1005.0,334.0,2.2,25.5,90.0,0.0
2016-07-02,0,1001.6,1006.4,315.0,1.8,26.8,82.0,0.0
2016-07-02,3,1002.4,1007.2,46.0,3.2,30.0,70.0,0.0
2016-07-02,6,1001.3,1006.2,37.0,2.2,29.3,80.0,1.0
2016-07-02,9,1001.9,1006.8,345.0,2.4,25.9,95.0,10.2
2016-07-02,12,1003.6,1008.5,113.0,1.0,25.1,94.0,0.2
2016-07-02,15,1002.4,1007.3,138.0,1.0,25.3,96.0,0.0
2016-07-02,18,1000.9,1005.8,221.0,0.7,25.4,96.0,0.0
2016-07-02,21,1000.9,1005.8,999017.0,0.1,25.2,98.0,0.0
2016-07-03,0,1001.5,1006.4,220.0,1.5,25.8,97.0,0.0
2016-07-03,3,1001.5,1006.4,200.0,1.6,27.0,93.0,0.1
2016-07-03,6,1000.8,1005.7,207.0,1.8,27.4,92.0,0.0
2016-07-03,9,1000.8,1005.7,223.0,1.1,27.7,91.0,0.1
2016-07-03,12,1001.6,1006.5,137.0,0.6,26.9,91.0,0.0
2016-07-03,15,1002.2,1007.1,173.0,0.4,26.0,96.0,0.1
2016-07-03,18,1000.5,1005.4,330.0,0.7,25.7,98.0,0.4
2016-07-03,21,1000.4,1005.3,999017.0,0.0,25.7,98.0,0.0
2016-07-04,0,1000.6,1005.5,176.0,2.0,26.3,97.0,0.0
2016-07-04,3,1000.5,1005.3,179.0,2.1,31.8,69.0,0.0
2016-07-04,6,999.7,1004.5,160.0,1.7,34.7,56.0,0.0
2016-07-04,9,998.8,1003.6,287.0,1.4,34.8,55.0,0.0
2016-07-04,12,1001.1,1006.0,340.0,1.0,29.7,78.0,0.0
2016-07-04,15,1001.1,1005.9,188.0,1.3,27.8,79.0,0.0
2016-07-04,18,1000.8,1005.6,188.0,2.2,27.7,80.0,0.0
2016-07-04,21,1002.8,1007.6,261.0,0.3,26.5,87.0,0.0
2016-07-05,0,1003.9,1008.7,205.0,2.0,28.9,78.0,0.0
2016-07-05,3,1004.7,1009.5,122.0,1.2,33.2,62.0,0.0
2016-07-05,6,1003.7,1008.5,192.0,3.2,34.8,53.0,0.0
2016-07-05,9,1004.4,1009.3,334.0,5.3,28.7,74.0,0.0
2016-07-05,12,1006.7,1011.6,287.0,0.7,25.7,91.0,0.7
2016-07-05,15,1006.8,1011.7,224.0,2.0,25.0,93.0,0.7
2016-07-05,18,1006.5,1011.3,205.0,1.0,24.7,96.0,0.0
2016-07-05,21,1006.8,1011.7,229.0,1.2,24.6,96.0,0.0
2016-07-06,0,1007.5,1012.4,188.0,1.4,26.0,90.0,0.0
2016-07-06,3,1007.5,1012.4,183.0,2.3,32.0,63.0,0.0
2016-07-06,6,1006.4,1011.2,98.0,2.2,34.7,54.0,0.0
2016-07-06,9,1004.8,1009.6,94.0,2.0,34.2,54.0,0.0
2016-07-06,12,1006.0,1010.9,348.0,2.6,30.5,76.0,0.0
2016-07-06,15,1006.4,1011.2,326.0,1.9,28.4,84.0,0.0
2016-07-06,18,1005.5,1010.3,302.0,2.8,27.3,92.0,0.0
2016-07-06,21,1005.8,1010.6,311.0,1.5,26.9,93.0,0.0
2016-07-07,0,1005.8,1010.6,160.0,1.9,30.4,72.0,0.0
2016-07-07,3,1005.9,1010.7,276.0,1.1,32.0,63.0,0.0
2016-07-07,6,1003.7,1008.5,336.0,2.7,32.4,69.0,0.0
2016-07-07,9,1002.5,1007.3,76.0,5.1,31.5,68.0,0.0
2016-07-07,12,1003.4,1008.2,108.0,1.4,28.2,71.0,0.0
2016-07-07,15,1002.9,1007.7,47.0,2.1,28.0,84.0,0.0
2016-07-07,18,1002.4,1007.2,63.0,2.1,27.1,89.0,0.0
2016-07-07,21,1002.1,1006.9,24.0,1.8,26.8,90.0,0.0
2016-07-08,0,1002.8,1007.7,62.0,3.3,27.7,83.0,0.0
2016-07-08,3,1001.7,1006.5,100.0,3.3,31.5,65.0,0.0
2016-07-08,6,1000.5,1005.3,95.0,4.6,29.6,73.0,0.0
2016-07-08,9,999.1,1003.9,80.0,3.3,31.5,64.0,0.0
2016-07-08,12,1000.4,1005.2,56.0,2.9,28.3,79.0,0.0
2016-07-08,15,1000.4,1005.2,62.0,3.6,27.3,84.0,0.0
2016-07-08,18,999.3,1004.1,70.0,1.9,27.2,86.0,0.0
2016-07-08,21,999.7,1004.5,73.0,1.8,26.9,89.0,0.0
2016-07-09,0,1000.0,1004.8,76.0,1.8,27.2,89.0,0.0
2016-07-09,3,999.4,1004.2,78.0,3.7,29.4,78.0,0.0
2016-07-09,6,998.1,1002.9,85.0,4.4,30.1,74.0,0.0
2016-07-09,9,997.9,1002.8,71.0,2.7,27.1,92.0,7.3
2016-07-09,12,998.2,1003.1,63.0,2.2,26.7,93.0,0.2
2016-07-09,15,998.5,1003.3,89.0,3.0,27.0,92.0,0.0
2016-07-09,18,997.1,1001.9,76.0,2.8,26.8,91.0,0.0
2016-07-09,21,997.2,1002.0,96.0,2.5,26.8,91.0,0.0
2016-07-10,0,997.1,1001.9,30.0,1.9,28.1,87.0,0.0
2016-07-10,3,996.7,1001.5,102.0,1.9,30.9,76.0,0.0
2016-07-10,6,994.9,999.7,85.0,2.7,29.6,83.0,0.0
2016-07-10,9,994.6,999.4,58.0,2.9,28.7,81.0,0.0
2016-07-10,12,996.0,1000.8,35.0,1.8,27.9,87.0,0.0
2016-07-10,15,996.4,1001.2,45.0,1.6,27.4,92.0,0.1
2016-07-10,18,995.5,1000.3,73.0,0.7,27.0,95.0,0.1
2016-07-10,21,995.4,1000.2,43.0,0.8,26.4,97.0,0.0
2016-07-11,0,996.3,1001.1,171.0,1.4,27.4,92.0,0.0
2016-07-11,3,996.2,1001.0,251.0,1.1,27.7,91.0,0.7
2016-07-11,6,994.8,999.6,169.0,0.7,30.5,78.0,0.0
2016-07-11,9,994.1,998.9,81.0,2.4,30.3,80.0,0.0
2016-07-11,12,994.8,999.6,999017.0,0.2,27.3,94.0,2.7
2016-07-11,15,995.8,1000.6,206.0,1.3,26.4,97.0,0.5
2016-07-11,18,994.4,999.2,210.0,2.0,26.3,97.0,0.0
2016-07-11,21,995.2,1000.0,185.0,1.6,26.2,98.0,0.0
2016-07-12,0,996.7,1001.5,315.0,0.6,27.4,94.0,0.0
2016-07-12,3,996.5,1001.3,266.0,1.9,29.8,85.0,0.5
2016-07-12,6,994.9,999.7,152.0,1.8,34.7,60.0,0.0
2016-07-12,9,994.6,999.4,125.0,3.1,32.4,69.0,0.0
2016-07-12,12,995.6,1000.4,142.0,1.8,30.7,75.0,0.0
2016-07-12,15,996.1,1000.9,213.0,1.5,28.9,86.0,0.0
2016-07-12,18,995.4,1000.2,209.0,2.7,27.8,93.0,0.0
2016-07-12,21,995.9,1000.7,289.0,1.2,27.5,92.0,0.0
2016-07-13,0,997.4,1002.2,214.0,3.0,30.0,81.0,0.0
2016-07-13,3,997.1,1001.9,239.0,1.7,33.7,67.0,0.0
2016-07-13,6,995.5,1000.3,213.0,2.4,35.9,56.0,0.0
2016-07-13,9,996.0,1000.8,246.0,4.3,32.1,66.0,0.0
2016-07-13,12,998.0,1002.8,304.0,1.7,29.1,83.0,0.0
2016-07-13,15,999.2,1004.0,327.0,0.9,28.6,87.0,0.0
2016-07-13,18,998.1,1002.9,219.0,1.4,28.1,90.0,0.0
2016-07-13,21,998.6,1003.4,225.0,1.5,27.7,92.0,0.0
2016-07-14,0,999.1,1003.9,221.0,2.2,29.1,86.0,0.0
2016-07-14,3,998.8,1003.6,195.0,4.6,33.4,63.0,0.0
2016-07-14,6,997.1,1001.9,333.0,3.3,32.1,67.0,0.0
2016-07-14,9,997.9,1002.7,287.0,3.2,30.0,78.0,0.0
2016-07-14,12,998.4,1003.2,177.0,0.8,28.0,88.0,0.0
2016-07-14,15,998.7,1003.5,309.0,1.4,27.6,90.0,0.0
2016-07-14,18,997.7,1002.5,196.0,1.4,27.3,91.0,0.0
2016-07-14,21,996.8,1001.6,220.0,2.7,27.0,93.0,0.0
2016-07-15,0,997.1,1001.9,214.0,3.1,30.4,76.0,0.0
2016-07-15,3,996.0,1000.8,203.0,4.5,33.7,61.0,0.0
2016-07-15,6,994.6,999.4,211.0,2.3,36.3,52.0,0.0
2016-07-15,9,993.4,998.2,212.0,5.1,35.7,51.0,0.0
2016-07-15,12,994.7,999.5,229.0,2.1,33.0,60.0,0.0
2016-07-15,15,995.6,1000.4,227.0,2.1,31.4,68.0,0.0
2016-07-15,18,995.9,1000.6,287.0,1.9,29.4,80.0,0.0
2016-07-15,21,997.5,1002.3,340.0,4.1,25.2,90.0,0.3
2016-07-16,0,999.3,1004.1,340.0,2.6,24.0,93.0,2.0
2016-07-16,3,1000.4,1005.2,345.0,1.3,24.9,91.0,0.4
2016-07-16,6,1000.6,1005.5,233.0,0.4,25.3,90.0,0.0
2016-07-16,9,999.9,1004.8,86.0,1.7,25.9,87.0,0.0
2016-07-16,12,1002.1,1007.0,281.0,0.7,25.6,90.0,0.0
2016-07-16,15,1003.0,1007.9,220.0,1.0,25.8,89.0,0.0
2016-07-16,18,1002.2,1007.1,225.0,1.4,25.0,93.0,0.0
2016-07-16,21,1002.4,1007.3,232.0,1.5,24.7,95.0,0.0
2016-07-17,0,1003.6,1008.5,157.0,1.8,27.3,86.0,0.0
2016-07-17,3,1003.0,1007.9,260.0,2.7,30.7,66.0,0.0
2016-07-17,6,1001.7,1006.5,200.0,1.5,31.8,62.0,0.0
2016-07-17,9,1000.7,1005.5,239.0,1.3,32.6,60.0,0.0
2016-07-17,12,1002.0,1006.8,65.0,3.1,30.0,78.0,0.0
2016-07-17,15,1002.3,1007.1,61.0,1.3,28.5,87.0,0.0
2016-07-17,18,1001.5,1006.3,226.0,1.5,26.9,94.0,0.0
2016-07-17,21,1001.4,1006.2,225.0,0.7,26.1,96.0,0.0
2016-07-18,0,1002.5,1007.3,174.0,1.3,28.9,80.0,0.0
2016-07-18,3,1001.4,1006.2,170.0,0.9,32.7,63.0,0.0
2016-07-18,6,999.4,1004.2,67.0,2.1,33.5,57.0,0.0
2016-07-18,9,999.1,1003.9,302.0,0.8,29.2,83.0,0.0
2016-07-18,12,1000.5,1005.4,240.0,1.3,25.2,92.0,0.1
2016-07-18,15,1001.2,1006.0,183.0,1.0,25.0,90.0,0.0
2016-07-18,18,1000.4,1005.2,242.0,0.3,24.8,91.0,0.0
2016-07-18,21,1000.1,1005.0,220.0,1.3,24.8,92.0,0.0
2016-07-19,0,1000.9,1005.8,219.0,3.3,27.5,81.0,0.0
2016-07-19,3,1000.5,1005.3,212.0,3.8,31.7,65.0,0.0
2016-07-19,6,999.7,1004.5,239.0,1.9,31.8,64.0,0.0
2016-07-19,9,998.7,1003.5,218.0,2.0,31.5,69.0,0.0
2016-07-19,12,1000.2,1005.0,215.0,0.7,30.0,77.0,0.0
2016-07-19,15,1001.0,1005.8,202.0,1.5,29.0,80.0,0.0
2016-07-19,18,999.6,1004.4,198.0,2.1,27.7,88.0,0.0
2016-07-19,21,999.0,1003.8,208.0,2.0,26.5,93.0,0.0
2016-07-20,0,1000.2,1005.0,200.0,2.9,30.3,72.0,0.0
2016-07-20,3,999.7,1004.5,207.0,5.4,34.8,48.0,0.0
2016-07-20,6,998.7,1003.5,199.0,4.7,37.1,41.0,0.0
2016-07-20,9,998.7,1003.5,217.0,3.4,37.0,40.0,0.0
2016-07-20,12,1000.2,1005.0,224.0,2.5,33.0,53.0,0.0
2016-07-20,15,1001.3,1006.1,208.0,2.1,30.6,63.0,0.0
2016-07-20,18,1000.9,1005.7,210.0,2.5,29.0,69.0,0.0
2016-07-20,21,1001.7,1006.5,222.0,2.3,27.3,79.0,0.0
2016-07-21,0,1003.0,1007.8,197.0,1.8,31.1,63.0,0.0
2016-07-21,3,1002.4,1007.2,210.0,4.6,35.6,47.0,0.0
2016-07-21,6,1001.5,1006.3,205.0,4.7,37.2,44.0,0.0
2016-07-21,9,1000.2,1005.0,195.0,3.2,37.6,42.0,0.0
2016-07-21,12,1001.0,1005.8,258.0,1.6,33.5,53.0,0.0
2016-07-21,15,1001.9,1006.7,208.0,3.2,31.4,66.0,0.0
2016-07-21,18,1001.7,1006.5,207.0,2.4,29.9,70.0,0.0
2016-07-21,21,1002.1,1006.9,199.0,2.5,29.0,75.0,0.0
2016-07-22,0,1003.2,1008.0,194.0,1.9,31.6,68.0,0.0
2016-07-22,3,1002.7,1007.5,212.0,3.0,35.5,51.0,0.0
2016-07-22,6,1001.0,1005.8,220.0,3.6,37.6,45.0,0.0
2016-07-22,9,1000.0,1004.8,226.0,1.9,37.2,45.0,0.0
2016-07-22,12,1000.7,1005.5,238.0,1.7,33.4,54.0,0.0
2016-07-22,15,1001.7,1006.5,190.0,1.6,31.3,67.0,0.0
2016-07-22,18,1000.9,1005.7,205.0,2.1,29.8,74.0,0.0
2016-07-22,21,1001.2,1006.0,207.0,1.3,27.7,83.0,0.0
2016-07-23,0,1002.7,1007.5,221.0,2.4,31.3,69.0,0.0
2016-07-23,3,1002.5,1007.3,169.0,2.6,36.2,52.0,0.0
2016-07-23,6,1000.5,1005.3,206.0,1.8,38.3,42.0,0.0
2016-07-23,9,999.7,1004.5,236.0,1.6,38.0,45.0,0.0
2016-07-23,12,1000.9,1005.7,106.0,1.5,35.6,50.0,0.0
2016-07-23,15,1001.9,1006.6,150.0,1.2,33.6,61.0,0.0
2016-07-23,18,1001.6,1006.3,213.0,1.1,31.1,71.0,0.0
2016-07-23,21,1002.0,1006.8,223.0,1.8,29.0,82.0,0.0
2016-07-24,0,1003.2,1008.0,225.0,1.2,32.1,70.0,0.0
2016-07-24,3,1003.3,1008.0,181.0,1.9,36.8,52.0,0.0
2016-07-24,6,1001.6,1006.3,285.0,1.7,38.8,40.0,0.0
2016-07-24,9,1001.0,1005.8,177.0,0.9,39.4,38.0,0.0
2016-07-24,12,1001.8,1006.6,96.0,2.1,35.0,61.0,0.0
2016-07-24,15,1003.0,1007.7,190.0,1.4,33.3,65.0,0.0
2016-07-24,18,1002.2,1006.9,113.0,0.5,31.1,72.0,0.0
2016-07-24,21,1002.8,1007.6,214.0,1.9,29.9,79.0,0.0
2016-07-25,0,1003.8,1008.6,185.0,1.6,32.1,73.0,0.0
2016-07-25,3,1003.0,1007.8,191.0,2.5,35.5,58.0,0.0
2016-07-25,6,1001.0,1005.7,198.0,2.0,38.8,43.0,0.0
2016-07-25,9,1000.2,1005.0,79.0,4.1,37.6,50.0,0.0
2016-07-25,12,1001.2,1006.0,80.0,2.8,35.4,53.0,0.0
2016-07-25,15,1001.9,1006.7,271.0,0.6,32.9,69.0,0.0
2016-07-25,18,1000.9,1005.6,201.0,1.4,31.2,76.0,0.0
2016-07-25,21,1001.4,1006.2,235.0,1.7,29.6,82.0,0.0
2016-07-26,0,1002.0,1006.8,200.0,2.7,31.9,72.0,0.0
2016-07-26,3,1001.0,1005.7,180.0,2.7,36.2,56.0,0.0
2016-07-26,6,999.0,1003.7,254.0,2.2,38.4,43.0,0.0
2016-07-26,9,998.2,1002.9,291.0,1.5,38.8,42.0,0.0
2016-07-26,12,999.6,1004.4,197.0,1.1,32.3,57.0,0.0
2016-07-26,15,1000.6,1005.4,352.0,0.7,31.5,61.0,0.0
2016-07-26,18,1000.0,1004.7,201.0,1.3,30.2,75.0,0.0
2016-07-26,21,1000.6,1005.4,184.0,1.5,29.5,80.0,0.0
2016-07-27,0,1001.5,1006.3,233.0,3.1,31.9,72.0,0.0
2016-07-27,3,1000.5,1005.3,209.0,2.8,36.6,54.0,0.0
2016-07-27,6,998.8,1003.5,189.0,1.7,38.6,42.0,0.0
2016-07-27,9,998.7,1003.4,240.0,2.8,38.2,42.0,0.0
2016-07-27,12,1001.4,1006.2,135.0,1.6,31.5,55.0,0.0
2016-07-27,15,1000.7,1005.5,221.0,2.0,30.8,58.0,0.0
2016-07-27,18,1001.1,1005.8,281.0,0.9,30.1,69.0,0.0
2016-07-27,21,1001.1,1005.9,222.0,1.4,29.5,75.0,0.0
2016-07-28,0,1001.9,1006.7,242.0,1.7,31.9,70.0,0.0
2016-07-28,3,1001.5,1006.3,206.0,1.4,36.7,55.0,0.0
2016-07-28,6,1000.3,1005.0,202.0,3.3,38.6,43.0,0.0
2016-07-28,9,999.7,1004.5,128.0,2.0,38.0,44.0,0.0
2016-07-28,12,1000.4,1005.2,135.0,1.7,34.7,54.0,0.0
2016-07-28,15,1001.5,1006.2,169.0,1.8,33.5,58.0,0.0
2016-07-28,18,1001.3,1006.0,228.0,2.7,30.7,70.0,0.0
2016-07-28,21,1001.4,1006.2,220.0,1.8,29.6,72.0,0.0
2016-07-29,0,1002.9,1007.7,216.0,2.4,31.9,65.0,0.0
2016-07-29,3,1002.7,1007.4,300.0,2.3,36.3,49.0,0.0
2016-07-29,6,1001.0,1005.7,27.0,2.4,38.3,43.0,0.0
2016-07-29,9,1000.3,1005.1,82.0,5.4,38.0,44.0,0.0
2016-07-29,12,1001.7,1006.5,98.0,2.3,34.2,57.0,0.0
2016-07-29,15,1002.2,1007.0,184.0,1.5,32.8,63.0,0.0
2016-07-29,18,1001.5,1006.2,230.0,0.9,30.9,71.0,0.0
2016-07-29,21,1002.1,1006.9,222.0,1.5,29.3,77.0,0.0
2016-07-30,0,1003.4,1008.2,213.0,1.0,31.9,66.0,0.0
2016-07-30,3,1003.3,1008.1,159.0,1.3,36.3,52.0,0.0
2016-07-30,6,1002.1,1006.9,50.0,4.0,37.0,47.0,0.0
2016-07-30,9,1000.6,1005.4,80.0,2.8,36.1,53.0,0.0
2016-07-30,12,1001.9,1006.7,61.0,2.9,33.1,68.0,0.0
2016-07-30,15,1003.0,1007.8,57.0,1.9,31.8,71.0,0.0
2016-07-30,18,1002.7,1007.5,162.0,2.4,30.7,68.0,0.0
2016-07-30,21,1002.5,1007.3,125.0,1.9,29.5,68.0,0.0
2016-07-31,0,1003.9,1008.7,161.0,3.4,31.2,63.0,0.0
2016-07-31,3,1003.7,1008.5,105.0,1.0,34.8,50.0,0.0
2016-07-31,6,1002.0,1006.8,39.0,3.4,35.8,49.0,0.0
2016-07-31,9,1000.8,1005.6,81.0,4.9,34.4,60.0,0.0
2016-07-31,12,1002.1,1006.9,64.0,4.4,31.7,65.0,0.0
2016-07-31,15,1003.2,1008.0,126.0,1.9,30.4,65.0,0.0
2016-07-31,18,1002.2,1007.0,115.0,1.9,29.2,70.0,0.0
2016-07-31,21,1002.8,1007.6,116.0,0.9,28.2,72.0,0.0
2016-08-01,0,1003.5,1008.3,102.0,1.8,31.7,61.0,0.0
2016-08-01,3,1002.4,1007.2,151.0,1.7,33.7,56.0,0.0
2016-08-01,6,1001.1,1005.9,65.0,2.5,34.4,56.0,0.0
2016-08-01,9,1000.1,1004.9,80.0,2.1,34.5,59.0,0.0
2016-08-01,12,1000.9,1005.7,57.0,2.0,31.0,77.0,0.0
2016-08-01,15,1001.8,1006.6,125.0,1.4,30.9,76.0,0.0
2016-08-01,18,1001.2,1006.0,177.0,2.5,30.3,69.0,0.0
2016-08-01,21,1000.9,1005.7,172.0,1.4,29.2,73.0,0.0
2016-08-02,0,1001.9,1006.7,195.0,1.7,30.8,65.0,0.0
2016-08-02,3,1001.8,1006.6,175.0,3.0,34.9,53.0,0.0
2016-08-02,6,999.5,1004.3,216.0,2.8,37.3,44.0,0.0
2016-08-02,9,998.0,1002.8,51.0,1.7,34.8,56.0,0.0
2016-08-02,12,1000.1,1004.9,88.0,2.3,30.9,70.0,0.0
2016-08-02,15,1003.1,1007.9,310.0,3.1,24.5,94.0,4.8
2016-08-02,18,1002.5,1007.3,221.0,1.8,24.7,96.0,3.6
2016-08-02,21,1001.5,1006.3,215.0,2.7,24.9,95.0,0.3
2016-08-03,0,1003.2,1008.1,227.0,0.7,26.2,89.0,0.0
2016-08-03,3,1003.9,1008.8,332.0,1.8,30.8,70.0,0.0
2016-08-03,6,1002.4,1007.2,334.0,2.7,33.0,62.0,0.0
2016-08-03,9,1001.8,1006.6,28.0,1.7,32.2,63.0,0.0
2016-08-03,12,1003.2,1008.1,203.0,3.8,29.7,75.0,0.0
2016-08-03,15,1004.2,1009.1,266.0,1.8,26.7,86.0,0.0
2016-08-03,18,1002.8,1007.6,226.0,1.8,26.0,85.0,0.0
2016-08-03,21,1003.5,1008.3,999017.0,0.0,25.6,89.0,0.0
2016-08-04,0,1004.5,1009.3,223.0,2.5,28.4,79.0,0.0
2016-08-04,3,1004.3,1009.1,207.0,2.0,31.7,66.0,0.0
2016-08-04,6,1002.3,1007.1,302.0,2.3,34.8,53.0,0.0
2016-08-04,9,1001.9,1006.8,177.0,2.3,28.1,84.0,0.7
2016-08-04,12,1004.3,1009.2,242.0,1.1,26.4,94.0,1.4
2016-08-04,15,1004.4,1009.3,207.0,2.4,25.5,95.0,0.0
2016-08-04,18,1004.0,1008.8,206.0,1.5,25.2,95.0,0.0
2016-08-04,21,1003.6,1008.5,273.0,0.5,24.9,94.0,0.0
2016-08-05,0,1004.5,1009.4,200.0,0.6,27.1,87.0,0.0
2016-08-05,3,1003.6,1008.5,280.0,1.9,31.5,70.0,0.0
2016-08-05,6,1001.9,1006.7,88.0,1.6,33.7,57.0,0.0
2016-08-05,9,1000.6,1005.4,999017.0,0.0,32.5,64.0,0.0
2016-08-05,12,1002.0,1006.8,305.0,2.9,29.5,76.0,0.0
2016-08-05,15,1002.6,1007.4,303.0,1.9,29.0,79.0,0.0
2016-08-05,18,1001.5,1006.3,295.0,2.4,28.6,83.0,0.0
2016-08-05,21,1001.1,1005.9,295.0,1.9,27.3,89.0,0.0
2016-08-06,0,1001.4,1006.2,251.0,0.9,29.0,82.0,0.0
2016-08-06,3,1000.8,1005.6,290.0,1.7,32.3,65.0,0.0
2016-08-06,6,999.0,1003.8,999017.0,0.0,28.1,88.0,2.0
2016-08-06,9,998.5,1003.3,96.0,1.7,30.3,77.0,0.0
2016-08-06,12,999.2,1004.0,82.0,1.6,29.7,81.0,0.0
2016-08-06,15,999.7,1004.5,103.0,1.8,28.6,79.0,0.0
2016-08-06,18,998.7,1003.5,111.0,1.4,27.7,81.0,0.0
2016-08-06,21,998.9,1003.7,110.0,1.0,26.9,88.0,0.0
2016-08-07,0,999.6,1004.4,170.0,2.9,29.4,73.0,0.0
2016-08-07,3,999.2,1004.0,109.0,1.5,33.5,57.0,0.0
2016-08-07,6,997.7,1002.5,92.0,3.9,34.9,53.0,0.0
2016-08-07,9,997.1,1001.9,78.0,6.5,32.7,62.0,0.0
2016-08-07,12,998.9,1003.7,72.0,3.3,30.5,69.0,0.0
2016-08-07,15,1000.0,1004.8,95.0,4.0,29.5,66.0,0.0
2016-08-07,18,999.4,1004.2,85.0,1.6,27.8,74.0,0.0
2016-08-07,21,999.6,1004.4,88.0,1.9,27.0,80.0,0.0
2016-08-08,0,999.9,1004.7,67.0,2.4,30.1,67.0,0.0
2016-08-08,3,1000.1,1004.9,107.0,2.1,32.7,60.0,0.0
2016-08-08,6,998.3,1003.1,86.0,4.1,34.7,50.0,0.0
2016-08-08,9,998.0,1002.8,63.0,4.9,32.7,55.0,0.0
2016-08-08,12,999.7,1004.5,83.0,1.9,29.8,75.0,0.0
2016-08-08,15,1000.5,1005.3,98.0,4.1,28.9,75.0,0.0
2016-08-08,18,999.7,1004.5,112.0,1.2,28.1,77.0,0.0
2016-08-08,21,999.8,1004.6,290.0,1.1,25.1,95.0,0.7
2016-08-09,0,1000.6,1005.5,18.0,1.0,25.4,95.0,14.2
2016-08-09,3,999.9,1004.7,292.0,1.5,27.4,93.0,2.4
2016-08-09,6,998.4,1003.2,59.0,2.0,31.7,70.0,0.0
2016-08-09,9,998.1,1003.0,59.0,3.2,28.6,88.0,2.7
2016-08-09,12,999.7,1004.6,70.0,1.3,28.4,89.0,0.0
2016-08-09,15,1000.7,1005.6,93.0,2.1,28.2,89.0,0.0
2016-08-09,18,1000.0,1004.8,93.0,1.3,27.9,91.0,0.0
2016-08-09,21,1000.4,1005.2,80.0,1.6,27.6,91.0,0.0
2016-08-10,0,1001.5,1006.3,45.0,1.8,28.7,86.0,0.0
2016-08-10,3,1001.2,1006.0,133.0,1.9,32.8,66.0,0.0
2016-08-10,6,1000.0,1004.8,58.0,3.2,33.9,62.0,0.0
2016-08-10,9,1000.0,1004.8,102.0,4.5,32.3,73.0,0.0
2016-08-10,12,1001.4,1006.2,69.0,1.7,30.2,84.0,0.0
2016-08-10,15,1002.6,1007.4,98.0,1.8,29.4,82.0,0.0
2016-08-10,18,1002.1,1006.9,84.0,1.4,28.0,86.0,0.0
2016-08-10,21,1002.4,1007.2,107.0,0.8,26.8,92.0,0.0
2016-08-11,0,1003.7,1008.5,91.0,2.1,30.6,75.0,0.0
2016-08-11,3,1003.6,1008.4,58.0,3.6,32.4,64.0,0.0
2016-08-11,6,1001.5,1006.3,27.0,3.6,34.2,58.0,0.0
2016-08-11,9,1001.4,1006.2,81.0,3.4,32.7,63.0,0.0
2016-08-11,12,1002.2,1007.0,73.0,3.0,30.2,79.0,0.0
2016-08-11,15,1002.7,1007.5,73.0,2.3,29.7,82.0,0.0
2016-08-11,18,1001.7,1006.5,100.0,1.0,29.0,85.0,0.0
2016-08-11,21,1001.8,1006.6,88.0,1.5,28.6,88.0,0.0
2016-08-12,0,1002.3,1007.1,97.0,2.2,31.6,73.0,0.0
2016-08-12,3,1001.6,1006.4,96.0,1.8,32.9,64.0,0.0
2016-08-12,6,999.9,1004.7,50.0,2.1,34.2,60.0,0.0
2016-08-12,9,998.8,1003.6,76.0,5.3,33.2,69.0,0.0
2016-08-12,12,1000.0,1004.8,63.0,3.0,31.1,76.0,0.0
2016-08-12,15,1000.6,1005.4,81.0,1.5,30.3,74.0,0.0
2016-08-12,18,999.9,1004.7,244.0,0.7,28.4,83.0,0.0
2016-08-12,21,1000.2,1005.0,84.0,0.9,27.6,85.0,0.0
2016-08-13,0,1001.0,1005.8,77.0,2.4,31.9,68.0,0.0
2016-08-13,3,1000.8,1005.6,138.0,2.1,33.5,60.0,0.0
2016-08-13,6,998.7,1003.5,137.0,1.4,35.1,58.0,0.0
2016-08-13,9,998.1,1002.9,89.0,3.0,33.3,70.0,0.0
2016-08-13,12,999.1,1003.9,78.0,2.7,31.6,75.0,0.0
2016-08-13,15,1000.0,1004.8,180.0,1.9,30.2,79.0,0.0
2016-08-13,18,999.1,1003.9,124.0,1.1,29.2,81.0,0.0
2016-08-13,21,999.5,1004.3,194.0,1.2,27.9,85.0,0.0
2016-08-14,0,1000.4,1005.2,120.0,1.2,31.6,68.0,0.0
2016-08-14,3,999.6,1004.4,40.0,1.4,33.7,57.0,0.0
2016-08-14,6,998.1,1002.9,52.0,3.4,35.2,51.0,0.0
2016-08-14,9,997.3,1002.1,107.0,1.5,35.3,54.0,0.0
2016-08-14,12,999.1,1003.9,66.0,2.3,31.2,74.0,0.0
2016-08-14,15,999.5,1004.3,50.0,1.7,30.7,75.0,0.0
2016-08-14,18,997.9,1002.7,316.0,1.0,28.8,82.0,0.0
2016-08-14,21,997.6,1002.4,222.0,1.3,27.6,85.0,0.0
2016-08-15,0,998.8,1003.6,169.0,2.0,30.6,74.0,0.0
2016-08-15,3,998.3,1003.1,176.0,1.5,34.0,63.0,0.0
2016-08-15,6,996.4,1001.2,94.0,1.5,36.0,52.0,0.0
2016-08-15,9,996.0,1000.8,74.0,2.6,35.4,56.0,0.0
2016-08-15,12,997.6,1002.4,95.0,2.4,31.7,73.0,0.0
2016-08-15,15,997.9,1002.7,60.0,1.7,30.8,77.0,0.0
2016-08-15,18,997.0,1001.8,296.0,1.9,29.1,84.0,0.0
2016-08-15,21,997.0,1001.8,285.0,1.8,28.3,90.0,0.0
2016-08-16,0,998.2,1003.0,356.0,2.0,31.5,74.0,0.0
2016-08-16,3,998.2,1003.0,5.0,2.4,33.2,64.0,0.0
2016-08-16,6,996.7,1001.5,71.0,3.0,35.8,47.0,0.0
2016-08-16,9,996.0,1000.8,73.0,3.8,35.3,53.0,0.0
2016-08-16,12,997.1,1001.9,89.0,2.9,32.1,64.0,0.0
2016-08-16,15,997.8,1002.6,88.0,2.2,30.2,79.0,0.0
2016-08-16,18,997.3,1002.1,57.0,2.1,29.5,83.0,0.0
2016-08-16,21,997.5,1002.3,10.0,1.1,29.1,85.0,0.0
2016-08-17,0,998.2,1003.0,307.0,1.3,29.5,84.0,0.0
2016-08-17,3,997.7,1002.5,321.0,1.8,33.3,67.0,0.0
2016-08-17,6,996.0,1000.8,100.0,2.9,36.0,51.0,0.0
2016-08-17,9,995.5,1000.3,98.0,3.7,34.6,55.0,0.0
2016-08-17,12,996.4,1001.2,93.0,2.5,31.7,67.0,0.0
2016-08-17,15,997.1,1001.9,70.0,1.5,30.7,73.0,0.0
2016-08-17,18,996.7,1001.5,40.0,1.7,29.6,78.0,0.0
2016-08-17,21,996.9,1001.7,323.0,1.6,27.9,86.0,0.0
2016-08-18,0,997.7,1002.5,184.0,2.3,30.6,75.0,0.0
2016-08-18,3,997.4,1002.2,130.0,2.3,34.5,56.0,0.0
2016-08-18,6,995.8,1000.5,212.0,3.1,36.7,46.0,0.0
2016-08-18,9,995.1,999.9,113.0,4.3,36.5,52.0,0.0
2016-08-18,12,996.8,1001.6,85.0,2.9,32.5,70.0,0.0
2016-08-18,15,997.4,1002.2,74.0,1.8,31.6,75.0,0.0
2016-08-18,18,997.3,1002.0,210.0,0.4,29.9,83.0,0.0
2016-08-18,21,997.2,1002.0,241.0,1.6,28.9,88.0,0.0
2016-08-19,0,998.5,1003.3,186.0,2.0,31.0,80.0,0.0
2016-08-19,3,998.3,1003.0,255.0,1.1,35.4,58.0,0.0
2016-08-19,6,997.0,1001.7,156.0,2.1,37.9,43.0,0.0
2016-08-19,9,996.8,1001.6,337.0,4.1,34.1,58.0,0.0
2016-08-19,12,998.1,1002.9,319.0,1.3,32.0,68.0,0.0
2016-08-19,15,999.3,1004.1,335.0,0.9,30.4,77.0,0.0
2016-08-19,18,998.9,1003.6,316.0,0.9,29.7,76.0,0.0
2016-08-19,21,998.8,1003.6,334.0,1.1,28.6,82.0,0.0
2016-08-20,0,999.5,1004.3,194.0,1.9,31.2,72.0,0.0
2016-08-20,3,999.3,1004.1,291.0,2.1,35.6,59.0,0.0
2016-08-20,6,996.9,1001.6,356.0,2.6,39.0,43.0,0.0
2016-08-20,9,997.3,1002.1,338.0,2.3,31.5,71.0,0.0
2016-08-20,12,998.6,1003.4,353.0,3.7,31.7,67.0,0.0
2016-08-20,15,999.4,1004.2,312.0,3.4,29.5,76.0,0.0
2016-08-20,18,998.3,1003.0,269.0,0.7,29.0,78.0,0.0
2016-08-20,21,998.8,1003.6,321.0,1.5,28.1,82.0,0.0
2016-08-21,0,999.8,1004.6,335.0,2.2,30.3,75.0,0.0
2016-08-21,3,999.8,1004.6,318.0,1.9,32.8,67.0,0.0
2016-08-21,6,998.4,1003.2,320.0,2.0,34.5,61.0,0.0
2016-08-21,9,998.9,1003.7,348.0,4.9,27.0,93.0,27.2
2016-08-21,12,1000.0,1004.8,30.0,1.0,27.6,92.0,0.0
2016-08-21,15,1000.9,1005.7,321.0,2.1,27.3,93.0,0.0
2016-08-21,18,1001.1,1005.9,340.0,1.5,27.3,93.0,0.0
2016-08-21,21,1001.7,1006.6,327.0,1.5,27.2,94.0,0.0
2016-08-22,0,1002.7,1007.5,46.0,2.9,29.9,80.0,0.0
2016-08-22,3,1002.2,1007.0,83.0,2.6,33.8,58.0,0.0
2016-08-22,6,1000.9,1005.7,97.0,4.8,34.2,60.0,0.0
2016-08-22,9,1000.7,1005.5,81.0,2.0,34.0,58.0,0.0
2016-08-22,12,1001.9,1006.7,101.0,2.6,31.2,67.0,0.0
2016-08-22,15,1002.5,1007.3,90.0,0.8,29.8,70.0,0.0
2016-08-22,18,1001.9,1006.7,239.0,0.5,28.1,84.0,0.0
2016-08-22,21,1001.9,1006.7,35.0,0.7,28.0,87.0,0.0
2016-08-23,0,1003.0,1007.8,7.0,1.0,30.1,80.0,0.0
2016-08-23,3,1002.7,1007.5,264.0,2.5,30.9,73.0,0.0
2016-08-23,6,1000.7,1005.5,289.0,1.7,32.9,66.0,0.0
2016-08-23,9,999.3,1004.1,94.0,1.2,33.9,54.0,0.0
2016-08-23,12,1000.4,1005.2,93.0,3.4,31.8,66.0,0.0
2016-08-23,15,1000.9,1005.7,94.0,3.2,29.7,71.0,0.0
2016-08-23,18,1000.2,1005.0,99.0,1.9,28.6,79.0,0.0
2016-08-23,21,1000.6,1005.4,97.0,1.4,28.2,77.0,0.0
2016-08-24,0,1001.4,1006.2,93.0,1.6,29.6,73.0,0.0
2016-08-24,3,1000.8,1005.6,105.0,1.9,32.9,60.0,0.0
2016-08-24,6,998.8,1003.6,160.0,2.3,34.6,51.0,0.0
2016-08-24,9,998.3,1003.1,114.0,2.7,34.2,48.0,0.0
2016-08-24,12,999.6,1004.4,88.0,3.0,31.3,56.0,0.0
2016-08-24,15,1000.4,1005.2,109.0,3.0,28.6,70.0,0.0
2016-08-24,18,999.7,1004.5,48.0,1.5,27.0,76.0,0.0
2016-08-24,21,999.7,1004.5,342.0,1.1,26.2,82.0,0.0
2016-08-25,0,1000.4,1005.2,86.0,1.1,29.8,66.0,0.0
2016-08-25,3,999.7,1004.5,106.0,1.6,33.2,51.0,0.0
2016-08-25,6,998.1,1002.9,62.0,4.5,35.2,45.0,0.0
2016-08-25,9,997.4,1002.2,100.0,2.7,34.5,42.0,0.0
2016-08-25,12,999.2,1004.0,107.0,2.1,31.9,51.0,0.0
2016-08-25,15,1000.4,1005.2,61.0,1.3,29.9,75.0,0.0
2016-08-25,18,1000.2,1005.0,69.0,1.9,29.5,82.0,0.0
2016-08-25,21,1000.7,1005.5,44.0,2.2,28.7,84.0,0.0
2016-08-26,0,1002.4,1007.2,59.0,2.6,30.4,74.0,0.0
2016-08-26,3,1002.8,1007.6,317.0,0.9,27.8,91.0,14.6
2016-08-26,6,1001.2,1006.0,9.0,4.3,34.4,51.0,0.0
2016-08-26,9,1001.9,1006.7,359.0,7.3,30.9,65.0,0.0
2016-08-26,12,1004.2,1009.0,10.0,6.4,28.2,75.0,0.0
2016-08-26,15,1005.4,1010.3,336.0,3.3,26.3,84.0,0.0
2016-08-26,18,1005.2,1010.0,357.0,3.0,25.8,77.0,0.0
2016-08-26,21,1005.6,1010.5,338.0,2.9,24.7,75.0,0.0
2016-08-27,0,1006.6,1011.5,0.0,4.9,24.9,72.0,0.0
2016-08-27,3,1005.7,1010.6,348.0,3.8,27.9,56.0,0.0
2016-08-27,6,1003.5,1008.4,310.0,4.1,29.3,50.0,0.0
2016-08-27,9,1003.5,1008.4,338.0,5.0,29.3,46.0,0.0
2016-08-27,12,1004.6,1009.5,354.0,2.1,26.9,53.0,0.0
2016-08-27,15,1005.0,1009.9,338.0,2.3,26.0,57.0,0.0
2016-08-27,18,1004.5,1009.4,359.0,4.3,24.4,60.0,0.0
2016-08-27,21,1005.4,1010.3,317.0,1.7,22.3,66.0,0.0
2016-08-28,0,1006.2,1011.1,320.0,3.6,24.2,57.0,0.0
2016-08-28,3,1005.7,1010.6,359.0,7.3,28.9,36.0,0.0
2016-08-28,6,1003.9,1008.8,4.0,5.9,31.0,29.0,0.0
2016-08-28,9,1003.0,1007.9,353.0,4.3,30.5,27.0,0.0
2016-08-28,12,1004.1,1009.0,321.0,2.2,26.3,39.0,0.0
2016-08-28,15,1004.9,1009.8,324.0,3.0,23.9,55.0,0.0
2016-08-28,18,1004.7,1009.6,312.0,2.1,22.8,58.0,0.0
2016-08-28,21,1005.1,1010.0,295.0,0.7,20.6,72.0,0.0
2016-08-29,0,1006.2,1011.1,172.0,0.5,24.4,59.0,0.0
2016-08-29,3,1005.4,1010.3,310.0,1.9,28.6,43.0,0.0
2016-08-29,6,1003.4,1008.3,333.0,2.0,30.1,35.0,0.0
2016-08-29,9,1002.5,1007.4,26.0,4.1,30.0,39.0,0.0
2016-08-29,12,1004.1,1009.0,29.0,3.6,27.4,40.0,0.0
2016-08-29,15,1004.9,1009.8,319.0,2.3,24.4,57.0,0.0
2016-08-29,18,1004.1,1009.0,292.0,1.7,22.5,58.0,0.0
2016-08-29,21,1003.8,1008.7,241.0,1.1,20.1,71.0,0.0
2016-08-30,0,1004.6,1009.5,209.0,1.8,24.2,60.0,0.0
2016-08-30,3,1003.4,1008.3,333.0,2.3,28.3,40.0,0.0
2016-08-30,6,1000.8,1005.7,341.0,3.9,30.9,34.0,0.0
2016-08-30,9,1000.0,1004.9,335.0,5.3,30.6,32.0,0.0
2016-08-30,12,1001.6,1006.5,349.0,0.6,26.0,44.0,0.0
2016-08-30,15,1002.2,1007.1,204.0,1.6,23.4,60.0,0.0
2016-08-30,18,1000.8,1005.7,215.0,2.9,23.0,60.0,0.0
2016-08-30,21,1000.4,1005.3,233.0,0.9,20.8,71.0,0.0
2016-08-31,0,1001.1,1006.0,203.0,2.2,24.6,59.0,0.0
2016-08-31,3,999.8,1004.7,219.0,4.0,29.2,41.0,0.0
2016-08-31,6,997.2,1002.0,219.0,4.3,32.4,31.0,0.0
2016-08-31,9,996.1,1001.0,237.0,1.8,32.2,34.0,0.0
2016-08-31,12,997.4,1002.3,244.0,2.0,27.9,48.0,0.0
2016-08-31,15,998.3,1003.1,274.0,2.4,27.7,49.0,0.0
2016-08-31,18,997.8,1002.6,249.0,1.7,25.4,60.0,0.0
2016-08-31,21,997.1,1001.9,233.0,1.9,24.2,65.0,0.0
2016-09-01,0,998.1,1003.0,226.0,1.7,25.5,61.0,0.0
2016-09-01,3,997.9,1002.7,236.0,2.7,28.3,54.0,0.0
2016-09-01,6,995.8,1000.6,220.0,4.8,30.4,46.0,0.0
2016-09-01,9,995.3,1000.1,212.0,5.5,29.6,45.0,0.0
2016-09-01,12,997.3,1002.2,213.0,4.3,25.8,58.0,0.0
2016-09-01,15,998.2,1003.1,224.0,4.7,23.9,67.0,0.0
2016-09-01,18,997.6,1002.5,218.0,3.3,22.8,73.0,0.0
2016-09-01,21,998.2,1003.1,223.0,2.9,22.1,78.0,0.0
2016-09-02,0,999.6,1004.5,241.0,2.9,24.4,69.0,0.0
2016-09-02,3,999.2,1004.1,151.0,2.4,30.1,56.0,0.0
2016-09-02,6,997.7,1002.5,124.0,2.1,34.2,38.0,0.0
2016-09-02,9,997.5,1002.3,96.0,3.7,33.5,32.0,0.0
2016-09-02,12,999.1,1004.0,325.0,1.6,29.4,46.0,0.0
2016-09-02,15,1000.0,1004.8,29.0,1.1,26.7,53.0,0.0
2016-09-02,18,1000.5,1005.3,327.0,1.4,25.1,73.0,0.0
2016-09-02,21,1001.3,1006.1,321.0,0.6,23.2,80.0,0.0
2016-09-03,0,1002.5,1007.4,85.0,0.9,26.8,68.0,0.0
2016-09-03,3,1002.3,1007.1,112.0,3.4,32.7,37.0,0.0
2016-09-03,6,1001.6,1006.4,104.0,3.4,33.8,26.0,0.0
2016-09-03,9,1001.7,1006.6,93.0,2.0,32.7,25.0,0.0
2016-09-03,12,1003.2,1008.1,97.0,2.3,29.4,42.0,0.0
2016-09-03,15,1004.2,1009.0,108.0,2.0,26.7,60.0,0.0
2016-09-03,18,1004.2,1009.0,50.0,1.8,24.5,82.0,0.0
2016-09-03,21,1004.3,1009.2,97.0,1.2,23.5,90.0,0.0
2016-09-04,0,1005.6,1010.5,319.0,1.2,24.6,74.0,0.0
2016-09-04,3,1005.2,1010.1,88.0,2.8,30.7,53.0,0.0
2016-09-04,6,1003.9,1008.8,86.0,2.9,31.4,52.0,0.0
2016-09-04,9,1004.4,1009.3,113.0,2.2,28.5,74.0,0.0
2016-09-04,12,1005.4,1010.3,93.0,4.1,27.7,75.0,0.0
2016-09-04,15,1005.5,1010.4,146.0,1.8,26.5,77.0,0.0
2016-09-04,18,1004.7,1009.6,67.0,1.5,26.2,77.0,0.0
2016-09-04,21,1005.4,1010.3,42.0,2.1,26.1,77.0,0.0
2016-09-05,0,1006.7,1011.6,82.0,2.3,27.0,80.0,0.0
2016-09-05,3,1006.7,1011.6,94.0,3.4,28.9,70.0,0.0
2016-09-05,6,1005.1,1010.0,98.0,3.2,30.4,57.0,0.0
2016-09-05,9,1005.0,1009.9,65.0,2.4,29.4,61.0,0.0
2016-09-05,12,1005.7,1010.6,112.0,3.0,27.8,68.0,0.0
2016-09-05,15,1005.4,1010.3,94.0,0.9,27.0,77.0,0.0
2016-09-05,18,1005.2,1010.1,67.0,1.6,26.7,85.0,0.0
2016-09-05,21,1004.6,1009.5,351.0,0.8,25.2,96.0,0.4
2016-09-06,0,1006.1,1011.0,339.0,2.4,24.3,78.0,0.0
2016-09-06,3,1006.4,1011.3,342.0,2.3,25.7,65.0,0.0
2016-09-06,6,1005.2,1010.1,9.0,4.2,25.0,70.0,0.0
2016-09-06,9,1004.3,1009.2,340.0,2.1,24.2,77.0,0.0
2016-09-06,12,1004.7,1009.6,328.0,2.0,22.4,86.0,0.0
2016-09-06,15,1004.1,1009.0,302.0,2.5,21.6,92.0,0.0
2016-09-06,18,1003.0,1007.9,342.0,2.9,21.1,95.0,0.3
2016-09-06,21,1003.0,1008.0,33.0,2.9,20.5,94.0,0.2
2016-09-07,0,1004.1,1009.1,5.0,2.0,19.9,96.0,0.3
2016-09-07,3,1004.5,1009.5,53.0,1.3,21.3,89.0,0.2
2016-09-07,6,1003.3,1008.3,335.0,2.1,23.0,83.0,0.0
2016-09-07,9,1003.5,1008.5,240.0,0.9,23.0,85.0,0.0
2016-09-07,12,1004.6,1009.6,104.0,1.8,22.5,88.0,0.0
2016-09-07,15,1004.5,1009.5,223.0,1.0,21.2,94.0,0.0
2016-09-07,18,1004.0,1009.0,5.0,0.8,21.5,94.0,0.0
2016-09-07,21,1004.8,1009.8,231.0,2.3,20.8,96.0,0.0
2016-09-08,0,1005.8,1010.8,256.0,0.9,22.5,86.0,0.0
2016-09-08,3,1005.1,1010.0,195.0,2.0,25.9,72.0,0.0
2016-09-08,6,1004.4,1009.3,138.0,2.0,28.7,56.0,0.0
2016-09-08,9,1004.3,1009.2,125.0,2.1,28.9,59.0,0.0
2016-09-08,12,1005.5,1010.4,87.0,1.1,25.9,63.0,0.0
2016-09-08,15,1005.7,1010.6,192.0,1.1,23.9,81.0,0.0
2016-09-08,18,1005.4,1010.3,350.0,1.6,22.6,85.0,0.0
2016-09-08,21,1005.7,1010.6,200.0,1.0,21.5,92.0,0.0
2016-09-09,0,1006.6,1011.5,330.0,0.5,24.3,80.0,0.0
2016-09-09,3,1006.1,1011.0,37.0,2.1,29.2,61.0,0.0
2016-09-09,6,1004.7,1009.6,86.0,2.1,31.2,50.0,0.0
2016-09-09,9,1004.5,1009.4,92.0,4.1,29.1,57.0,0.0
2016-09-09,12,1005.5,1010.4,66.0,2.1,27.2,68.0,0.0
2016-09-09,15,1005.5,1010.4,320.0,1.6,25.9,75.0,0.0
2016-09-09,18,1005.0,1009.9,330.0,3.6,24.9,80.0,0.0
2016-09-09,21,1005.4,1010.3,315.0,1.8,23.5,88.0,0.0
2016-09-10,0,1006.7,1011.6,316.0,1.2,23.6,88.0,0.0
2016-09-10,3,1005.8,1010.7,350.0,1.0,26.3,74.0,0.0
2016-09-10,6,1005.2,1010.1,105.0,1.9,28.1,54.0,0.0
2016-09-10,9,1004.8,1009.7,68.0,2.3,28.2,56.0,0.0
2016-09-10,12,1006.1,1011.0,110.0,2.1,26.9,75.0,0.0
2016-09-10,15,1006.6,1011.5,214.0,1.4,25.6,74.0,0.0
2016-09-10,18,1006.3,1011.2,21.0,0.8,24.0,74.0,0.1
2016-09-10,21,1007.2,1012.1,107.0,1.5,23.2,72.0,0.0
2016-09-11,0,1008.5,1013.4,44.0,1.3,23.3,72.0,0.4
2016-09-11,3,1009.3,1014.3,123.0,2.2,22.2,82.0,0.2
2016-09-11,6,1008.6,1013.6,174.0,2.8,22.2,73.0,0.0
2016-09-11,9,1007.8,1012.8,149.0,1.9,21.1,85.0,0.3
2016-09-11,12,1009.9,1014.9,337.0,1.8,20.0,93.0,0.1
2016-09-11,15,1010.5,1015.5,295.0,1.8,20.0,94.0,0.0
2016-09-11,18,1010.2,1015.2,322.0,1.8,19.6,95.0,0.0
2016-09-11,21,1010.8,1015.8,323.0,2.0,19.3,96.0,0.0
2016-09-12,0,1012.1,1017.1,330.0,1.8,21.1,89.0,0.0
2016-09-12,3,1011.5,1016.5,202.0,0.8,25.8,65.0,0.0
2016-09-12,6,1009.8,1014.8,325.0,1.0,28.0,56.0,0.0
2016-09-12,9,1010.1,1015.1,112.0,1.9,27.9,55.0,0.0
2016-09-12,12,1012.3,1017.3,103.0,2.6,25.3,72.0,0.0
2016-09-12,15,1012.4,1017.4,96.0,0.4,23.4,81.0,0.0
2016-09-12,18,1011.9,1016.9,320.0,2.0,22.0,87.0,0.0
2016-09-12,21,1012.1,1017.1,332.0,1.8,22.3,90.0,0.0
2016-09-13,0,1012.6,1017.6,48.0,2.3,24.3,79.0,0.0
2016-09-13,3,1012.5,1017.5,30.0,3.8,27.2,64.0,0.0
2016-09-13,6,1011.4,1016.4,66.0,2.4,25.8,68.0,0.0
2016-09-13,9,1011.6,1016.6,218.0,1.0,23.7,88.0,0.4
2016-09-13,12,1012.6,1017.6,181.0,2.0,23.0,93.0,0.1
2016-09-13,15,1013.2,1018.2,227.0,1.6,19.9,95.0,2.5
2016-09-13,18,1011.3,1016.3,331.0,1.6,19.8,95.0,0.0
2016-09-13,21,1010.9,1015.9,352.0,1.5,20.1,97.0,9.4
2016-09-14,0,1011.7,1016.7,10.0,1.4,21.0,96.0,0.1
2016-09-14,3,1011.6,1016.6,2.0,2.7,21.7,96.0,0.5
2016-09-14,6,1009.7,1014.7,343.0,3.3,21.5,97.0,0.8
2016-09-14,9,1009.0,1014.0,338.0,2.6,22.1,97.0,0.5
2016-09-14,12,1009.8,1014.8,353.0,2.9,22.2,92.0,0.0
2016-09-14,15,1009.2,1014.2,344.0,2.4,22.0,96.0,2.2
2016-09-14,18,1007.7,1012.7,349.0,2.4,22.1,98.0,0.2
2016-09-14,21,1006.8,1011.8,357.0,1.8,22.6,98.0,1.3
2016-09-15,0,1006.9,1011.9,36.0,1.5,23.8,98.0,0.6
2016-09-15,3,1006.3,1011.3,41.0,3.3,24.5,95.0,2.2
2016-09-15,6,1005.1,1010.0,67.0,5.2,24.5,95.0,2.8
2016-09-15,9,1004.5,1009.4,62.0,2.0,23.8,95.0,7.3
2016-09-15,12,1004.9,1009.8,100.0,7.1,23.4,95.0,6.5
2016-09-15,15,1004.2,1009.1,94.0,4.1,22.8,95.0,1.8
2016-09-15,18,1002.3,1007.2,115.0,1.6,22.9,97.0,3.5
2016-09-15,21,1000.6,1005.5,110.0,2.7,23.5,97.0,1.5
2016-09-16,0,1000.4,1005.3,139.0,1.4,24.1,97.0,0.0
2016-09-16,3,1000.4,1005.3,158.0,3.2,26.2,86.0,0.0
2016-09-16,6,999.6,1004.5,211.0,2.0,27.2,81.0,0.0
2016-09-16,9,999.7,1004.6,224.0,2.8,25.1,92.0,0.1
2016-09-16,12,1001.8,1006.7,337.0,2.6,24.8,92.0,0.0
2016-09-16,15,1003.2,1008.1,349.0,1.9,24.2,89.0,0.0
2016-09-16,18,1003.7,1008.6,336.0,3.2,22.7,86.0,0.0
2016-09-16,21,1004.4,1009.3,344.0,2.5,22.3,87.0,0.0
2016-09-17,0,1006.4,1011.3,333.0,2.7,23.0,84.0,0.0
2016-09-17,3,1006.8,1011.7,4.0,4.0,25.3,78.0,0.0
2016-09-17,6,1005.0,1009.9,348.0,5.0,27.6,64.0,0.0
2016-09-17,9,1005.4,1010.3,350.0,4.1,26.3,71.0,0.0
2016-09-17,12,1006.4,1011.3,358.0,2.2,25.2,75.0,0.0
2016-09-17,15,1006.9,1011.8,22.0,3.9,24.4,78.0,0.0
2016-09-17,18,1005.8,1010.7,355.0,3.7,23.1,84.0,0.0
2016-09-17,21,1006.2,1011.1,0.0,4.9,22.6,85.0,0.0
2016-09-18,0,1007.0,1011.9,354.0,3.5,23.0,82.0,0.0
2016-09-18,3,1006.5,1011.4,28.0,5.6,26.3,65.0,0.0
2016-09-18,6,1004.7,1009.6,7.0,4.4,27.9,57.0,0.0
2016-09-18,9,1004.4,1009.3,359.0,5.2,27.4,52.0,0.0
2016-09-18,12,1006.2,1011.1,7.0,4.6,25.5,64.0,0.0
2016-09-18,15,1007.5,1012.4,12.0,5.5,23.3,68.0,0.0
2016-09-18,18,1006.8,1011.7,350.0,2.8,21.8,76.0,0.0
2016-09-18,21,1007.0,1011.9,331.0,4.7,21.2,77.0,0.0
2016-09-19,0,1008.2,1013.2,329.0,2.8,22.2,76.0,0.0
2016-09-19,3,1008.3,1013.3,15.0,4.5,24.4,67.0,0.0
2016-09-19,6,1007.4,1012.3,12.0,6.2,26.8,56.0,0.0
2016-09-19,9,1008.3,1013.3,351.0,5.3,23.8,72.0,0.1
2016-09-19,12,1010.4,1015.4,302.0,2.3,20.8,92.0,1.1
2016-09-19,15,1011.1,1016.1,18.0,2.6,21.4,80.0,0.0
2016-09-19,18,1011.1,1016.1,333.0,2.4,20.2,75.0,0.0
2016-09-19,21,1012.0,1017.0,319.0,2.7,19.1,75.0,0.0
2016-09-20,0,1013.2,1018.2,341.0,3.5,21.1,68.0,0.0
2016-09-20,3,1013.5,1018.5,354.0,2.6,23.9,58.0,0.0
2016-09-20,6,1012.2,1017.2,7.0,4.6,26.9,43.0,0.0
2016-09-20,9,1012.6,1017.6,11.0,4.5,25.4,42.0,0.0
2016-09-20,12,1013.7,1018.7,25.0,1.7,22.1,53.0,0.0
2016-09-20,15,1014.0,1019.0,326.0,2.2,20.5,65.0,0.0
2016-09-20,18,1013.8,1018.8,327.0,1.4,19.4,74.0,0.0
2016-09-20,21,1014.1,1019.1,330.0,1.0,18.6,80.0,0.0
2016-09-21,0,1015.5,1020.5,219.0,0.7,21.7,69.0,0.0
2016-09-21,3,1015.4,1020.4,17.0,2.4,25.2,59.0,0.0
2016-09-21,6,1013.1,1018.1,328.0,3.0,26.2,56.0,0.0
2016-09-21,9,1013.2,1018.2,348.0,1.5,24.9,67.0,0.0
2016-09-21,12,1014.1,1019.1,320.0,2.4,21.3,91.0,0.5
2016-09-21,15,1014.1,1019.1,310.0,1.0,20.8,93.0,0.0
2016-09-21,18,1013.1,1018.1,341.0,1.7,20.2,94.0,0.0
2016-09-21,21,1012.9,1017.9,320.0,1.6,19.5,96.0,0.0
2016-09-22,0,1013.9,1018.9,281.0,1.5,20.7,91.0,0.0
2016-09-22,3,1013.0,1018.0,187.0,2.5,26.4,62.0,0.0
2016-09-22,6,1010.8,1015.8,117.0,2.3,28.7,54.0,0.0
2016-09-22,9,1010.6,1015.6,91.0,2.6,26.8,57.0,0.0
2016-09-22,12,1011.7,1016.7,91.0,3.6,24.4,72.0,0.0
2016-09-22,15,1012.0,1017.0,86.0,2.7,23.1,80.0,0.0
2016-09-22,18,1011.6,1016.5,33.0,1.1,21.9,84.0,0.0
2016-09-22,21,1011.3,1016.3,324.0,1.7,20.5,92.0,0.0
2016-09-23,0,1011.8,1016.8,335.0,0.7,22.7,84.0,0.0
2016-09-23,3,1010.9,1015.9,222.0,1.7,26.4,68.0,0.0
2016-09-23,6,1008.4,1013.3,90.0,2.5,29.5,53.0,0.0
2016-09-23,9,1008.2,1013.2,96.0,4.5,27.2,61.0,0.0
2016-09-23,12,1009.5,1014.5,80.0,2.5,24.3,77.0,0.0
2016-09-23,15,1009.7,1014.6,82.0,2.0,23.4,79.0,0.0
2016-09-23,18,1008.8,1013.7,317.0,1.8,21.4,88.0,0.0
2016-09-23,21,1008.9,1013.9,319.0,1.7,20.7,93.0,0.0
2016-09-24,0,1009.8,1014.8,301.0,1.0,22.7,87.0,0.0
2016-09-24,3,1009.2,1014.1,193.0,1.3,27.8,64.0,0.0
2016-09-24,6,1006.6,1011.5,54.0,3.8,29.6,55.0,0.0
2016-09-24,9,1006.3,1011.2,78.0,5.2,27.8,64.0,0.0
2016-09-24,12,1007.8,1012.8,60.0,2.5,24.4,78.0,0.0
2016-09-24,15,1008.0,1012.9,73.0,1.5,23.7,82.0,0.0
2016-09-24,18,1007.1,1012.0,325.0,1.4,21.9,91.0,0.0
2016-09-24,21,1007.5,1012.4,324.0,1.1,21.2,93.0,0.0
2016-09-25,0,1008.7,1013.7,195.0,1.1,23.4,87.0,0.0
2016-09-25,3,1008.9,1013.8,102.0,2.4,28.5,65.0,0.0
2016-09-25,6,1006.4,1011.3,85.0,2.9,29.9,58.0,0.0
2016-09-25,9,1006.6,1011.5,57.0,2.8,28.9,57.0,0.0
2016-09-25,12,1008.0,1012.9,83.0,2.9,25.2,76.0,0.0
2016-09-25,15,1007.9,1012.8,53.0,1.4,24.4,85.0,0.0
2016-09-25,18,1007.2,1012.1,11.0,0.9,22.8,87.0,0.0
2016-09-25,21,1007.2,1012.1,358.0,0.5,21.8,93.0,0.0
2016-09-26,0,1008.4,1013.3,307.0,1.3,24.1,83.0,0.0
2016-09-26,3,1007.7,1012.6,174.0,1.6,28.5,57.0,0.0
2016-09-26,6,1005.4,1010.3,37.0,4.1,30.3,56.0,0.0
2016-09-26,9,1005.6,1010.5,81.0,2.6,28.9,66.0,0.0
2016-09-26,12,1007.0,1011.9,96.0,3.5,26.4,78.0,0.0
2016-09-26,15,1007.1,1012.0,315.0,0.8,25.4,86.0,0.0
2016-09-26,18,1005.7,1010.6,46.0,1.3,24.7,92.0,0.0
2016-09-26,21,1005.7,1010.6,87.0,1.5,24.9,90.0,0.0
2016-09-27,0,1006.9,1011.8,79.0,2.1,26.2,86.0,0.0
2016-09-27,3,1006.3,1011.2,72.0,3.0,28.5,77.0,0.0
2016-09-27,6,1004.3,1009.2,96.0,3.6,31.1,63.0,0.0
2016-09-27,9,1004.6,1009.5,104.0,4.2,28.7,72.0,0.0
2016-09-27,12,1006.1,1011.0,40.0,3.4,27.4,85.0,0.0
2016-09-27,15,1005.2,1010.1,70.0,3.1,27.1,87.0,0.0
2016-09-27,18,1004.2,1009.1,56.0,1.7,26.2,95.0,1.2
2016-09-27,21,1003.0,1007.9,28.0,2.9,26.4,94.0,0.0
2016-09-28,0,1004.7,1009.6,46.0,3.4,26.9,91.0,0.0
2016-09-28,3,1004.5,1009.4,65.0,4.3,27.9,86.0,0.0
2016-09-28,6,1003.2,1008.1,92.0,7.5,26.2,94.0,5.5
2016-09-28,9,1004.2,1009.1,53.0,5.1,24.7,93.0,1.3
2016-09-28,12,1006.1,1011.0,57.0,3.9,23.1,94.0,3.0
2016-09-28,15,1006.7,1011.6,51.0,3.4,22.6,95.0,1.8
2016-09-28,18,1005.6,1010.5,38.0,5.5,22.0,94.0,1.2
2016-09-28,21,1005.5,1010.5,29.0,4.1,21.5,95.0,0.5
2016-09-29,0,1007.8,1012.8,345.0,2.3,21.5,97.0,3.1
2016-09-29,3,1007.9,1012.9,359.0,5.1,21.6,96.0,0.4
2016-09-29,6,1006.4,1011.4,355.0,6.9,21.0,95.0,0.1
2016-09-29,9,1006.4,1011.4,356.0,4.0,20.6,96.0,1.4
2016-09-29,12,1007.6,1012.6,10.0,3.1,20.3,97.0,1.5
2016-09-29,15,1007.9,1012.9,342.0,2.6,19.9,97.0,0.3
2016-09-29,18,1006.4,1011.4,354.0,1.8,19.6,97.0,0.2
2016-09-29,21,1006.4,1011.4,354.0,1.8,19.6,97.0,0.2
2016-09-30,0,1006.4,1011.4,354.0,1.8,19.6,97.0,0.2
2016-09-30,3,1007.3,1012.3,323.0,2.3,22.4,86.0,0.0
2016-09-30,6,1005.5,1010.5,164.0,1.0,24.7,80.0,0.0
2016-09-30,9,1006.2,1011.2,16.0,3.5,24.1,81.0,0.0
2016-09-30,12,1008.4,1013.4,351.0,2.3,22.5,83.0,0.0
2016-09-30,15,1008.9,1013.9,334.0,1.4,21.7,89.0,0.0
2016-09-30,18,1008.8,1013.8,319.0,0.9,20.9,96.0,0.0
2016-09-30,21,1008.6,1013.6,284.0,0.7,21.0,96.0,0.0
2016-10-01,0,1009.4,1014.4,999017.0,0.1,22.3,93.0,0.0
2016-10-01,3,1010.0,1015.0,188.0,1.1,25.1,82.0,0.0
2016-10-01,6,1008.1,1013.0,222.0,1.4,27.3,75.0,0.0
2016-10-01,9,1007.5,1012.4,99.0,1.1,28.1,74.0,0.0
2016-10-01,12,1009.0,1014.0,326.0,0.9,25.1,90.0,0.0
2016-10-01,15,1009.2,1014.1,322.0,2.2,24.1,94.0,0.0
2016-10-01,18,1008.3,1013.2,334.0,0.8,23.5,95.0,0.0
2016-10-01,21,1007.2,1012.1,172.0,2.0,23.7,95.0,0.0
2016-10-02,0,1007.8,1012.7,227.0,2.1,25.6,89.0,0.0
2016-10-02,3,1007.0,1011.9,220.0,2.9,30.1,64.0,0.0
2016-10-02,6,1004.4,1009.3,208.0,2.3,32.8,52.0,0.0
2016-10-02,9,1004.1,1009.0,235.0,1.4,29.9,66.0,0.0
2016-10-02,12,1005.9,1010.8,9.0,5.9,25.8,79.0,0.0
2016-10-02,15,1006.4,1011.3,358.0,2.3,23.2,93.0,0.0
2016-10-02,18,1005.5,1010.4,5.0,1.0,22.7,91.0,0.0
2016-10-02,21,1005.6,1010.5,11.0,2.7,22.6,90.0,0.0
2016-10-03,0,1007.4,1012.3,13.0,2.6,22.4,85.0,0.0
2016-10-03,3,1007.9,1012.9,10.0,1.9,23.6,79.0,0.0
2016-10-03,6,1005.8,1010.7,35.0,2.6,25.4,72.0,0.0
2016-10-03,9,1006.2,1011.2,44.0,3.6,24.2,79.0,0.0
2016-10-03,12,1007.5,1012.5,29.0,1.8,24.0,78.0,0.0
2016-10-03,15,1008.2,1013.2,62.0,3.1,23.1,76.0,0.0
2016-10-03,18,1007.7,1012.7,347.0,1.3,20.8,80.0,0.0
2016-10-03,21,1007.5,1012.5,303.0,1.9,20.7,88.0,0.0
2016-10-04,0,1008.0,1013.0,330.0,2.3,21.6,84.0,0.0
2016-10-04,3,1007.4,1012.4,344.0,2.0,23.1,74.0,0.0
2016-10-04,6,1005.5,1010.5,329.0,1.3,24.5,71.0,0.0
2016-10-04,9,1005.1,1010.1,327.0,1.5,23.9,75.0,0.0
2016-10-04,12,1006.4,1011.4,330.0,1.3,22.9,78.0,0.0
2016-10-04,15,1006.8,1011.8,310.0,1.5,22.6,80.0,0.0
2016-10-04,18,1006.6,1011.6,335.0,2.0,20.3,90.0,0.0
2016-10-04,21,1007.9,1012.9,250.0,1.4,19.9,90.0,0.0
2016-10-05,0,1010.0,1015.0,32.0,0.9,22.7,80.0,0.0
2016-10-05,3,1010.2,1015.2,340.0,1.5,25.4,68.0,0.0
2016-10-05,6,1009.2,1014.2,126.0,1.5,26.5,64.0,0.0
2016-10-05,9,1009.4,1014.4,52.0,2.8,26.5,64.0,0.0
2016-10-05,12,1011.5,1016.5,59.0,2.0,25.4,72.0,0.0
2016-10-05,15,1012.3,1017.3,8.0,3.3,24.7,76.0,0.0
2016-10-05,18,1012.0,1016.9,84.0,2.0,24.2,86.0,0.0
2016-10-05,21,1013.0,1018.0,37.0,2.7,22.8,82.0,0.0
2016-10-06,0,1014.9,1019.9,56.0,4.1,23.1,81.0,0.0
2016-10-06,3,1014.9,1019.9,53.0,4.7,25.2,69.0,0.0
2016-10-06,6,1013.4,1018.4,59.0,1.5,23.9,82.0,0.8
2016-10-06,9,1014.2,1019.2,64.0,3.2,23.0,69.0,0.0
2016-10-06,12,1015.1,1020.1,85.0,1.5,22.2,74.0,0.0
2016-10-06,15,1014.2,1019.2,87.0,1.8,21.5,76.0,0.0
2016-10-06,18,1012.8,1017.8,4.0,1.5,20.9,80.0,0.0
2016-10-06,21,1012.0,1017.0,25.0,2.3,20.1,81.0,0.0
2016-10-07,0,1012.5,1017.5,38.0,3.3,20.3,83.0,0.0
2016-10-07,3,1010.9,1015.9,331.0,1.8,20.2,92.0,0.3
2016-10-07,6,1009.1,1014.1,299.0,2.5,20.0,96.0,0.0
2016-10-07,9,1008.7,1013.7,310.0,1.5,20.4,97.0,0.0
2016-10-07,12,1008.9,1013.9,319.0,1.8,20.7,98.0,0.6
2016-10-07,15,1008.9,1013.9,353.0,2.5,20.9,98.0,2.5
2016-10-07,18,1008.1,1013.1,342.0,4.1,20.4,97.0,2.0
2016-10-07,21,1008.2,1013.2,355.0,4.8,20.0,97.0,1.9
2016-10-08,0,1010.6,1015.6,2.0,4.2,19.4,94.0,1.0
2016-10-08,3,1011.0,1016.0,5.0,5.5,20.3,81.0,0.0
2016-10-08,6,1010.1,1015.1,17.0,3.6,22.1,72.0,0.0
2016-10-08,9,1011.1,1016.1,357.0,3.2,20.5,80.0,0.0
2016-10-08,12,1013.9,1019.0,41.0,4.6,20.2,66.0,0.0
2016-10-08,15,1014.9,1020.0,15.0,5.5,18.6,60.0,0.0
2016-10-08,18,1014.9,1020.0,340.0,2.4,16.4,73.0,0.0
2016-10-08,21,1015.2,1020.3,354.0,3.3,16.5,64.0,0.0
2016-10-09,0,1016.4,1021.5,1.0,4.0,17.5,66.0,0.0
2016-10-09,3,1016.1,1021.2,66.0,2.5,21.4,56.0,0.0
2016-10-09,6,1014.0,1019.1,54.0,3.5,21.7,49.0,0.0
2016-10-09,9,1014.3,1019.4,28.0,5.6,20.4,55.0,0.0
2016-10-09,12,1016.1,1021.2,52.0,6.0,18.8,58.0,0.0
2016-10-09,15,1016.3,1021.4,57.0,4.4,17.1,60.0,0.0
2016-10-09,18,1015.4,1020.5,4.0,1.3,15.4,67.0,0.0
2016-10-09,21,1014.5,1019.6,333.0,2.5,14.1,80.0,0.0
2016-10-10,0,1015.95,1021.05,176.0,3.1,18.1,70.0,0.0
2016-10-10,3,1015.4000000000001,1020.45,55.5,3.0,21.299999999999997,61.0,0.0
2016-10-10,6,1013.4,1018.45,59.0,3.25,22.75,49.5,0.0
2016-10-10,9,1013.75,1018.8,57.5,4.0,21.7,55.5,0.0
2016-10-10,12,1015.6,1020.7,78.5,4.75,20.200000000000003,64.0,0.0
2016-10-10,15,1016.0999999999999,1021.15,51.0,3.6,18.700000000000003,63.0,0.0
2016-10-10,18,1015.55,1020.6,175.5,1.7999999999999998,17.1,70.0,0.0
2016-10-10,21,1015.6,1020.6500000000001,168.5,2.2,16.65,77.0,0.0
2016-10-11,0,1015.5,1020.6,351.0,2.2,18.7,74.0,0.0
2016-10-11,3,1014.7,1019.7,45.0,3.5,21.2,66.0,0.0
2016-10-11,6,1012.8,1017.8,64.0,3.0,23.8,50.0,0.0
2016-10-11,9,1013.2,1018.2,87.0,2.4,23.0,56.0,0.0
2016-10-11,12,1015.1,1020.2,105.0,3.5,21.6,70.0,0.0
2016-10-11,15,1015.9,1020.9,45.0,2.8,20.3,66.0,0.0
2016-10-11,18,1015.7,1020.7,347.0,2.3,18.8,73.0,0.0
2016-10-11,21,1016.7,1021.7,4.0,1.9,19.2,74.0,0.0
2016-10-12,0,1018.4,1023.5,56.0,4.5,19.9,60.0,0.0
2016-10-12,3,1018.3,1023.4,46.0,2.9,20.9,68.0,0.0
2016-10-12,6,1016.4,1021.5,100.0,3.1,22.1,59.0,0.0
2016-10-12,9,1016.5,1021.6,39.0,3.7,21.2,57.0,0.0
2016-10-12,12,1017.4,1022.5,360.0,1.4,20.4,63.0,0.0
2016-10-12,15,1017.0,1022.1,326.0,1.6,19.3,78.0,0.0
2016-10-12,18,1016.1,1021.1,327.0,1.9,18.9,83.0,0.0
2016-10-12,21,1015.8,1020.9,14.0,2.3,19.3,79.0,0.0
2016-10-13,0,1017.0,1022.1,74.0,2.0,19.8,78.0,0.0
2016-10-13,3,1017.6,1022.7,39.0,3.7,21.4,64.0,0.0
2016-10-13,6,1015.2,1020.2,48.0,2.3,21.6,63.0,0.0
2016-10-13,9,1015.3,1020.3,46.0,2.3,21.3,61.0,0.0
2016-10-13,12,1016.8,1021.9,24.0,2.2,20.3,69.0,0.0
2016-10-13,15,1016.6,1021.6,41.0,1.8,19.8,71.0,0.0
2016-10-13,18,1015.8,1020.9,352.0,1.5,19.1,75.0,0.0
2016-10-13,21,1015.9,1021.0,352.0,2.5,18.0,89.0,0.3
2016-10-14,0,1017.4,1022.5,46.0,3.0,18.4,88.0,0.0
2016-10-14,3,1017.8,1022.9,2.0,1.6,18.8,82.0,0.0
2016-10-14,6,1015.8,1020.9,359.0,1.9,18.5,84.0,0.0
2016-10-14,9,1015.5,1020.6,349.0,2.0,18.2,81.0,0.0
2016-10-14,12,1016.5,1021.6,1.0,1.4,18.3,83.0,0.0
2016-10-14,15,1015.9,1021.0,354.0,1.8,18.2,87.0,0.0
2016-10-14,18,1015.4,1020.5,202.0,1.1,18.4,89.0,0.0
2016-10-14,21,1015.2,1020.3,360.0,2.3,18.5,90.0,0.0
2016-10-15,0,1016.5,1021.6,35.0,2.0,19.0,95.0,0.0
2016-10-15,3,1015.8,1020.9,357.0,1.1,19.8,94.0,0.6
2016-10-15,6,1013.7,1018.8,334.0,1.5,20.3,96.0,0.1
2016-10-15,9,1013.7,1018.8,333.0,2.2,20.3,96.0,0.0
2016-10-15,12,1014.5,1019.6,344.0,0.9,20.0,97.0,0.0
2016-10-15,15,1013.9,1019.0,999017.0,0.0,19.8,97.0,0.0
2016-10-15,18,1012.9,1017.9,215.0,1.7,19.7,97.0,0.0
2016-10-15,21,1012.8,1017.8,216.0,3.2,19.6,97.0,0.0
2016-10-16,0,1013.9,1018.9,327.0,0.6,20.4,95.0,0.0
2016-10-16,3,1013.9,1018.9,342.0,2.2,24.6,76.0,0.0
2016-10-16,6,1011.7,1016.7,301.0,1.8,26.8,67.0,0.0
2016-10-16,9,1011.7,1016.7,10.0,4.1,24.9,74.0,0.0
2016-10-16,12,1013.8,1018.8,353.0,4.3,22.7,77.0,0.0
2016-10-16,15,1014.7,1019.7,7.0,2.1,21.9,80.0,0.0
2016-10-16,18,1014.5,1019.5,344.0,2.0,21.3,83.0,0.0
2016-10-16,21,1014.2,1019.2,35.0,3.0,20.4,81.0,0.0
2016-10-17,0,1015.6,1020.6,35.0,2.1,20.1,80.0,0.0
2016-10-17,3,1015.6,1020.6,104.0,1.5,19.6,90.0,0.1
2016-10-17,6,1013.4,1018.4,81.0,1.2,21.3,79.0,0.0
2016-10-17,9,1013.7,1018.7,109.0,1.1,20.9,79.0,0.0
2016-10-17,12,1014.3,1019.4,17.0,0.7,19.6,87.0,0.0
2016-10-17,15,1014.7,1019.8,222.0,0.9,18.9,92.0,0.0
2016-10-17,18,1014.0,1019.0,341.0,1.5,19.1,92.0,0.0
2016-10-17,21,1013.9,1018.9,322.0,2.5,19.3,90.0,0.0
2016-10-18,0,1015.2,1020.3,62.0,2.1,20.5,87.0,0.0
2016-10-18,3,1014.5,1019.5,37.0,2.5,23.3,73.0,0.0
2016-10-18,6,1012.5,1017.5,128.0,1.6,23.4,73.0,0.0
2016-10-18,9,1013.0,1018.0,205.0,0.6,20.9,94.0,1.8
2016-10-18,12,1013.8,1018.8,106.0,1.5,20.5,94.0,0.5
2016-10-18,15,1013.7,1018.7,90.0,1.9,20.1,95.0,0.1
2016-10-18,18,1012.1,1017.1,125.0,2.3,20.0,96.0,1.3
2016-10-18,21,1011.7,1016.7,93.0,1.9,19.7,95.0,0.1
2016-10-19,0,1012.7,1017.7,49.0,0.9,20.1,94.0,0.2
2016-10-19,3,1012.6,1017.6,94.0,2.8,20.9,92.0,0.1
2016-10-19,6,1010.8,1015.8,89.0,2.1,20.7,94.0,1.0
2016-10-19,9,1010.9,1015.9,96.0,1.8,20.5,95.0,0.2
2016-10-19,12,1011.7,1016.7,134.0,2.1,20.3,95.0,0.1
2016-10-19,15,1011.6,1016.6,61.0,1.2,20.6,96.0,1.5
2016-10-19,18,1010.1,1015.1,325.0,0.5,20.7,97.0,0.1
2016-10-19,21,1009.9,1014.9,69.0,0.9,21.2,97.0,0.2
2016-10-20,0,1011.0,1016.0,100.0,1.2,21.5,95.0,0.0
2016-10-20,3,1010.2,1015.2,91.0,2.1,21.7,96.0,2.8
2016-10-20,6,1007.8,1012.8,94.0,2.7,22.3,91.0,0.0
2016-10-20,9,1008.1,1013.1,96.0,2.0,22.4,91.0,0.0
2016-10-20,12,1008.8,1013.8,93.0,2.8,21.7,92.0,0.1
2016-10-20,15,1008.5,1013.5,67.0,1.6,21.5,96.0,1.0
2016-10-20,18,1007.3,1012.3,94.0,1.6,21.7,93.0,0.0
2016-10-20,21,1006.6,1011.6,89.0,1.8,21.4,97.0,0.8
2016-10-21,0,1007.4,1012.4,39.0,2.2,21.7,96.0,0.1
2016-10-21,3,1006.5,1011.5,354.0,2.0,21.9,97.0,0.2
2016-10-21,6,1004.1,1009.1,335.0,3.1,21.4,98.0,0.5
2016-10-21,9,1004.3,1009.3,340.0,2.8,21.2,98.0,0.0
2016-10-21,12,1005.7,1010.7,330.0,2.0,21.4,98.0,0.1
2016-10-21,15,1005.8,1010.8,357.0,2.1,21.1,98.0,0.0
2016-10-21,18,1005.3,1010.3,342.0,2.5,21.0,98.0,1.3
2016-10-21,21,1004.5,1009.5,335.0,2.2,21.0,98.0,3.3
2016-10-22,0,1005.5,1010.5,47.0,2.1,21.3,98.0,0.2
2016-10-22,3,1004.1,1009.1,90.0,1.8,22.4,96.0,0.2
2016-10-22,6,1000.2,1005.1,86.0,2.9,22.6,96.0,0.1
2016-10-22,9,999.4,1004.3,117.0,2.0,22.8,97.0,3.1
2016-10-22,12,1001.2,1006.2,356.0,5.0,21.7,97.0,2.4
2016-10-22,15,1004.0,1009.0,352.0,4.8,20.7,96.0,1.6
2016-10-22,18,1005.3,1010.3,0.0,6.0,20.8,95.0,0.0
2016-10-22,21,1007.0,1012.0,0.0,3.7,19.9,96.0,0.3
2016-10-23,0,1009.7,1014.7,353.0,3.9,19.6,93.0,0.0
2016-10-23,3,1010.0,1015.0,17.0,4.5,21.0,83.0,0.0
2016-10-23,6,1009.1,1014.1,13.0,3.2,20.6,84.0,0.0
2016-10-23,9,1009.9,1014.9,344.0,1.9,20.4,87.0,0.0
2016-10-23,12,1011.2,1016.2,330.0,1.8,19.7,92.0,0.0
2016-10-23,15,1011.4,1016.4,326.0,1.1,19.7,92.0,0.0
2016-10-23,18,1011.0,1016.0,43.0,0.8,19.3,92.0,0.0
2016-10-23,21,1010.9,1015.9,40.0,2.6,19.2,91.0,0.0
2016-10-24,0,1012.0,1017.0,135.0,1.6,20.4,87.0,0.0
2016-10-24,3,1010.6,1015.6,157.0,1.3,23.4,75.0,0.0
2016-10-24,6,1007.7,1012.7,175.0,1.4,24.5,68.0,0.0
2016-10-24,9,1007.3,1012.3,133.0,0.9,23.5,79.0,0.0
2016-10-24,12,1008.3,1013.3,318.0,2.0,22.4,81.0,0.0
2016-10-24,15,1008.0,1013.0,210.0,1.4,21.0,91.0,0.0
2016-10-24,18,1007.3,1012.3,226.0,3.0,20.7,94.0,0.0
2016-10-24,21,1008.1,1013.1,323.0,2.5,20.8,93.0,0.0
