intersection_id,tollgate_id,time_window,avg_travel_time,seq
A,2,"[2016-10-18 08:00:00,2016-10-18 08:20:00)",77.77,210.8 & 68.5 & 83.5 & 45.1 & 85.4 & 41.8 & 50.9 & 71.7 & 75.4 & 60.7 & 61.7
A,2,"[2016-10-18 08:20:00,2016-10-18 08:40:00)",70.3,73.9 & 73.9 & 21.8 & 109.8 & 142.6 & 90.2 & 65.9 & 54.1 & 82.7 & 68.8 & 97.3 & 190.8 & 31.7 & 109.0 & 12.4 & 44.1 & 58.0 & 46.6 & 60.1 & 50.8 & 77.0 & 56.5 & 90.8 & 91.4 & 87.7 & 19.0 & 11.0 & 50.6
A,2,"[2016-10-18 08:40:00,2016-10-18 09:00:00)",77.68,67.8 & 70.1 & 60.4 & 104.9 & 70.5 & 39.4 & 83.3 & 70.6 & 90.3 & 101.1 & 98.4 & 148.6 & 100.2 & 60.6 & 49.4 & 52.7 & 53.9 & 76.0
A,2,"[2016-10-18 09:00:00,2016-10-18 09:20:00)",79.28,71.1 & 80.4 & 98.1 & 102.6 & 101.9 & 84.7 & 68.0 & 69.8 & 62.2 & 122.5 & 88.2 & 78.8 & 89.1 & 51.7 & 73.7 & 39.0 & 65.6
A,2,"[2016-10-18 09:20:00,2016-10-18 09:40:00)",83.27,68.1 & 49.2 & 124.1 & 50.5 & 131.4 & 61.2 & 67.5 & 63.5 & 138.2 & 79.0
A,2,"[2016-10-18 09:40:00,2016-10-18 10:00:00)",77.67,50.9 & 70.3 & 68.7 & 43.2 & 118.4 & 49.9 & 59.7 & 124.9 & 50.7 & 82.0 & 155.9 & 86.0 & 49.0
A,2,"[2016-10-18 17:00:00,2016-10-18 17:20:00)",75.0,85.3 & 45.9 & 44.8 & 44.7 & 81.2 & 75.5 & 94.5 & 84.4 & 96.1 & 136.8 & 49.3 & 61.5
A,2,"[2016-10-18 17:20:00,2016-10-18 17:40:00)",63.3,128.8 & 21.5 & 89.5 & 54.2 & 78.7 & 61.5 & 46.8 & 55.4 & 54.6 & 54.6 & 50.5
A,2,"[2016-10-18 17:40:00,2016-10-18 18:00:00)",68.39,29.5 & 106.4 & 75.0 & 47.1 & 84.0
A,2,"[2016-10-18 18:00:00,2016-10-18 18:20:00)",88.83,87.9 & 98.1 & 123.7 & 90.4 & 44.1
A,2,"[2016-10-18 18:20:00,2016-10-18 18:40:00)",59.33,36.1 & 70.8 & 59.9 & 70.5
A,2,"[2016-10-18 18:40:00,2016-10-18 19:00:00)",52.23,49.8 & 47.9 & 60.4 & 59.4 & 43.6
A,2,"[2016-10-19 08:00:00,2016-10-19 08:20:00)",91.72,62.8 & 77.4 & 55.3 & 50.2 & 96.3 & 69.6 & 106.3 & 122.9 & 152.4 & 78.7 & 52.9 & 92.5 & 96.7 & 169.9
A,2,"[2016-10-19 08:20:00,2016-10-19 08:40:00)",92.28,108.5 & 26.2 & 83.1 & 90.8 & 122.1 & 88.2 & 75.8 & 133.8 & 84.9 & 171.9 & 93.3 & 129.2 & 62.4 & 21.8
A,2,"[2016-10-19 08:40:00,2016-10-19 09:00:00)",103.94,119.7 & 114.0 & 122.7 & 17.3 & 122.4 & 91.5 & 113.3 & 136.3 & 118.9 & 113.8 & 106.2 & 116.9 & 72.9 & 81.0 & 123.1 & 93.0
A,2,"[2016-10-19 09:00:00,2016-10-19 09:20:00)",79.27,54.4 & 54.4 & 77.1 & 85.0 & 76.2 & 93.1 & 62.4 & 78.7 & 96.9 & 83.3 & 105.3 & 84.2
A,2,"[2016-10-19 09:20:00,2016-10-19 09:40:00)",81.22,74.8 & 143.3 & 78.8 & 52.1 & 62.0 & 108.0 & 89.2 & 92.5 & 87.9 & 23.7
A,2,"[2016-10-19 09:40:00,2016-10-19 10:00:00)",79.82,51.2 & 255.3 & 51.6 & 122.4 & 70.2 & 108.8 & 80.6 & 53.6 & 52.8 & 46.2 & 85.4 & 62.1 & 70.1 & 89.6 & 59.1 & 51.3 & 79.0 & 47.5
A,2,"[2016-10-19 17:00:00,2016-10-19 17:20:00)",60.0,74.2 & 56.5 & 69.2 & 55.1 & 65.4 & 61.2 & 60.2 & 18.8 & 85.4 & 59.1 & 68.3 & 46.6
A,2,"[2016-10-19 17:20:00,2016-10-19 17:40:00)",56.98,52.0 & 65.9 & 76.2 & 36.1 & 54.7
A,2,"[2016-10-19 17:40:00,2016-10-19 18:00:00)",66.91,44.3 & 64.8 & 60.6 & 77.8 & 70.3 & 121.8 & 72.5 & 49.0 & 40.9
A,2,"[2016-10-19 18:00:00,2016-10-19 18:20:00)",63.8,93.6 & 51.5 & 81.9 & 77.4 & 61.3 & 51.0 & 57.7 & 70.4 & 48.9 & 58.1 & 62.1 & 73.6 & 42.2
A,2,"[2016-10-19 18:20:00,2016-10-19 18:40:00)",55.74,70.7 & 47.9 & 79.3 & 25.1 & 63.8 & 38.9 & 46.6 & 52.2 & 50.1 & 89.8 & 51.6 & 52.9
A,2,"[2016-10-19 18:40:00,2016-10-19 19:00:00)",84.02,58.0 & 54.3 & 82.6 & 153.3 & 54.1 & 50.5 & 72.0 & 76.3 & 155.1
A,2,"[2016-10-20 08:00:00,2016-10-20 08:20:00)",87.24,74.9 & 108.7 & 112.5 & 89.7 & 86.0 & 101.3 & 87.5 & 73.1 & 88.3 & 50.2
A,2,"[2016-10-20 08:20:00,2016-10-20 08:40:00)",75.48,146.0 & 62.4 & 135.9 & 46.3 & 90.2 & 76.6 & 41.4 & 104.3 & 60.4 & 57.1 & 69.0 & 48.1 & 47.3 & 62.0 & 85.2
A,2,"[2016-10-20 08:40:00,2016-10-20 09:00:00)",79.6,50.5 & 95.0 & 118.0 & 108.5 & 46.4 & 45.4 & 66.9 & 79.9 & 65.9 & 74.0 & 62.5 & 49.3 & 53.5 & 77.8 & 90.6 & 78.7 & 53.0 & 57.5 & 86.1 & 103.7 & 165.4 & 143.2 & 59.1
A,2,"[2016-10-20 09:00:00,2016-10-20 09:20:00)",103.35,129.9 & 174.6 & 135.8 & 110.9 & 127.5 & 120.4 & 37.9 & 120.0 & 74.4 & 50.4 & 57.6 & 112.6 & 134.2 & 81.9 & 81.9
A,2,"[2016-10-20 09:20:00,2016-10-20 09:40:00)",97.05,54.0 & 65.3 & 73.8 & 65.1 & 114.9 & 118.5 & 81.6 & 102.2 & 93.8 & 124.2 & 160.6 & 124.1 & 116.7 & 77.8 & 118.8 & 66.4 & 115.7 & 134.0 & 105.5 & 34.1 & 90.9
A,2,"[2016-10-20 09:40:00,2016-10-20 10:00:00)",67.95,57.9 & 49.9 & 71.9 & 72.2 & 54.1 & 84.8 & 40.8 & 85.1 & 104.3 & 58.4
A,2,"[2016-10-20 17:00:00,2016-10-20 17:20:00)",96.52,199.2 & 145.6 & 98.9 & 59.1 & 73.0 & 61.8 & 63.8 & 70.7
A,2,"[2016-10-20 17:20:00,2016-10-20 17:40:00)",54.93,66.4 & 57.9 & 49.4 & 35.6 & 80.0 & 32.5 & 47.1 & 64.6 & 97.8 & 48.3 & 24.7
A,2,"[2016-10-20 17:40:00,2016-10-20 18:00:00)",82.28,61.6 & 62.4 & 77.5 & 76.4 & 151.7 & 107.4 & 38.9
A,2,"[2016-10-20 18:00:00,2016-10-20 18:20:00)",75.25,53.1 & 90.4 & 41.9 & 167.2 & 177.7 & 52.0 & 25.0 & 45.0 & 43.7 & 79.4 & 52.2
A,2,"[2016-10-20 18:20:00,2016-10-20 18:40:00)",50.34,70.8 & 24.8 & 74.7 & 49.8 & 39.7 & 53.8 & 38.9
A,2,"[2016-10-20 18:40:00,2016-10-20 19:00:00)",57.25,49.6 & 58.2 & 83.3 & 43.6 & 50.2 & 58.5
A,2,"[2016-10-21 08:00:00,2016-10-21 08:20:00)",58.58,87.3 & 42.6 & 139.3 & 35.6 & 69.5 & 59.9 & 33.0 & 43.6 & 37.6 & 56.9 & 17.0 & 80.6
A,2,"[2016-10-21 08:20:00,2016-10-21 08:40:00)",71.5,55.9 & 69.6 & 40.9 & 47.6 & 53.6 & 72.9 & 68.0 & 106.8 & 33.1 & 96.2 & 58.7 & 83.3 & 109.5 & 98.2 & 69.9 & 76.1 & 99.5 & 59.6 & 59.1
A,2,"[2016-10-21 08:40:00,2016-10-21 09:00:00)",55.92,56.2 & 83.3 & 51.8 & 63.4 & 47.5 & 55.5 & 32.7 & 42.2 & 42.5 & 46.8 & 81.0 & 67.5 & 63.1 & 52.8 & 52.6
A,2,"[2016-10-21 09:00:00,2016-10-21 09:20:00)",99.53,66.6 & 83.1 & 48.4 & 125.6 & 124.4 & 120.4 & 98.8 & 65.3 & 127.0 & 62.3 & 85.6 & 107.0 & 75.7 & 65.3 & 56.1 & 187.1 & 193.2
A,2,"[2016-10-21 09:20:00,2016-10-21 09:40:00)",83.67,51.8 & 48.4 & 76.2 & 89.5 & 87.3 & 121.2 & 78.8 & 100.0 & 48.3 & 53.8 & 79.5 & 129.5 & 131.5 & 138.4 & 56.1 & 56.9 & 75.2
A,2,"[2016-10-21 09:40:00,2016-10-21 10:00:00)",73.3,21.1 & 51.8 & 74.6 & 86.0 & 67.8 & 64.9 & 98.6 & 55.5 & 82.6 & 80.9 & 128.1 & 96.8 & 74.7 & 42.7
A,2,"[2016-10-21 17:00:00,2016-10-21 17:20:00)",101.05,97.5 & 86.0 & 10.9 & 99.0 & 109.9 & 144.6 & 118.2 & 142.2
A,2,"[2016-10-21 17:20:00,2016-10-21 17:40:00)",82.62,53.4 & 47.7 & 59.0 & 66.9 & 81.7 & 96.2 & 101.8 & 99.4 & 107.0 & 114.8 & 59.5 & 72.4 & 43.0 & 118.3 & 94.7 & 74.7 & 114.0
A,2,"[2016-10-21 17:40:00,2016-10-21 18:00:00)",62.0,42.0 & 72.2 & 53.2 & 33.5 & 58.6 & 87.7 & 91.3 & 100.6 & 85.0 & 45.5 & 48.1 & 26.3
A,2,"[2016-10-21 18:00:00,2016-10-21 18:20:00)",76.75,148.4 & 149.1 & 72.2 & 69.0 & 72.8 & 40.1 & 78.6 & 56.6 & 55.9 & 77.9 & 64.1 & 36.4
A,2,"[2016-10-21 18:20:00,2016-10-21 18:40:00)",81.04,54.3 & 160.3 & 123.8 & 81.8 & 39.1 & 23.3 & 64.7 & 171.7 & 182.2 & 120.5 & 37.5 & 37.0 & 50.5 & 40.2 & 64.5 & 45.0
A,2,"[2016-10-21 18:40:00,2016-10-21 19:00:00)",70.41,71.9 & 20.2 & 30.9 & 265.3 & 50.5 & 63.3 & 39.7 & 18.2 & 52.5 & 79.1 & 81.2 & 72.0
A,2,"[2016-10-22 08:00:00,2016-10-22 08:20:00)",71.43,27.9 & 89.1 & 52.7 & 52.1 & 103.3 & 83.8 & 94.5 & 123.0 & 46.1 & 41.9
A,2,"[2016-10-22 08:20:00,2016-10-22 08:40:00)",56.06,38.9 & 40.5 & 40.2 & 69.7 & 48.8 & 55.3 & 58.9 & 38.5 & 102.9 & 83.7 & 42.5 & 54.2 & 47.6 & 63.0
A,2,"[2016-10-22 08:40:00,2016-10-22 09:00:00)",62.2,19.1 & 76.0 & 71.4 & 59.7 & 64.0 & 137.6 & 62.1 & 48.1 & 23.2 & 58.7 & 62.5 & 55.9 & 29.5 & 60.1 & 67.9 & 35.9 & 46.7 & 54.2 & 93.4 & 44.5 & 78.8 & 50.3 & 141.6 & 66.6 & 69.4 & 40.0
A,2,"[2016-10-22 09:00:00,2016-10-22 09:20:00)",79.54,49.1 & 82.0 & 87.9 & 38.6 & 74.6 & 41.7 & 80.3 & 164.1 & 129.8 & 47.3
A,2,"[2016-10-22 09:20:00,2016-10-22 09:40:00)",64.81,34.6 & 53.7 & 79.9 & 62.0 & 39.6 & 90.0 & 71.9 & 60.9 & 68.1 & 66.0 & 56.2 & 95.0 & 64.5
A,2,"[2016-10-22 09:40:00,2016-10-22 10:00:00)",70.94,43.7 & 52.0 & 50.1 & 46.7 & 84.3 & 74.2 & 70.4 & 101.7 & 59.7 & 63.5 & 87.6 & 96.4 & 38.6 & 40.1 & 117.4 & 51.3 & 67.7 & 145.8 & 56.8
A,2,"[2016-10-22 17:00:00,2016-10-22 17:20:00)",71.32,44.0 & 60.0 & 108.0 & 80.7 & 68.0 & 38.5 & 132.2 & 61.0 & 49.5
A,2,"[2016-10-22 17:20:00,2016-10-22 17:40:00)",63.61,111.5 & 109.9 & 47.8 & 47.8 & 43.5 & 46.3 & 75.6 & 26.5
A,2,"[2016-10-22 17:40:00,2016-10-22 18:00:00)",77.17,71.1 & 82.2 & 82.5 & 64.5 & 57.2 & 82.0 & 91.0 & 86.9
A,2,"[2016-10-22 18:00:00,2016-10-22 18:20:00)",69.61,42.0 & 73.3 & 54.8 & 96.2 & 104.8 & 45.2 & 83.3 & 44.6 & 82.3
A,2,"[2016-10-22 18:20:00,2016-10-22 18:40:00)",66.35,49.0 & 95.1 & 55.0
A,2,"[2016-10-22 18:40:00,2016-10-22 19:00:00)",58.64,90.8 & 23.8 & 39.7 & 54.2 & 62.6 & 57.0 & 69.6 & 71.2
A,2,"[2016-10-23 08:00:00,2016-10-23 08:20:00)",56.62,62.6 & 46.8 & 47.1 & 33.4 & 65.8 & 61.0 & 44.3 & 78.8 & 60.7 & 67.5 & 54.7
A,2,"[2016-10-23 08:20:00,2016-10-23 08:40:00)",65.06,111.8 & 64.6 & 41.3 & 49.1 & 69.9 & 72.9 & 78.1 & 40.5 & 117.3 & 63.3 & 44.6 & 71.8 & 102.2 & 49.1 & 45.1 & 35.4 & 49.0
A,2,"[2016-10-23 08:40:00,2016-10-23 09:00:00)",65.96,102.2 & 71.4 & 54.8 & 17.8 & 31.4 & 71.9 & 113.1 & 113.6 & 41.7 & 41.8
A,2,"[2016-10-23 09:00:00,2016-10-23 09:20:00)",83.79,89.1 & 82.4 & 155.3 & 72.7 & 59.7 & 65.5 & 181.5 & 90.1 & 64.2 & 91.8 & 44.7 & 65.7 & 56.4 & 54.0
A,2,"[2016-10-23 09:20:00,2016-10-23 09:40:00)",64.03,72.1 & 117.2 & 46.1 & 57.9 & 98.6 & 43.3 & 41.9 & 57.5 & 41.6
A,2,"[2016-10-23 09:40:00,2016-10-23 10:00:00)",66.64,58.8 & 62.2 & 108.8 & 55.2 & 119.4 & 113.9 & 75.5 & 50.6 & 52.6 & 45.0 & 49.2 & 69.4 & 30.7 & 44.4 & 63.5
A,2,"[2016-10-23 17:00:00,2016-10-23 17:20:00)",94.08,74.4 & 117.2 & 73.1 & 77.9 & 24.6 & 173.2 & 172.0 & 124.8 & 93.4 & 147.5 & 85.7 & 56.0 & 90.5 & 74.3 & 26.6
A,2,"[2016-10-23 17:20:00,2016-10-23 17:40:00)",67.87,57.8 & 58.4 & 83.8 & 134.5 & 73.3 & 84.4 & 54.0 & 43.2 & 21.5
A,2,"[2016-10-23 17:40:00,2016-10-23 18:00:00)",63.09,70.4 & 50.6 & 49.7 & 50.6 & 82.8 & 79.2 & 71.3 & 80.7 & 73.4 & 88.5 & 25.8 & 66.0 & 31.1
A,2,"[2016-10-23 18:00:00,2016-10-23 18:20:00)",63.97,61.5 & 58.6 & 39.1 & 42.6 & 65.3 & 60.1 & 67.3 & 109.6 & 67.8 & 59.4 & 72.5
A,2,"[2016-10-23 18:20:00,2016-10-23 18:40:00)",60.32,57.4 & 35.0 & 51.9 & 48.1 & 55.1 & 38.3 & 46.1 & 40.3 & 100.3 & 89.8 & 78.3 & 28.1 & 87.5 & 83.6 & 76.3 & 49.0
A,2,"[2016-10-23 18:40:00,2016-10-23 19:00:00)",69.44,46.4 & 51.7 & 39.9 & 43.3 & 64.7 & 107.9 & 116.2 & 85.4
A,2,"[2016-10-24 08:00:00,2016-10-24 08:20:00)",70.59,52.4 & 85.1 & 51.1 & 69.6 & 54.4 & 105.2 & 90.5 & 51.0 & 86.1 & 67.8 & 54.4 & 46.4 & 103.7
A,2,"[2016-10-24 08:20:00,2016-10-24 08:40:00)",85.32,45.7 & 29.0 & 82.9 & 57.9 & 102.8 & 72.5 & 74.9 & 72.7 & 64.0 & 146.8 & 70.3 & 70.3 & 99.0 & 64.7 & 101.7 & 67.7 & 83.8 & 112.8 & 111.3 & 128.2 & 132.8
A,2,"[2016-10-24 08:40:00,2016-10-24 09:00:00)",63.33,28.1 & 139.2 & 161.4 & 45.7 & 52.3 & 52.0 & 72.7 & 23.4 & 37.4 & 57.4 & 73.8 & 53.8 & 62.4 & 66.6 & 18.0 & 77.9 & 54.6
A,2,"[2016-10-24 09:00:00,2016-10-24 09:20:00)",79.18,56.2 & 63.1 & 51.8 & 72.2 & 59.6 & 75.3 & 68.8 & 69.4 & 60.8 & 87.8 & 56.6 & 81.9 & 75.5 & 114.0 & 91.8 & 182.0
A,2,"[2016-10-24 09:20:00,2016-10-24 09:40:00)",76.7,123.8 & 79.1 & 87.4 & 104.7 & 97.5 & 90.4 & 37.5 & 72.3 & 79.7 & 86.5 & 157.9 & 59.4 & 168.8 & 63.7 & 21.6 & 67.0 & 68.5 & 10.9 & 16.8 & 40.5
A,2,"[2016-10-24 09:40:00,2016-10-24 10:00:00)",51.01,70.0 & 56.0 & 38.1 & 35.8 & 28.2 & 56.6 & 56.1 & 40.5 & 48.5 & 67.5 & 63.8
A,2,"[2016-10-24 17:00:00,2016-10-24 17:20:00)",85.03,53.5 & 51.7 & 112.0 & 58.4 & 120.1 & 86.1 & 113.5
A,2,"[2016-10-24 17:20:00,2016-10-24 17:40:00)",68.98,94.6 & 91.2 & 62.8 & 49.9 & 51.7 & 56.5 & 62.8 & 63.6 & 87.7
A,2,"[2016-10-24 17:40:00,2016-10-24 18:00:00)",53.84,48.8 & 54.4 & 64.1 & 44.8 & 55.9 & 66.1 & 50.8 & 45.8
A,2,"[2016-10-24 18:00:00,2016-10-24 18:20:00)",65.13,74.7 & 78.5 & 39.8 & 67.5
A,2,"[2016-10-24 18:20:00,2016-10-24 18:40:00)",61.35,40.6 & 39.7 & 87.0 & 91.3 & 44.0 & 60.4 & 68.2 & 64.3 & 81.3 & 36.7
A,2,"[2016-10-24 18:40:00,2016-10-24 19:00:00)",62.85,54.2 & 47.3 & 63.6 & 94.9 & 57.1 & 75.3 & 60.5 & 49.8
A,3,"[2016-10-18 08:00:00,2016-10-18 08:20:00)",197.5,211.1 & 215.8 & 215.8 & 172.5 & 158.2 & 212.9 & 159.9 & 227.1 & 193.5 & 160.0 & 245.7
A,3,"[2016-10-18 08:20:00,2016-10-18 08:40:00)",166.9,82.8 & 245.1 & 154.3 & 172.0 & 169.9 & 177.2
A,3,"[2016-10-18 08:40:00,2016-10-18 09:00:00)",253.82,261.8 & 140.1 & 243.8 & 228.5 & 263.8 & 277.0 & 296.6 & 254.3 & 194.6 & 269.4 & 329.4 & 266.1 & 265.7 & 236.0 & 276.4 & 260.0 & 251.5
A,3,"[2016-10-18 09:00:00,2016-10-18 09:20:00)",240.16,253.3 & 336.0 & 238.8 & 242.8 & 229.9 & 203.5 & 214.4 & 210.3 & 352.9 & 206.8 & 187.7 & 205.4
A,3,"[2016-10-18 09:20:00,2016-10-18 09:40:00)",179.19,172.9 & 134.2 & 163.5 & 249.0 & 210.5 & 144.0 & 180.2
A,3,"[2016-10-18 09:40:00,2016-10-18 10:00:00)",136.98,212.2 & 171.9 & 89.5 & 116.1 & 76.4 & 144.3 & 148.9 & 136.5
A,3,"[2016-10-18 17:00:00,2016-10-18 17:20:00)",136.34,107.0 & 111.9 & 119.3 & 135.7 & 125.1 & 139.0 & 129.7 & 201.5 & 182.7 & 111.4
A,3,"[2016-10-18 17:20:00,2016-10-18 17:40:00)",143.7,208.0 & 193.3 & 77.9 & 205.7 & 122.4 & 145.4 & 130.5 & 97.4 & 112.6
A,3,"[2016-10-18 17:40:00,2016-10-18 18:00:00)",100.13,116.9 & 80.8 & 92.2 & 135.2 & 105.4 & 82.1 & 88.3
A,3,"[2016-10-18 18:00:00,2016-10-18 18:20:00)",122.91,83.1 & 90.7 & 144.7 & 188.8 & 28.8 & 171.4 & 152.9
A,3,"[2016-10-18 18:20:00,2016-10-18 18:40:00)",112.75,109.8 & 76.2 & 135.5 & 117.1 & 121.0 & 130.6 & 98.1 & 113.8
A,3,"[2016-10-18 18:40:00,2016-10-18 19:00:00)",120.58,129.5 & 87.0 & 156.0 & 112.3 & 118.2
A,3,"[2016-10-19 08:00:00,2016-10-19 08:20:00)",319.67,278.8 & 279.2 & 436.5 & 290.3 & 381.1 & 268.8 & 303.0
A,3,"[2016-10-19 08:20:00,2016-10-19 08:40:00)",328.02,232.8 & 380.2 & 388.3 & 213.1 & 425.7
A,3,"[2016-10-19 08:40:00,2016-10-19 09:00:00)",326.7,340.0 & 401.2 & 265.2 & 358.4 & 259.2 & 336.2
A,3,"[2016-10-19 09:00:00,2016-10-19 09:20:00)",339.07,353.8 & 344.8 & 287.9 & 353.6 & 287.1 & 440.4 & 308.5 & 336.7
A,3,"[2016-10-19 09:20:00,2016-10-19 09:40:00)",316.84,243.3 & 316.8 & 268.2 & 358.8 & 328.3 & 311.5 & 319.0 & 401.6 & 305.7 & 308.9 & 323.1
A,3,"[2016-10-19 09:40:00,2016-10-19 10:00:00)",199.89,215.1 & 317.3 & 282.0 & 156.3 & 153.1 & 334.1 & 193.9 & 145.6 & 145.6 & 139.7 & 116.2
A,3,"[2016-10-19 17:00:00,2016-10-19 17:20:00)",152.27,120.7 & 144.0 & 111.3 & 126.4 & 161.5 & 159.5 & 157.7 & 163.6 & 129.9 & 191.5 & 199.3 & 161.8
A,3,"[2016-10-19 17:20:00,2016-10-19 17:40:00)",123.18,111.6 & 109.1 & 166.2 & 118.7 & 133.9 & 109.5 & 135.2 & 137.6 & 86.8
A,3,"[2016-10-19 17:40:00,2016-10-19 18:00:00)",112.64,116.2 & 141.0 & 136.2 & 84.5 & 81.2 & 116.8
A,3,"[2016-10-19 18:00:00,2016-10-19 18:20:00)",110.19,112.1 & 112.2 & 103.0 & 128.3 & 94.2 & 118.1 & 103.3
A,3,"[2016-10-19 18:20:00,2016-10-19 18:40:00)",100.43,89.2 & 103.7 & 100.3 & 121.7 & 70.5 & 112.9 & 104.7
A,3,"[2016-10-19 18:40:00,2016-10-19 19:00:00)",150.64,368.4 & 118.5 & 139.6 & 97.8 & 121.1 & 104.8 & 104.3
A,3,"[2016-10-20 08:00:00,2016-10-20 08:20:00)",183.76,168.3 & 160.4 & 208.1 & 208.5 & 219.9 & 108.6 & 110.0 & 237.4 & 232.5
A,3,"[2016-10-20 08:20:00,2016-10-20 08:40:00)",242.81,171.2 & 269.6 & 287.6
A,3,"[2016-10-20 08:40:00,2016-10-20 09:00:00)",224.49,201.1 & 146.6 & 212.2 & 192.5 & 216.2 & 299.1 & 303.8
A,3,"[2016-10-20 09:00:00,2016-10-20 09:20:00)",201.63,267.4 & 142.0 & 231.9 & 227.2 & 139.6
A,3,"[2016-10-20 09:20:00,2016-10-20 09:40:00)",263.23,228.4 & 298.9 & 275.5 & 306.6 & 239.1 & 296.3 & 224.0 & 179.5 & 320.8
A,3,"[2016-10-20 09:40:00,2016-10-20 10:00:00)",182.37,216.4 & 150.4 & 269.3 & 134.0 & 284.5 & 233.0 & 114.9 & 26.2 & 206.0 & 147.2 & 189.2 & 217.3
A,3,"[2016-10-20 17:00:00,2016-10-20 17:20:00)",139.66,167.5 & 179.9 & 142.3 & 165.7 & 136.0 & 145.2 & 131.4 & 117.0 & 148.8 & 165.8 & 149.4 & 77.3 & 111.1 & 117.9
A,3,"[2016-10-20 17:20:00,2016-10-20 17:40:00)",126.32,213.4 & 108.7 & 113.4 & 119.8 & 143.5 & 103.1 & 119.4 & 91.5 & 124.1
A,3,"[2016-10-20 17:40:00,2016-10-20 18:00:00)",124.92,104.8 & 102.7 & 194.7 & 89.2 & 95.3 & 106.0 & 115.2 & 203.0 & 100.1 & 138.3
A,3,"[2016-10-20 18:00:00,2016-10-20 18:20:00)",139.16,159.5 & 110.0 & 96.6 & 157.3 & 110.8 & 139.2 & 104.0 & 112.7 & 262.4
A,3,"[2016-10-20 18:20:00,2016-10-20 18:40:00)",128.43,110.5 & 140.6 & 117.4 & 183.8 & 98.9 & 119.3
A,3,"[2016-10-20 18:40:00,2016-10-20 19:00:00)",95.71,87.2 & 96.2 & 94.1 & 105.4
A,3,"[2016-10-21 08:00:00,2016-10-21 08:20:00)",258.88,250.4 & 299.2 & 231.3 & 254.6
A,3,"[2016-10-21 08:20:00,2016-10-21 08:40:00)",270.64,291.7 & 269.1 & 239.9 & 240.1 & 258.0 & 299.9 & 325.2 & 237.2 & 274.7
A,3,"[2016-10-21 08:40:00,2016-10-21 09:00:00)",240.81,296.1 & 251.3 & 268.4 & 332.3 & 169.5 & 168.3 & 235.2 & 277.8 & 233.0 & 235.4 & 181.6
A,3,"[2016-10-21 09:00:00,2016-10-21 09:20:00)",237.97,207.9 & 259.6 & 228.8 & 224.4 & 204.3 & 216.0 & 228.4 & 230.6 & 306.3 & 204.1 & 315.2 & 230.0
A,3,"[2016-10-21 09:20:00,2016-10-21 09:40:00)",250.89,174.7 & 165.2 & 272.7 & 267.7 & 310.4 & 283.8 & 290.8 & 241.9
A,3,"[2016-10-21 09:40:00,2016-10-21 10:00:00)",194.2,163.2 & 229.9 & 218.3 & 298.1 & 128.7 & 258.5 & 136.9 & 173.4 & 140.7
A,3,"[2016-10-21 17:00:00,2016-10-21 17:20:00)",135.93,192.0 & 136.5 & 108.1 & 154.0 & 69.2 & 101.1 & 243.1 & 83.4
A,3,"[2016-10-21 17:20:00,2016-10-21 17:40:00)",121.93,98.2 & 156.4 & 96.0 & 137.5 & 97.8 & 115.2 & 91.1 & 183.2
A,3,"[2016-10-21 17:40:00,2016-10-21 18:00:00)",107.05,125.2 & 95.0 & 88.6 & 88.2 & 119.6 & 125.7
A,3,"[2016-10-21 18:00:00,2016-10-21 18:20:00)",113.41,152.6 & 115.4 & 107.0 & 78.7 & 123.7 & 103.1
A,3,"[2016-10-21 18:20:00,2016-10-21 18:40:00)",123.13,111.4 & 95.7 & 135.5 & 186.8 & 62.0 & 162.9 & 91.4 & 139.4
A,3,"[2016-10-21 18:40:00,2016-10-21 19:00:00)",107.53,70.9 & 89.5 & 102.7 & 162.3 & 98.3 & 121.4
A,3,"[2016-10-22 08:00:00,2016-10-22 08:20:00)",120.94,97.6 & 96.9 & 97.1 & 90.9 & 166.1 & 146.8 & 151.8 & 120.5
A,3,"[2016-10-22 08:20:00,2016-10-22 08:40:00)",113.81,116.2 & 113.9 & 113.9 & 136.3 & 134.8 & 151.0 & 79.4 & 124.9 & 166.7 & 73.4 & 37.9 & 117.6 & 116.5 & 123.9 & 114.6 & 100.1
A,3,"[2016-10-22 08:40:00,2016-10-22 09:00:00)",195.13,76.4 & 169.0 & 98.9 & 89.1 & 127.6 & 142.2 & 662.5
A,3,"[2016-10-22 09:00:00,2016-10-22 09:20:00)",116.25,91.7 & 86.9 & 132.6 & 124.5 & 77.5 & 158.4 & 112.4 & 132.8 & 117.3 & 128.4
A,3,"[2016-10-22 09:20:00,2016-10-22 09:40:00)",124.06,150.4 & 102.1 & 172.6 & 160.0 & 27.4 & 126.2 & 144.8 & 109.0
A,3,"[2016-10-22 09:40:00,2016-10-22 10:00:00)",147.83,84.4 & 507.7 & 86.2 & 107.6 & 105.9 & 189.6 & 91.8 & 88.1 & 119.0 & 142.5 & 142.7 & 86.8 & 169.6
A,3,"[2016-10-22 17:00:00,2016-10-22 17:20:00)",110.48,172.4 & 130.6 & 117.5 & 109.6 & 84.4 & 88.8 & 29.9 & 131.8 & 113.0 & 117.3 & 75.7 & 154.8
A,3,"[2016-10-22 17:20:00,2016-10-22 17:40:00)",113.84,66.9 & 79.2 & 96.3 & 127.2 & 85.9 & 133.2 & 109.8 & 134.3 & 136.1 & 117.7 & 165.8
A,3,"[2016-10-22 17:40:00,2016-10-22 18:00:00)",124.66,115.5 & 141.8 & 124.9 & 196.6 & 128.3 & 72.5 & 93.8 & 141.1 & 98.0 & 128.1 & 130.6
A,3,"[2016-10-22 18:00:00,2016-10-22 18:20:00)",88.7,115.5 & 102.5 & 78.9 & 57.9
A,3,"[2016-10-22 18:20:00,2016-10-22 18:40:00)",103.83,104.7 & 91.1 & 105.9 & 117.4 & 86.2 & 77.0 & 132.6 & 113.1 & 106.5
A,3,"[2016-10-22 18:40:00,2016-10-22 19:00:00)",170.18,121.2 & 148.8 & 153.1 & 333.9 & 94.0
A,3,"[2016-10-23 08:00:00,2016-10-23 08:20:00)",91.06,91.1 & 81.5 & 94.1 & 93.1 & 92.4 & 65.0 & 120.2
A,3,"[2016-10-23 08:20:00,2016-10-23 08:40:00)",90.74,89.4 & 84.8 & 83.5 & 97.7 & 110.6 & 94.8 & 74.3
A,3,"[2016-10-23 08:40:00,2016-10-23 09:00:00)",111.3,77.3 & 136.0 & 165.1 & 135.8 & 89.8 & 63.7
A,3,"[2016-10-23 09:00:00,2016-10-23 09:20:00)",116.89,101.2 & 95.7 & 86.2 & 115.7 & 278.8 & 85.1 & 109.9 & 97.8 & 74.8 & 123.9
A,3,"[2016-10-23 09:20:00,2016-10-23 09:40:00)",103.09,173.2 & 144.4 & 75.5 & 102.8 & 131.5 & 78.0 & 127.7 & 74.8 & 90.6 & 89.3 & 71.5 & 89.8 & 91.2
A,3,"[2016-10-23 09:40:00,2016-10-23 10:00:00)",95.62,155.5 & 27.1 & 93.8 & 80.2 & 68.2 & 84.7 & 84.1 & 109.2 & 107.5 & 145.8
A,3,"[2016-10-23 17:00:00,2016-10-23 17:20:00)",112.65,76.4 & 119.8 & 119.5 & 109.0 & 138.6
A,3,"[2016-10-23 17:20:00,2016-10-23 17:40:00)",107.82,117.9 & 76.9 & 124.1 & 126.4 & 94.4 & 107.3
A,3,"[2016-10-23 17:40:00,2016-10-23 18:00:00)",112.35,80.0 & 179.9 & 91.6 & 115.3 & 112.3 & 90.6 & 116.7
A,3,"[2016-10-23 18:00:00,2016-10-23 18:20:00)",98.51,82.2 & 89.5 & 71.0 & 171.5 & 78.4
A,3,"[2016-10-23 18:20:00,2016-10-23 18:40:00)",103.75,84.5 & 74.6 & 133.5 & 138.8 & 87.3
A,3,"[2016-10-23 18:40:00,2016-10-23 19:00:00)",102.92,79.6 & 141.8 & 102.6 & 87.6
A,3,"[2016-10-24 08:00:00,2016-10-24 08:20:00)",265.38,235.8 & 282.9 & 266.4 & 276.5
A,3,"[2016-10-24 08:20:00,2016-10-24 08:40:00)",234.99,224.5 & 289.9 & 233.0 & 218.6 & 245.2 & 262.9 & 263.3 & 345.7 & 184.8 & 188.3 & 213.1 & 150.7
A,3,"[2016-10-24 08:40:00,2016-10-24 09:00:00)",181.75,128.2 & 220.5 & 229.8 & 200.7 & 189.9 & 138.8 & 164.5
A,3,"[2016-10-24 09:00:00,2016-10-24 09:20:00)",262.43,144.5 & 310.2 & 284.6 & 190.1 & 278.2 & 260.6 & 269.1 & 290.8 & 258.8 & 255.8 & 206.5 & 356.4 & 306.1
A,3,"[2016-10-24 09:20:00,2016-10-24 09:40:00)",146.56,168.6 & 185.0 & 109.9 & 212.0 & 207.0 & 114.3 & 136.4 & 160.0 & 25.9
A,3,"[2016-10-24 09:40:00,2016-10-24 10:00:00)",92.95,95.1 & 98.5 & 29.2 & 149.0
A,3,"[2016-10-24 17:00:00,2016-10-24 17:20:00)",121.97,144.9 & 119.2 & 100.4 & 123.0 & 91.8 & 124.1 & 67.6 & 122.2 & 106.3 & 183.3 & 168.1 & 112.7
A,3,"[2016-10-24 17:20:00,2016-10-24 17:40:00)",124.4,99.9 & 109.8 & 118.6 & 170.4 & 89.8 & 89.8 & 100.2 & 167.0 & 174.2
A,3,"[2016-10-24 17:40:00,2016-10-24 18:00:00)",95.07,138.7 & 120.2 & 127.6 & 28.3 & 98.9 & 79.1 & 95.1 & 72.7
A,3,"[2016-10-24 18:00:00,2016-10-24 18:20:00)",109.61,93.2 & 158.7 & 116.2 & 107.9 & 108.6 & 73.0
A,3,"[2016-10-24 18:20:00,2016-10-24 18:40:00)",109.73,116.8 & 99.8 & 112.5
A,3,"[2016-10-24 18:40:00,2016-10-24 19:00:00)",165.64,261.7 & 184.4 & 144.7 & 163.6 & 160.9 & 123.3 & 120.8
B,1,"[2016-10-18 08:00:00,2016-10-18 08:20:00)",88.71,88.7
B,1,"[2016-10-18 08:20:00,2016-10-18 08:40:00)",136.07,104.5 & 75.1 & 120.1 & 209.8 & 108.2 & 198.8
B,1,"[2016-10-18 08:40:00,2016-10-18 09:00:00)",108.32,92.5 & 100.6 & 93.3 & 142.7 & 112.6
B,1,"[2016-10-18 09:00:00,2016-10-18 09:20:00)",109.72,76.8 & 140.4 & 111.7 & 110.0
B,1,"[2016-10-18 09:20:00,2016-10-18 09:40:00)",121.11,125.5 & 116.2 & 121.6
B,1,"[2016-10-18 09:40:00,2016-10-18 10:00:00)",103.39,103.4
B,1,"[2016-10-18 17:00:00,2016-10-18 17:20:00)",120.0,146.4 & 95.6 & 94.4 & 143.6
B,1,"[2016-10-18 17:20:00,2016-10-18 17:40:00)",150.77,150.8
B,1,"[2016-10-18 17:40:00,2016-10-18 18:00:00)",154.23,151.4 & 157.1
B,1,"[2016-10-18 18:00:00,2016-10-18 18:20:00)",131.32,147.9 & 114.7
B,1,"[2016-10-18 18:20:00,2016-10-18 18:40:00)",131.49,118.5 & 171.8 & 104.1
B,1,"[2016-10-18 18:40:00,2016-10-18 19:00:00)",175.32,175.3
B,1,"[2016-10-19 08:00:00,2016-10-19 08:20:00)",92.31,92.3
B,1,"[2016-10-19 08:20:00,2016-10-19 08:40:00)",135.66,135.7
B,1,"[2016-10-19 08:40:00,2016-10-19 09:00:00)",153.98,191.2 & 116.8
B,1,"[2016-10-19 09:00:00,2016-10-19 09:20:00)",117.8,117.8
B,1,"[2016-10-19 09:20:00,2016-10-19 09:40:00)",137.92,142.4 & 133.4
B,1,"[2016-10-19 09:40:00,2016-10-19 10:00:00)",142.04,142.0
B,1,"[2016-10-19 17:00:00,2016-10-19 17:20:00)",120.2,116.0 & 124.5
B,1,"[2016-10-19 17:40:00,2016-10-19 18:00:00)",115.66,128.9 & 102.4
B,1,"[2016-10-19 18:00:00,2016-10-19 18:20:00)",141.59,144.0 & 173.2 & 107.5
B,1,"[2016-10-20 08:00:00,2016-10-20 08:20:00)",108.92,125.8 & 114.6 & 102.6 & 114.7 & 86.9
B,1,"[2016-10-20 08:20:00,2016-10-20 08:40:00)",138.17,102.9 & 143.0 & 168.6
B,1,"[2016-10-20 08:40:00,2016-10-20 09:00:00)",83.41,89.4 & 77.4
B,1,"[2016-10-20 09:00:00,2016-10-20 09:20:00)",119.25,129.8 & 109.9 & 87.0 & 150.3
B,1,"[2016-10-20 09:20:00,2016-10-20 09:40:00)",105.32,105.5 & 119.1 & 87.0 & 104.4 & 110.4
B,1,"[2016-10-20 09:40:00,2016-10-20 10:00:00)",132.5,137.8 & 118.3 & 141.4
B,1,"[2016-10-20 17:00:00,2016-10-20 17:20:00)",87.61,118.5 & 110.5 & 33.8
B,1,"[2016-10-20 17:20:00,2016-10-20 17:40:00)",173.74,197.2 & 173.6 & 165.8 & 158.4
B,1,"[2016-10-20 17:40:00,2016-10-20 18:00:00)",140.4,140.4
B,1,"[2016-10-20 18:00:00,2016-10-20 18:20:00)",21.7,21.7
B,1,"[2016-10-20 18:20:00,2016-10-20 18:40:00)",143.75,143.8
B,1,"[2016-10-20 18:40:00,2016-10-20 19:00:00)",137.51,141.9 & 133.1
B,1,"[2016-10-21 08:00:00,2016-10-21 08:20:00)",126.64,196.6 & 72.5 & 110.9
B,1,"[2016-10-21 08:20:00,2016-10-21 08:40:00)",163.0,126.3 & 199.7
B,1,"[2016-10-21 08:40:00,2016-10-21 09:00:00)",118.02,116.4 & 177.6 & 131.7 & 75.2 & 89.2
B,1,"[2016-10-21 09:00:00,2016-10-21 09:20:00)",123.06,103.3 & 129.2 & 123.0 & 119.0 & 140.8
B,1,"[2016-10-21 09:20:00,2016-10-21 09:40:00)",115.15,100.5 & 129.8
B,1,"[2016-10-21 09:40:00,2016-10-21 10:00:00)",97.77,95.6 & 93.2 & 104.5
B,1,"[2016-10-21 17:00:00,2016-10-21 17:20:00)",174.46,172.8 & 176.1
B,1,"[2016-10-21 17:20:00,2016-10-21 17:40:00)",221.76,132.2 & 190.0 & 176.3 & 131.7 & 147.8 & 552.5
B,1,"[2016-10-21 18:00:00,2016-10-21 18:20:00)",392.65,370.0 & 415.3
B,1,"[2016-10-21 18:40:00,2016-10-21 19:00:00)",188.54,249.1 & 127.9
B,1,"[2016-10-22 08:00:00,2016-10-22 08:20:00)",105.17,103.5 & 106.9
B,1,"[2016-10-22 08:20:00,2016-10-22 08:40:00)",116.39,153.5 & 79.3
B,1,"[2016-10-22 08:40:00,2016-10-22 09:00:00)",107.39,107.4
B,1,"[2016-10-22 09:00:00,2016-10-22 09:20:00)",130.69,130.4 & 131.0
B,1,"[2016-10-22 09:20:00,2016-10-22 09:40:00)",144.58,154.0 & 135.3 & 144.4
B,1,"[2016-10-22 09:40:00,2016-10-22 10:00:00)",126.19,140.4 & 112.0
B,1,"[2016-10-22 17:00:00,2016-10-22 17:20:00)",160.13,113.9 & 84.3 & 282.2
B,1,"[2016-10-22 17:20:00,2016-10-22 17:40:00)",155.09,199.3 & 110.9
B,1,"[2016-10-22 17:40:00,2016-10-22 18:00:00)",111.85,111.8
B,1,"[2016-10-22 18:00:00,2016-10-22 18:20:00)",115.5,109.5 & 105.0 & 132.0
B,1,"[2016-10-22 18:20:00,2016-10-22 18:40:00)",175.15,175.2
B,1,"[2016-10-23 08:00:00,2016-10-23 08:20:00)",139.86,94.8 & 185.0
B,1,"[2016-10-23 08:20:00,2016-10-23 08:40:00)",111.58,101.6 & 121.6
B,1,"[2016-10-23 09:00:00,2016-10-23 09:20:00)",189.01,489.8 & 96.4 & 91.0 & 78.9
B,1,"[2016-10-23 09:40:00,2016-10-23 10:00:00)",107.28,81.5 & 103.8 & 89.7 & 154.2
B,1,"[2016-10-23 17:00:00,2016-10-23 17:20:00)",84.84,84.8
B,1,"[2016-10-23 17:20:00,2016-10-23 17:40:00)",94.28,94.3
B,1,"[2016-10-23 17:40:00,2016-10-23 18:00:00)",136.49,153.6 & 91.0 & 160.2 & 111.5 & 121.0 & 163.5 & 154.7
B,1,"[2016-10-23 18:00:00,2016-10-23 18:20:00)",125.39,109.5 & 142.0 & 121.2 & 128.8
B,1,"[2016-10-23 18:20:00,2016-10-23 18:40:00)",104.97,92.1 & 128.3 & 94.5
B,1,"[2016-10-23 18:40:00,2016-10-23 19:00:00)",124.76,124.8
B,1,"[2016-10-24 08:40:00,2016-10-24 09:00:00)",112.63,112.6
B,1,"[2016-10-24 09:00:00,2016-10-24 09:20:00)",95.66,75.1 & 123.0 & 89.0
B,1,"[2016-10-24 09:20:00,2016-10-24 09:40:00)",124.09,67.2 & 128.3 & 176.8
B,1,"[2016-10-24 09:40:00,2016-10-24 10:00:00)",111.86,71.3 & 111.9 & 131.0 & 122.0 & 123.1
B,1,"[2016-10-24 17:00:00,2016-10-24 17:20:00)",114.14,113.7 & 101.5 & 111.4 & 109.3 & 114.3 & 134.7
B,1,"[2016-10-24 17:20:00,2016-10-24 17:40:00)",128.66,121.0 & 140.7 & 124.3
B,1,"[2016-10-24 17:40:00,2016-10-24 18:00:00)",123.62,124.0 & 123.3
B,1,"[2016-10-24 18:00:00,2016-10-24 18:20:00)",146.24,153.2 & 139.3
B,1,"[2016-10-24 18:40:00,2016-10-24 19:00:00)",125.79,125.8
B,3,"[2016-10-18 08:00:00,2016-10-18 08:20:00)",126.4,127.7 & 174.3 & 77.2
B,3,"[2016-10-18 08:20:00,2016-10-18 08:40:00)",115.52,137.5 & 131.2 & 77.9
B,3,"[2016-10-18 08:40:00,2016-10-18 09:00:00)",98.86,141.3 & 95.6 & 91.1 & 141.4 & 65.0 & 58.9
B,3,"[2016-10-18 09:00:00,2016-10-18 09:20:00)",131.15,31.4 & 182.6 & 99.3 & 211.3
B,3,"[2016-10-18 09:20:00,2016-10-18 09:40:00)",151.95,76.3 & 81.5 & 116.1 & 221.7 & 276.0 & 140.1
B,3,"[2016-10-18 09:40:00,2016-10-18 10:00:00)",117.69,151.2 & 148.0 & 151.1 & 122.8 & 48.0 & 102.6 & 117.8 & 100.1
B,3,"[2016-10-18 17:00:00,2016-10-18 17:20:00)",80.49,80.5
B,3,"[2016-10-18 17:20:00,2016-10-18 17:40:00)",97.56,120.1 & 75.0
B,3,"[2016-10-18 17:40:00,2016-10-18 18:00:00)",104.47,76.6 & 127.0 & 109.8
B,3,"[2016-10-18 18:00:00,2016-10-18 18:20:00)",125.47,131.6 & 129.6 & 132.7 & 107.9
B,3,"[2016-10-18 18:20:00,2016-10-18 18:40:00)",111.18,78.3 & 95.1 & 79.3 & 156.7 & 164.0 & 174.8 & 92.7 & 84.4 & 75.5
B,3,"[2016-10-18 18:40:00,2016-10-18 19:00:00)",117.39,77.5 & 139.4 & 135.3
B,3,"[2016-10-19 08:00:00,2016-10-19 08:20:00)",70.3,82.3 & 52.6 & 76.0
B,3,"[2016-10-19 08:20:00,2016-10-19 08:40:00)",145.63,151.8 & 128.4 & 129.1 & 76.2 & 83.3 & 246.8 & 203.9
B,3,"[2016-10-19 08:40:00,2016-10-19 09:00:00)",120.0,150.8 & 139.0 & 103.6 & 86.7
B,3,"[2016-10-19 09:00:00,2016-10-19 09:20:00)",129.17,154.4 & 82.1 & 155.6 & 153.0 & 119.4 & 110.5
B,3,"[2016-10-19 09:20:00,2016-10-19 09:40:00)",108.18,44.7 & 67.9 & 211.3 & 77.0 & 61.2 & 124.3 & 156.4 & 122.6
B,3,"[2016-10-19 09:40:00,2016-10-19 10:00:00)",112.14,86.7 & 154.6 & 187.2 & 108.1 & 116.4 & 79.6 & 52.3
B,3,"[2016-10-19 17:00:00,2016-10-19 17:20:00)",106.34,111.0 & 95.2 & 80.9 & 119.2 & 125.4
B,3,"[2016-10-19 17:20:00,2016-10-19 17:40:00)",105.73,100.8 & 110.7
B,3,"[2016-10-19 17:40:00,2016-10-19 18:00:00)",101.06,105.3 & 96.8
B,3,"[2016-10-19 18:00:00,2016-10-19 18:20:00)",87.42,164.8 & 103.2 & 76.2 & 44.6 & 61.0 & 51.4 & 57.2 & 141.0
B,3,"[2016-10-19 18:20:00,2016-10-19 18:40:00)",110.38,96.5 & 86.2 & 170.3 & 93.7 & 105.2
B,3,"[2016-10-19 18:40:00,2016-10-19 19:00:00)",80.84,28.2 & 98.2 & 90.0 & 107.0
B,3,"[2016-10-20 08:00:00,2016-10-20 08:20:00)",93.88,100.5 & 94.7 & 70.0 & 130.2 & 119.9 & 47.9
B,3,"[2016-10-20 08:20:00,2016-10-20 08:40:00)",87.78,73.8 & 125.0 & 100.2 & 38.1 & 101.8
B,3,"[2016-10-20 08:40:00,2016-10-20 09:00:00)",103.01,131.9 & 86.0 & 91.2
B,3,"[2016-10-20 09:00:00,2016-10-20 09:20:00)",94.06,119.6 & 89.4 & 106.7 & 84.8 & 69.8
B,3,"[2016-10-20 09:20:00,2016-10-20 09:40:00)",114.88,66.8 & 154.3 & 150.0 & 88.5
B,3,"[2016-10-20 09:40:00,2016-10-20 10:00:00)",70.85,70.8
B,3,"[2016-10-20 17:00:00,2016-10-20 17:20:00)",116.79,127.0 & 112.5 & 110.9
B,3,"[2016-10-20 17:20:00,2016-10-20 17:40:00)",93.09,78.8 & 77.0 & 56.7 & 112.6 & 140.3
B,3,"[2016-10-20 17:40:00,2016-10-20 18:00:00)",87.7,71.8 & 60.8 & 130.5
B,3,"[2016-10-20 18:00:00,2016-10-20 18:20:00)",99.22,157.3 & 88.7 & 100.0 & 63.3 & 86.8
B,3,"[2016-10-20 18:20:00,2016-10-20 18:40:00)",80.24,70.1 & 90.4
B,3,"[2016-10-20 18:40:00,2016-10-20 19:00:00)",106.83,91.5 & 180.5 & 48.6
B,3,"[2016-10-21 08:00:00,2016-10-21 08:20:00)",85.64,69.5 & 66.8 & 85.4 & 63.4 & 125.2 & 101.5 & 81.9 & 91.7
B,3,"[2016-10-21 08:20:00,2016-10-21 08:40:00)",99.17,107.4 & 48.4 & 87.4 & 95.1 & 157.5
B,3,"[2016-10-21 08:40:00,2016-10-21 09:00:00)",102.09,133.1 & 90.2 & 80.8 & 104.3 & 120.0 & 30.5 & 155.7
B,3,"[2016-10-21 09:00:00,2016-10-21 09:20:00)",103.95,104.2 & 64.5 & 125.8 & 45.5 & 125.6 & 82.5 & 147.2 & 136.4
B,3,"[2016-10-21 09:20:00,2016-10-21 09:40:00)",82.41,122.3 & 108.9 & 82.4 & 49.1 & 13.2 & 118.7
B,3,"[2016-10-21 09:40:00,2016-10-21 10:00:00)",107.51,38.3 & 98.1 & 140.6 & 111.0 & 147.9 & 133.2 & 83.4
B,3,"[2016-10-21 17:00:00,2016-10-21 17:20:00)",84.76,53.0 & 93.2 & 81.7 & 172.5 & 72.0 & 77.8 & 43.0
B,3,"[2016-10-21 17:20:00,2016-10-21 17:40:00)",108.29,141.2 & 112.4 & 103.2 & 116.7 & 110.0 & 134.5 & 61.6 & 74.4 & 120.8
B,3,"[2016-10-21 17:40:00,2016-10-21 18:00:00)",130.19,162.8 & 138.6 & 89.2
B,3,"[2016-10-21 18:00:00,2016-10-21 18:20:00)",137.44,130.8 & 203.3 & 120.1 & 176.2 & 56.8
B,3,"[2016-10-21 18:20:00,2016-10-21 18:40:00)",120.71,129.4 & 109.6 & 123.1
B,3,"[2016-10-21 18:40:00,2016-10-21 19:00:00)",60.02,62.2 & 57.9
B,3,"[2016-10-22 08:00:00,2016-10-22 08:20:00)",103.23,135.7 & 46.0 & 141.4 & 116.9 & 159.4 & 54.6 & 87.9 & 84.0
B,3,"[2016-10-22 08:20:00,2016-10-22 08:40:00)",111.49,132.8 & 143.7 & 110.3 & 113.3 & 61.0 & 107.7
B,3,"[2016-10-22 08:40:00,2016-10-22 09:00:00)",65.55,87.9 & 43.2
B,3,"[2016-10-22 09:00:00,2016-10-22 09:20:00)",92.04,83.0 & 78.2 & 82.1 & 77.4 & 81.0 & 138.0 & 99.4 & 62.5 & 75.4 & 132.8 & 102.7
B,3,"[2016-10-22 09:20:00,2016-10-22 09:40:00)",116.15,194.5 & 88.0 & 60.6 & 121.5
B,3,"[2016-10-22 09:40:00,2016-10-22 10:00:00)",114.06,123.7 & 147.8 & 70.7
B,3,"[2016-10-22 17:00:00,2016-10-22 17:20:00)",87.86,138.2 & 17.9 & 113.2 & 78.6 & 91.3
B,3,"[2016-10-22 17:20:00,2016-10-22 17:40:00)",103.59,146.1 & 101.3 & 88.1 & 94.7 & 87.7
B,3,"[2016-10-22 17:40:00,2016-10-22 18:00:00)",120.99,147.5 & 201.9 & 73.2 & 116.0 & 77.5 & 109.9
B,3,"[2016-10-22 18:00:00,2016-10-22 18:20:00)",95.22,90.0 & 87.7 & 108.0
B,3,"[2016-10-22 18:20:00,2016-10-22 18:40:00)",72.77,44.5 & 101.1
B,3,"[2016-10-22 18:40:00,2016-10-22 19:00:00)",88.6,124.7 & 93.9 & 65.4 & 65.4 & 93.5
B,3,"[2016-10-23 08:00:00,2016-10-23 08:20:00)",106.67,162.4 & 68.8 & 88.7
B,3,"[2016-10-23 08:20:00,2016-10-23 08:40:00)",85.55,50.8 & 104.4 & 101.5
B,3,"[2016-10-23 08:40:00,2016-10-23 09:00:00)",91.14,118.5 & 125.2 & 116.9 & 46.3 & 109.7 & 57.0 & 64.4
B,3,"[2016-10-23 09:00:00,2016-10-23 09:20:00)",64.23,67.2 & 83.7 & 41.8
B,3,"[2016-10-23 09:20:00,2016-10-23 09:40:00)",120.49,174.3 & 159.2 & 67.3 & 140.9 & 60.7
B,3,"[2016-10-23 09:40:00,2016-10-23 10:00:00)",105.35,76.3 & 157.4 & 107.3 & 80.3
B,3,"[2016-10-23 17:00:00,2016-10-23 17:20:00)",88.62,99.4 & 106.6 & 94.5 & 88.1 & 54.5
B,3,"[2016-10-23 17:20:00,2016-10-23 17:40:00)",104.55,67.5 & 139.0 & 195.4 & 37.6 & 83.2
B,3,"[2016-10-23 17:40:00,2016-10-23 18:00:00)",90.96,77.0 & 64.1 & 82.6 & 83.5 & 147.6
B,3,"[2016-10-23 18:00:00,2016-10-23 18:20:00)",109.01,69.1 & 81.5 & 129.4 & 89.1 & 176.0
B,3,"[2016-10-23 18:20:00,2016-10-23 18:40:00)",81.63,82.2 & 71.3 & 91.3
B,3,"[2016-10-23 18:40:00,2016-10-23 19:00:00)",104.62,84.8 & 76.1 & 166.1 & 108.3 & 87.9
B,3,"[2016-10-24 08:00:00,2016-10-24 08:20:00)",120.81,122.5 & 119.1
B,3,"[2016-10-24 08:20:00,2016-10-24 08:40:00)",98.33,164.0 & 28.5 & 128.6 & 79.4 & 91.1
B,3,"[2016-10-24 08:40:00,2016-10-24 09:00:00)",107.49,130.5 & 81.3 & 105.0 & 111.1 & 146.7 & 157.1 & 110.6 & 96.2 & 127.8 & 27.5 & 82.0 & 65.0 & 156.5
B,3,"[2016-10-24 09:00:00,2016-10-24 09:20:00)",147.68,163.4 & 131.9
B,3,"[2016-10-24 09:20:00,2016-10-24 09:40:00)",124.16,199.3 & 53.1 & 143.5 & 154.8 & 70.1
B,3,"[2016-10-24 09:40:00,2016-10-24 10:00:00)",136.56,131.1 & 48.3 & 142.3 & 117.7 & 114.9 & 131.7 & 270.0
B,3,"[2016-10-24 17:00:00,2016-10-24 17:20:00)",110.46,89.2 & 117.2 & 129.9 & 132.8 & 124.7 & 119.0 & 89.6 & 116.3 & 75.3
B,3,"[2016-10-24 17:20:00,2016-10-24 17:40:00)",57.83,57.8
B,3,"[2016-10-24 17:40:00,2016-10-24 18:00:00)",118.39,78.3 & 176.7 & 74.5 & 172.8 & 72.1 & 156.2 & 60.1 & 141.0 & 133.8
B,3,"[2016-10-24 18:00:00,2016-10-24 18:20:00)",104.99,105.1 & 156.9 & 69.5 & 88.4
B,3,"[2016-10-24 18:20:00,2016-10-24 18:40:00)",129.71,129.7
B,3,"[2016-10-24 18:40:00,2016-10-24 19:00:00)",46.32,81.8 & 63.3 & 25.2 & 14.9
C,1,"[2016-10-18 08:00:00,2016-10-18 08:20:00)",134.51,118.9 & 124.1 & 160.6
C,1,"[2016-10-18 08:20:00,2016-10-18 08:40:00)",183.06,183.1
C,1,"[2016-10-18 09:00:00,2016-10-18 09:20:00)",158.02,178.3 & 132.4 & 163.4
C,1,"[2016-10-18 09:20:00,2016-10-18 09:40:00)",130.53,132.2 & 136.9 & 122.5
C,1,"[2016-10-18 09:40:00,2016-10-18 10:00:00)",151.99,152.0
C,1,"[2016-10-18 17:00:00,2016-10-18 17:20:00)",417.44,417.4
C,1,"[2016-10-18 17:20:00,2016-10-18 17:40:00)",185.55,185.6 & 185.5
C,1,"[2016-10-18 17:40:00,2016-10-18 18:00:00)",238.49,260.3 & 216.7
C,1,"[2016-10-18 18:00:00,2016-10-18 18:20:00)",179.15,179.2
C,1,"[2016-10-18 18:20:00,2016-10-18 18:40:00)",263.94,263.9
C,1,"[2016-10-18 18:40:00,2016-10-18 19:00:00)",390.85,390.9
C,1,"[2016-10-19 08:00:00,2016-10-19 08:20:00)",158.18,158.2
C,1,"[2016-10-19 08:20:00,2016-10-19 08:40:00)",189.34,220.8 & 197.4 & 149.9
C,1,"[2016-10-19 08:40:00,2016-10-19 09:00:00)",140.53,160.5 & 129.3 & 131.8
C,1,"[2016-10-19 09:00:00,2016-10-19 09:20:00)",158.96,177.0 & 125.3 & 174.6
C,1,"[2016-10-19 09:20:00,2016-10-19 09:40:00)",250.19,154.4 & 345.9
C,1,"[2016-10-19 09:40:00,2016-10-19 10:00:00)",220.91,220.9
C,1,"[2016-10-19 17:00:00,2016-10-19 17:20:00)",233.4,225.8 & 241.0
C,1,"[2016-10-19 17:20:00,2016-10-19 17:40:00)",190.28,190.3
C,1,"[2016-10-19 17:40:00,2016-10-19 18:00:00)",198.43,150.6 & 185.9 & 258.7
C,1,"[2016-10-19 18:00:00,2016-10-19 18:20:00)",283.97,284.0
C,1,"[2016-10-19 18:20:00,2016-10-19 18:40:00)",314.9,314.9
C,1,"[2016-10-20 08:00:00,2016-10-20 08:20:00)",200.43,215.3 & 254.9 & 131.0
C,1,"[2016-10-20 08:20:00,2016-10-20 08:40:00)",178.94,178.9
C,1,"[2016-10-20 08:40:00,2016-10-20 09:00:00)",200.76,206.8 & 226.7 & 155.8 & 216.0 & 198.5
C,1,"[2016-10-20 09:00:00,2016-10-20 09:20:00)",138.53,113.1 & 158.7 & 143.8
C,1,"[2016-10-20 09:20:00,2016-10-20 09:40:00)",182.56,172.4 & 192.7
C,1,"[2016-10-20 09:40:00,2016-10-20 10:00:00)",152.07,152.1
C,1,"[2016-10-20 17:00:00,2016-10-20 17:20:00)",226.48,192.2 & 260.8
C,1,"[2016-10-20 17:20:00,2016-10-20 17:40:00)",312.25,312.2
C,1,"[2016-10-20 18:00:00,2016-10-20 18:20:00)",174.53,174.5
C,1,"[2016-10-20 18:20:00,2016-10-20 18:40:00)",149.01,141.7 & 156.4
C,1,"[2016-10-20 18:40:00,2016-10-20 19:00:00)",165.61,165.6
C,1,"[2016-10-21 08:00:00,2016-10-21 08:20:00)",147.11,149.4 & 155.9 & 136.1
C,1,"[2016-10-21 08:20:00,2016-10-21 08:40:00)",193.38,269.8 & 174.9 & 135.4
C,1,"[2016-10-21 09:00:00,2016-10-21 09:20:00)",149.93,117.8 & 182.1
C,1,"[2016-10-21 09:20:00,2016-10-21 09:40:00)",182.18,183.9 & 194.4 & 141.7 & 208.8
C,1,"[2016-10-21 09:40:00,2016-10-21 10:00:00)",173.31,192.0 & 238.2 & 132.3 & 166.3 & 163.5 & 176.7 & 144.1
C,1,"[2016-10-21 17:00:00,2016-10-21 17:20:00)",265.45,272.0 & 258.9
C,1,"[2016-10-21 17:20:00,2016-10-21 17:40:00)",465.17,666.0 & 264.3
C,1,"[2016-10-21 17:40:00,2016-10-21 18:00:00)",482.11,482.1
C,1,"[2016-10-21 18:00:00,2016-10-21 18:20:00)",487.41,487.4
C,1,"[2016-10-21 18:20:00,2016-10-21 18:40:00)",490.26,531.8 & 506.6 & 458.4 & 464.2
C,1,"[2016-10-21 18:40:00,2016-10-21 19:00:00)",317.67,317.7
C,1,"[2016-10-22 08:20:00,2016-10-22 08:40:00)",169.57,180.9 & 171.2 & 164.5 & 152.7 & 201.2 & 146.9
C,1,"[2016-10-22 08:40:00,2016-10-22 09:00:00)",173.51,205.8 & 141.2
C,1,"[2016-10-22 09:00:00,2016-10-22 09:20:00)",187.36,173.5 & 171.8 & 140.0 & 258.1 & 203.0 & 120.4 & 152.4 & 253.9 & 213.1
C,1,"[2016-10-22 09:20:00,2016-10-22 09:40:00)",187.97,106.1 & 288.7 & 206.8 & 173.2 & 165.0
C,1,"[2016-10-22 17:00:00,2016-10-22 17:20:00)",331.19,239.9 & 234.1 & 240.4 & 338.9 & 304.1 & 384.9 & 576.0
C,1,"[2016-10-22 17:20:00,2016-10-22 17:40:00)",240.21,240.2
C,1,"[2016-10-22 17:40:00,2016-10-22 18:00:00)",229.13,260.7 & 197.6
C,1,"[2016-10-22 18:00:00,2016-10-22 18:20:00)",271.24,264.0 & 278.5
C,1,"[2016-10-22 18:20:00,2016-10-22 18:40:00)",245.61,218.7 & 272.5
C,1,"[2016-10-22 18:40:00,2016-10-22 19:00:00)",233.02,233.0
C,1,"[2016-10-23 08:00:00,2016-10-23 08:20:00)",159.65,180.8 & 99.8 & 231.5 & 126.5
C,1,"[2016-10-23 08:20:00,2016-10-23 08:40:00)",186.79,186.8 & 99.4 & 172.3 & 288.7
C,1,"[2016-10-23 08:40:00,2016-10-23 09:00:00)",153.82,139.7 & 148.7 & 173.0
C,1,"[2016-10-23 09:00:00,2016-10-23 09:20:00)",211.64,239.9 & 183.4
C,1,"[2016-10-23 09:20:00,2016-10-23 09:40:00)",153.05,155.7 & 150.4
C,1,"[2016-10-23 09:40:00,2016-10-23 10:00:00)",447.96,448.0
C,1,"[2016-10-23 17:00:00,2016-10-23 17:20:00)",227.86,279.7 & 176.1
C,1,"[2016-10-23 17:20:00,2016-10-23 17:40:00)",229.92,218.6 & 241.3
C,1,"[2016-10-23 17:40:00,2016-10-23 18:00:00)",221.27,282.2 & 230.4 & 151.2
C,1,"[2016-10-23 18:00:00,2016-10-23 18:20:00)",200.4,200.4
C,1,"[2016-10-23 18:20:00,2016-10-23 18:40:00)",224.13,224.1
C,1,"[2016-10-23 18:40:00,2016-10-23 19:00:00)",122.38,122.4
C,1,"[2016-10-24 08:00:00,2016-10-24 08:20:00)",159.83,160.1 & 178.6 & 140.8
C,1,"[2016-10-24 08:20:00,2016-10-24 08:40:00)",156.72,234.5 & 96.8 & 138.9
C,1,"[2016-10-24 08:40:00,2016-10-24 09:00:00)",157.63,191.2 & 124.1
C,1,"[2016-10-24 09:20:00,2016-10-24 09:40:00)",136.74,126.6 & 139.2 & 144.4
C,1,"[2016-10-24 09:40:00,2016-10-24 10:00:00)",205.9,183.7 & 120.9 & 375.2 & 143.9
C,1,"[2016-10-24 17:00:00,2016-10-24 17:20:00)",190.15,190.2
C,1,"[2016-10-24 17:20:00,2016-10-24 17:40:00)",154.65,146.1 & 163.2
C,1,"[2016-10-24 17:40:00,2016-10-24 18:00:00)",160.04,189.8 & 130.2
C,1,"[2016-10-24 18:00:00,2016-10-24 18:20:00)",271.2,271.2
C,1,"[2016-10-24 18:20:00,2016-10-24 18:40:00)",260.35,175.6 & 345.1
C,3,"[2016-10-18 08:20:00,2016-10-18 08:40:00)",233.55,337.5 & 129.6
C,3,"[2016-10-18 08:40:00,2016-10-18 09:00:00)",155.31,132.0 & 124.8 & 209.1
C,3,"[2016-10-18 09:00:00,2016-10-18 09:20:00)",216.72,216.7
C,3,"[2016-10-18 09:20:00,2016-10-18 09:40:00)",178.4,156.8 & 211.5 & 191.3 & 153.9
C,3,"[2016-10-18 09:40:00,2016-10-18 10:00:00)",144.3,94.8 & 193.8
C,3,"[2016-10-18 17:00:00,2016-10-18 17:20:00)",189.83,189.8
C,3,"[2016-10-18 18:00:00,2016-10-18 18:20:00)",84.47,84.5
C,3,"[2016-10-18 18:40:00,2016-10-18 19:00:00)",204.89,204.9
C,3,"[2016-10-19 08:00:00,2016-10-19 08:20:00)",188.63,188.6
C,3,"[2016-10-19 08:20:00,2016-10-19 08:40:00)",175.91,185.3 & 166.5
C,3,"[2016-10-19 08:40:00,2016-10-19 09:00:00)",202.04,200.7 & 203.3
C,3,"[2016-10-19 09:00:00,2016-10-19 09:20:00)",209.15,162.7 & 255.6
C,3,"[2016-10-19 09:20:00,2016-10-19 09:40:00)",143.38,123.1 & 151.0 & 156.0
C,3,"[2016-10-19 09:40:00,2016-10-19 10:00:00)",168.16,161.0 & 134.8 & 208.6
C,3,"[2016-10-19 17:00:00,2016-10-19 17:20:00)",108.94,90.4 & 127.5
C,3,"[2016-10-19 17:20:00,2016-10-19 17:40:00)",185.13,167.9 & 202.4
C,3,"[2016-10-19 18:00:00,2016-10-19 18:20:00)",273.95,273.9
C,3,"[2016-10-19 18:20:00,2016-10-19 18:40:00)",123.48,123.5
C,3,"[2016-10-19 18:40:00,2016-10-19 19:00:00)",170.41,232.7 & 108.2
C,3,"[2016-10-20 08:20:00,2016-10-20 08:40:00)",141.54,158.1 & 125.0
C,3,"[2016-10-20 08:40:00,2016-10-20 09:00:00)",194.8,194.0 & 195.6
C,3,"[2016-10-20 09:00:00,2016-10-20 09:20:00)",148.35,148.3
C,3,"[2016-10-20 09:20:00,2016-10-20 09:40:00)",209.36,209.4
C,3,"[2016-10-20 17:00:00,2016-10-20 17:20:00)",143.44,176.3 & 110.5
C,3,"[2016-10-20 17:20:00,2016-10-20 17:40:00)",138.56,138.6
C,3,"[2016-10-20 17:40:00,2016-10-20 18:00:00)",173.81,170.8 & 176.9
C,3,"[2016-10-20 18:20:00,2016-10-20 18:40:00)",211.71,217.3 & 206.1
C,3,"[2016-10-21 08:20:00,2016-10-21 08:40:00)",124.56,124.6
C,3,"[2016-10-21 08:40:00,2016-10-21 09:00:00)",214.37,214.4
C,3,"[2016-10-21 09:00:00,2016-10-21 09:20:00)",106.63,106.6
C,3,"[2016-10-21 09:20:00,2016-10-21 09:40:00)",155.75,162.5 & 149.0
C,3,"[2016-10-21 09:40:00,2016-10-21 10:00:00)",131.44,141.6 & 121.3
C,3,"[2016-10-21 17:20:00,2016-10-21 17:40:00)",193.78,228.8 & 158.7
C,3,"[2016-10-21 17:40:00,2016-10-21 18:00:00)",254.98,245.2 & 264.8
C,3,"[2016-10-21 18:00:00,2016-10-21 18:20:00)",273.59,261.0 & 286.2
C,3,"[2016-10-21 18:20:00,2016-10-21 18:40:00)",216.57,216.6
C,3,"[2016-10-21 18:40:00,2016-10-21 19:00:00)",242.64,242.6
C,3,"[2016-10-22 08:00:00,2016-10-22 08:20:00)",196.43,196.4
C,3,"[2016-10-22 09:00:00,2016-10-22 09:20:00)",134.16,134.2
C,3,"[2016-10-22 09:20:00,2016-10-22 09:40:00)",174.1,179.8 & 176.1 & 166.4
C,3,"[2016-10-22 09:40:00,2016-10-22 10:00:00)",135.19,114.6 & 155.8
C,3,"[2016-10-22 17:00:00,2016-10-22 17:20:00)",199.61,190.5 & 208.7
C,3,"[2016-10-22 17:20:00,2016-10-22 17:40:00)",167.41,128.7 & 185.8 & 187.7
C,3,"[2016-10-22 17:40:00,2016-10-22 18:00:00)",245.12,245.1
C,3,"[2016-10-22 18:00:00,2016-10-22 18:20:00)",167.08,134.3 & 128.6 & 238.4
C,3,"[2016-10-22 18:20:00,2016-10-22 18:40:00)",224.5,234.1 & 217.2 & 234.4 & 212.4
C,3,"[2016-10-22 18:40:00,2016-10-22 19:00:00)",241.57,241.6
C,3,"[2016-10-23 09:00:00,2016-10-23 09:20:00)",93.53,93.5
C,3,"[2016-10-23 09:20:00,2016-10-23 09:40:00)",211.69,211.7
C,3,"[2016-10-23 17:20:00,2016-10-23 17:40:00)",198.63,186.8 & 185.5 & 223.5
C,3,"[2016-10-23 17:40:00,2016-10-23 18:00:00)",200.92,176.0 & 225.9
C,3,"[2016-10-23 18:00:00,2016-10-23 18:20:00)",218.88,218.9
C,3,"[2016-10-23 18:40:00,2016-10-23 19:00:00)",138.99,139.0
C,3,"[2016-10-24 08:40:00,2016-10-24 09:00:00)",141.63,108.5 & 174.8
C,3,"[2016-10-24 09:20:00,2016-10-24 09:40:00)",142.25,142.2
C,3,"[2016-10-24 09:40:00,2016-10-24 10:00:00)",169.27,108.8 & 229.8
C,3,"[2016-10-24 17:00:00,2016-10-24 17:20:00)",161.79,194.5 & 129.1
C,3,"[2016-10-24 17:20:00,2016-10-24 17:40:00)",165.87,257.1 & 154.8 & 113.3 & 138.3
C,3,"[2016-10-24 17:40:00,2016-10-24 18:00:00)",111.53,111.5
C,3,"[2016-10-24 18:20:00,2016-10-24 18:40:00)",109.12,109.1
