volume,hour,minute,weekday,timemap,pressure,wind_direction,wind_speed,temperature,rel_humidity,precipitation,SSD,is_workday
16,0,0,5,1,1010.6,2.0,4.2,19.4,94.0,1.0,61.35155810000001,2
21,0,20,5,2,1010.6,2.0,4.2,19.4,94.0,1.0,61.35155810000001,2
13,0,40,5,3,1010.6,2.0,4.2,19.4,94.0,1.0,61.35155810000001,2
16,1,0,5,4,1010.6,2.0,4.2,19.4,94.0,1.0,61.35155810000001,2
16,1,20,5,5,1010.6,2.0,4.2,19.4,94.0,1.0,61.35155810000001,2
13,1,40,5,6,1010.6,2.0,4.2,19.4,94.0,1.0,61.35155810000001,2
7,2,0,5,7,1010.6,2.0,4.2,19.4,94.0,1.0,61.35155810000001,2
13,2,20,5,8,1010.6,2.0,4.2,19.4,94.0,1.0,61.35155810000001,2
10,2,40,5,9,1010.6,2.0,4.2,19.4,94.0,1.0,61.35155810000001,2
15,3,0,5,10,1011.0,5.0,5.5,20.3,81.0,0.0,57.525302589473675,2
9,3,20,5,11,1011.0,5.0,5.5,20.3,81.0,0.0,57.525302589473675,2
10,3,40,5,12,1011.0,5.0,5.5,20.3,81.0,0.0,57.525302589473675,2
9,4,0,5,13,1011.0,5.0,5.5,20.3,81.0,0.0,57.525302589473675,2
15,4,20,5,14,1011.0,5.0,5.5,20.3,81.0,0.0,57.525302589473675,2
11,4,40,5,15,1011.0,5.0,5.5,20.3,81.0,0.0,57.525302589473675,2
15,5,0,5,16,1011.0,5.0,5.5,20.3,81.0,0.0,57.525302589473675,2
11,5,20,5,17,1011.0,5.0,5.5,20.3,81.0,0.0,57.525302589473675,2
17,5,40,5,18,1011.0,5.0,5.5,20.3,81.0,0.0,57.525302589473675,2
27,6,0,5,19,1010.1,17.0,3.6,22.1,72.0,0.0,66.00607278951965,2
56,6,20,5,20,1010.1,17.0,3.6,22.1,72.0,0.0,66.00607278951965,2
69,6,40,5,21,1010.1,17.0,3.6,22.1,72.0,0.0,66.00607278951965,2
120,7,0,5,22,1010.1,17.0,3.6,22.1,72.0,0.0,66.00607278951965,2
124,7,20,5,23,1010.1,17.0,3.6,22.1,72.0,0.0,66.00607278951965,2
149,7,40,5,24,1010.1,17.0,3.6,22.1,72.0,0.0,66.00607278951965,2
137,8,0,5,25,1010.1,17.0,3.6,22.1,72.0,0.0,66.00607278951965,2
152,8,20,5,26,1010.1,17.0,3.6,22.1,72.0,0.0,66.00607278951965,2
145,8,40,5,27,1010.1,17.0,3.6,22.1,72.0,0.0,66.00607278951965,2
148,9,0,5,28,1011.1,357.0,3.2,20.5,80.0,0.0,65.15757224489796,2
137,9,20,5,29,1011.1,357.0,3.2,20.5,80.0,0.0,65.15757224489796,2
120,9,40,5,30,1011.1,357.0,3.2,20.5,80.0,0.0,65.15757224489796,2
96,10,0,5,31,1011.1,357.0,3.2,20.5,80.0,0.0,65.15757224489796,2
88,10,20,5,32,1011.1,357.0,3.2,20.5,80.0,0.0,65.15757224489796,2
96,10,40,5,33,1011.1,357.0,3.2,20.5,80.0,0.0,65.15757224489796,2
71,11,0,5,34,1011.1,357.0,3.2,20.5,80.0,0.0,65.15757224489796,2
87,11,20,5,35,1011.1,357.0,3.2,20.5,80.0,0.0,65.15757224489796,2
98,11,40,5,36,1011.1,357.0,3.2,20.5,80.0,0.0,65.15757224489796,2
83,12,0,5,37,1013.9,41.0,4.6,20.2,66.0,0.0,58.5666367483871,2
83,12,20,5,38,1013.9,41.0,4.6,20.2,66.0,0.0,58.5666367483871,2
91,12,40,5,39,1013.9,41.0,4.6,20.2,66.0,0.0,58.5666367483871,2
97,13,0,5,40,1013.9,41.0,4.6,20.2,66.0,0.0,58.5666367483871,2
104,13,20,5,41,1013.9,41.0,4.6,20.2,66.0,0.0,58.5666367483871,2
98,13,40,5,42,1013.9,41.0,4.6,20.2,66.0,0.0,58.5666367483871,2
95,14,0,5,43,1013.9,41.0,4.6,20.2,66.0,0.0,58.5666367483871,2
106,14,20,5,44,1013.9,41.0,4.6,20.2,66.0,0.0,58.5666367483871,2
97,14,40,5,45,1013.9,41.0,4.6,20.2,66.0,0.0,58.5666367483871,2
117,15,0,5,46,1014.9,15.0,5.5,18.6,60.0,0.0,52.08722424242424,2
85,15,20,5,47,1014.9,15.0,5.5,18.6,60.0,0.0,52.08722424242424,2
99,15,40,5,48,1014.9,15.0,5.5,18.6,60.0,0.0,52.08722424242424,2
110,16,0,5,49,1014.9,15.0,5.5,18.6,60.0,0.0,52.08722424242424,2
107,16,20,5,50,1014.9,15.0,5.5,18.6,60.0,0.0,52.08722424242424,2
111,16,40,5,51,1014.9,15.0,5.5,18.6,60.0,0.0,52.08722424242424,2
99,17,0,5,52,1014.9,15.0,5.5,18.6,60.0,0.0,52.08722424242424,2
106,17,20,5,53,1014.9,15.0,5.5,18.6,60.0,0.0,52.08722424242424,2
99,17,40,5,54,1014.9,15.0,5.5,18.6,60.0,0.0,52.08722424242424,2
72,18,0,5,55,1014.9,340.0,2.4,16.4,73.0,0.0,59.217620654545456,2
66,18,20,5,56,1014.9,340.0,2.4,16.4,73.0,0.0,59.217620654545456,2
52,18,40,5,57,1014.9,340.0,2.4,16.4,73.0,0.0,59.217620654545456,2
50,19,0,5,58,1014.9,340.0,2.4,16.4,73.0,0.0,59.217620654545456,2
51,19,20,5,59,1014.9,340.0,2.4,16.4,73.0,0.0,59.217620654545456,2
55,19,40,5,60,1014.9,340.0,2.4,16.4,73.0,0.0,59.217620654545456,2
32,20,0,5,61,1014.9,340.0,2.4,16.4,73.0,0.0,59.217620654545456,2
38,20,20,5,62,1014.9,340.0,2.4,16.4,73.0,0.0,59.217620654545456,2
42,20,40,5,63,1014.9,340.0,2.4,16.4,73.0,0.0,59.217620654545456,2
28,21,0,5,64,1015.2,354.0,3.3,16.5,64.0,0.0,55.65855635087719,2
29,21,20,5,65,1015.2,354.0,3.3,16.5,64.0,0.0,55.65855635087719,2
26,21,40,5,66,1015.2,354.0,3.3,16.5,64.0,0.0,55.65855635087719,2
21,22,0,5,67,1015.2,354.0,3.3,16.5,64.0,0.0,55.65855635087719,2
14,22,20,5,68,1015.2,354.0,3.3,16.5,64.0,0.0,55.65855635087719,2
13,22,40,5,69,1015.2,354.0,3.3,16.5,64.0,0.0,55.65855635087719,2
14,23,0,5,70,1015.2,354.0,3.3,16.5,64.0,0.0,55.65855635087719,2
9,23,20,5,71,1015.2,354.0,3.3,16.5,64.0,0.0,55.65855635087719,2
13,0,0,6,1,1016.4,1.0,4.0,17.5,66.0,0.0,55.46766727272728,2
14,0,20,6,2,1016.4,1.0,4.0,17.5,66.0,0.0,55.46766727272728,2
12,0,40,6,3,1016.4,1.0,4.0,17.5,66.0,0.0,55.46766727272728,2
19,1,0,6,4,1016.4,1.0,4.0,17.5,66.0,0.0,55.46766727272728,2
15,1,20,6,5,1016.4,1.0,4.0,17.5,66.0,0.0,55.46766727272728,2
13,1,40,6,6,1016.4,1.0,4.0,17.5,66.0,0.0,55.46766727272728,2
9,2,0,6,7,1016.4,1.0,4.0,17.5,66.0,0.0,55.46766727272728,2
11,2,20,6,8,1016.4,1.0,4.0,17.5,66.0,0.0,55.46766727272728,2
15,2,40,6,9,1016.4,1.0,4.0,17.5,66.0,0.0,55.46766727272728,2
12,3,0,6,10,1016.1,66.0,2.5,21.4,56.0,0.0,66.37936585762712,2
16,3,20,6,11,1016.1,66.0,2.5,21.4,56.0,0.0,66.37936585762712,2
9,3,40,6,12,1016.1,66.0,2.5,21.4,56.0,0.0,66.37936585762712,2
8,4,0,6,13,1016.1,66.0,2.5,21.4,56.0,0.0,66.37936585762712,2
22,4,20,6,14,1016.1,66.0,2.5,21.4,56.0,0.0,66.37936585762712,2
15,4,40,6,15,1016.1,66.0,2.5,21.4,56.0,0.0,66.37936585762712,2
18,5,0,6,16,1016.1,66.0,2.5,21.4,56.0,0.0,66.37936585762712,2
10,5,20,6,17,1016.1,66.0,2.5,21.4,56.0,0.0,66.37936585762712,2
21,5,40,6,18,1016.1,66.0,2.5,21.4,56.0,0.0,66.37936585762712,2
21,6,0,6,19,1014.0,54.0,3.5,21.7,49.0,0.0,62.92066671416309,2
46,6,20,6,20,1014.0,54.0,3.5,21.7,49.0,0.0,62.92066671416309,2
75,6,40,6,21,1014.0,54.0,3.5,21.7,49.0,0.0,62.92066671416309,2
107,7,0,6,22,1014.0,54.0,3.5,21.7,49.0,0.0,62.92066671416309,2
109,7,20,6,23,1014.0,54.0,3.5,21.7,49.0,0.0,62.92066671416309,2
110,7,40,6,24,1014.0,54.0,3.5,21.7,49.0,0.0,62.92066671416309,2
136,8,0,6,25,1014.0,54.0,3.5,21.7,49.0,0.0,62.92066671416309,2
156,8,20,6,26,1014.0,54.0,3.5,21.7,49.0,0.0,62.92066671416309,2
145,8,40,6,27,1014.0,54.0,3.5,21.7,49.0,0.0,62.92066671416309,2
128,9,0,6,28,1014.3,28.0,5.6,20.4,55.0,0.0,54.52298328455285,2
122,9,20,6,29,1014.3,28.0,5.6,20.4,55.0,0.0,54.52298328455285,2
97,9,40,6,30,1014.3,28.0,5.6,20.4,55.0,0.0,54.52298328455285,2
100,10,0,6,31,1014.3,28.0,5.6,20.4,55.0,0.0,54.52298328455285,2
89,10,20,6,32,1014.3,28.0,5.6,20.4,55.0,0.0,54.52298328455285,2
106,10,40,6,33,1014.3,28.0,5.6,20.4,55.0,0.0,54.52298328455285,2
116,11,0,6,34,1014.3,28.0,5.6,20.4,55.0,0.0,54.52298328455285,2
100,11,20,6,35,1014.3,28.0,5.6,20.4,55.0,0.0,54.52298328455285,2
74,11,40,6,36,1014.3,28.0,5.6,20.4,55.0,0.0,54.52298328455285,2
83,12,0,6,37,1016.1,52.0,6.0,18.8,58.0,0.0,50.64514960610686,2
86,12,20,6,38,1016.1,52.0,6.0,18.8,58.0,0.0,50.64514960610686,2
106,12,40,6,39,1016.1,52.0,6.0,18.8,58.0,0.0,50.64514960610686,2
104,13,0,6,40,1016.1,52.0,6.0,18.8,58.0,0.0,50.64514960610686,2
84,13,20,6,41,1016.1,52.0,6.0,18.8,58.0,0.0,50.64514960610686,2
109,13,40,6,42,1016.1,52.0,6.0,18.8,58.0,0.0,50.64514960610686,2
106,14,0,6,43,1016.1,52.0,6.0,18.8,58.0,0.0,50.64514960610686,2
92,14,20,6,44,1016.1,52.0,6.0,18.8,58.0,0.0,50.64514960610686,2
111,14,40,6,45,1016.1,52.0,6.0,18.8,58.0,0.0,50.64514960610686,2
104,15,0,6,46,1016.3,57.0,4.4,17.1,60.0,0.0,52.853749820788536,2
119,15,20,6,47,1016.3,57.0,4.4,17.1,60.0,0.0,52.853749820788536,2
113,15,40,6,48,1016.3,57.0,4.4,17.1,60.0,0.0,52.853749820788536,2
110,16,0,6,49,1016.3,57.0,4.4,17.1,60.0,0.0,52.853749820788536,2
118,16,20,6,50,1016.3,57.0,4.4,17.1,60.0,0.0,52.853749820788536,2
132,16,40,6,51,1016.3,57.0,4.4,17.1,60.0,0.0,52.853749820788536,2
113,17,0,6,52,1016.3,57.0,4.4,17.1,60.0,0.0,52.853749820788536,2
99,17,20,6,53,1016.3,57.0,4.4,17.1,60.0,0.0,52.853749820788536,2
98,17,40,6,54,1016.3,57.0,4.4,17.1,60.0,0.0,52.853749820788536,2
88,18,0,6,55,1015.4,4.0,1.3,15.4,67.0,0.0,60.30286998918918,2
62,18,20,6,56,1015.4,4.0,1.3,15.4,67.0,0.0,60.30286998918918,2
64,18,40,6,57,1015.4,4.0,1.3,15.4,67.0,0.0,60.30286998918918,2
46,19,0,6,58,1015.4,4.0,1.3,15.4,67.0,0.0,60.30286998918918,2
44,19,20,6,59,1015.4,4.0,1.3,15.4,67.0,0.0,60.30286998918918,2
54,19,40,6,60,1015.4,4.0,1.3,15.4,67.0,0.0,60.30286998918918,2
25,20,0,6,61,1015.4,4.0,1.3,15.4,67.0,0.0,60.30286998918918,2
56,20,20,6,62,1015.4,4.0,1.3,15.4,67.0,0.0,60.30286998918918,2
39,20,40,6,63,1015.4,4.0,1.3,15.4,67.0,0.0,60.30286998918918,2
35,21,0,6,64,1014.5,333.0,2.5,14.1,80.0,0.0,55.18706397411003,2
29,21,20,6,65,1014.5,333.0,2.5,14.1,80.0,0.0,55.18706397411003,2
34,21,40,6,66,1014.5,333.0,2.5,14.1,80.0,0.0,55.18706397411003,2
20,22,0,6,67,1014.5,333.0,2.5,14.1,80.0,0.0,55.18706397411003,2
16,22,20,6,68,1014.5,333.0,2.5,14.1,80.0,0.0,55.18706397411003,2
20,22,40,6,69,1014.5,333.0,2.5,14.1,80.0,0.0,55.18706397411003,2
5,23,0,6,70,1014.5,333.0,2.5,14.1,80.0,0.0,55.18706397411003,2
5,23,20,6,71,1014.5,333.0,2.5,14.1,80.0,0.0,55.18706397411003,2
11,23,40,6,72,1014.5,333.0,2.5,14.1,80.0,0.0,55.18706397411003,2
22,0,0,0,1,1015.95,176.0,3.1,18.1,70.0,0.0,59.87078737546469,1
21,0,20,0,2,1015.95,176.0,3.1,18.1,70.0,0.0,59.87078737546469,1
11,0,40,0,3,1015.95,176.0,3.1,18.1,70.0,0.0,59.87078737546469,1
19,1,0,0,4,1015.95,176.0,3.1,18.1,70.0,0.0,59.87078737546469,1
23,1,20,0,5,1015.95,176.0,3.1,18.1,70.0,0.0,59.87078737546469,1
16,1,40,0,6,1015.95,176.0,3.1,18.1,70.0,0.0,59.87078737546469,1
11,2,0,0,7,1015.95,176.0,3.1,18.1,70.0,0.0,59.87078737546469,1
11,2,20,0,8,1015.95,176.0,3.1,18.1,70.0,0.0,59.87078737546469,1
12,2,40,0,9,1015.95,176.0,3.1,18.1,70.0,0.0,59.87078737546469,1
17,3,0,0,10,1015.4,55.5,3.0,21.3,61.0,0.0,65.16573000675106,1
12,3,20,0,11,1015.4,55.5,3.0,21.3,61.0,0.0,65.16573000675106,1
12,3,40,0,12,1015.4,55.5,3.0,21.3,61.0,0.0,65.16573000675106,1
12,4,0,0,13,1015.4,55.5,3.0,21.3,61.0,0.0,65.16573000675106,1
14,4,20,0,14,1015.4,55.5,3.0,21.3,61.0,0.0,65.16573000675106,1
11,4,40,0,15,1015.4,55.5,3.0,21.3,61.0,0.0,65.16573000675106,1
13,5,0,0,16,1015.4,55.5,3.0,21.3,61.0,0.0,65.16573000675106,1
13,5,20,0,17,1015.4,55.5,3.0,21.3,61.0,0.0,65.16573000675106,1
34,5,40,0,18,1015.4,55.5,3.0,21.3,61.0,0.0,65.16573000675106,1
25,6,0,0,19,1013.4,59.0,3.25,22.75,49.5,0.0,65.67344016292135,1
60,6,20,0,20,1013.4,59.0,3.25,22.75,49.5,0.0,65.67344016292135,1
68,6,40,0,21,1013.4,59.0,3.25,22.75,49.5,0.0,65.67344016292135,1
123,7,0,0,22,1013.4,59.0,3.25,22.75,49.5,0.0,65.67344016292135,1
136,7,20,0,23,1013.4,59.0,3.25,22.75,49.5,0.0,65.67344016292135,1
151,7,40,0,24,1013.4,59.0,3.25,22.75,49.5,0.0,65.67344016292135,1
153,8,0,0,25,1013.4,59.0,3.25,22.75,49.5,0.0,65.67344016292135,1
150,8,20,0,26,1013.4,59.0,3.25,22.75,49.5,0.0,65.67344016292135,1
135,8,40,0,27,1013.4,59.0,3.25,22.75,49.5,0.0,65.67344016292135,1
141,9,0,0,28,1013.75,57.5,4.0,21.7,55.5,0.0,62.0698645141631,1
153,9,20,0,29,1013.75,57.5,4.0,21.7,55.5,0.0,62.0698645141631,1
114,9,40,0,30,1013.75,57.5,4.0,21.7,55.5,0.0,62.0698645141631,1
94,10,0,0,31,1013.75,57.5,4.0,21.7,55.5,0.0,62.0698645141631,1
111,10,20,0,32,1013.75,57.5,4.0,21.7,55.5,0.0,62.0698645141631,1
112,10,40,0,33,1013.75,57.5,4.0,21.7,55.5,0.0,62.0698645141631,1
99,11,0,0,34,1013.75,57.5,4.0,21.7,55.5,0.0,62.0698645141631,1
68,11,20,0,35,1013.75,57.5,4.0,21.7,55.5,0.0,62.0698645141631,1
83,11,40,0,36,1013.75,57.5,4.0,21.7,55.5,0.0,62.0698645141631,1
106,12,0,0,37,1015.6,78.5,4.75,20.200000000000006,64.0,0.0,57.86702234838711,1
102,12,20,0,38,1015.6,78.5,4.75,20.200000000000006,64.0,0.0,57.86702234838711,1
105,12,40,0,39,1015.6,78.5,4.75,20.200000000000006,64.0,0.0,57.86702234838711,1
108,13,0,0,40,1015.6,78.5,4.75,20.200000000000006,64.0,0.0,57.86702234838711,1
100,13,20,0,41,1015.6,78.5,4.75,20.200000000000006,64.0,0.0,57.86702234838711,1
96,13,40,0,42,1015.6,78.5,4.75,20.200000000000006,64.0,0.0,57.86702234838711,1
97,14,0,0,43,1015.6,78.5,4.75,20.200000000000006,64.0,0.0,57.86702234838711,1
96,14,20,0,44,1015.6,78.5,4.75,20.200000000000006,64.0,0.0,57.86702234838711,1
74,14,40,0,45,1015.6,78.5,4.75,20.200000000000006,64.0,0.0,57.86702234838711,1
116,15,0,0,46,1016.1,51.0,3.6,18.700000000000006,63.0,0.0,58.66395617794679,1
99,15,20,0,47,1016.1,51.0,3.6,18.700000000000006,63.0,0.0,58.66395617794679,1
119,15,40,0,48,1016.1,51.0,3.6,18.700000000000006,63.0,0.0,58.66395617794679,1
110,16,0,0,49,1016.1,51.0,3.6,18.700000000000006,63.0,0.0,58.66395617794679,1
111,16,20,0,50,1016.1,51.0,3.6,18.700000000000006,63.0,0.0,58.66395617794679,1
102,16,40,0,51,1016.1,51.0,3.6,18.700000000000006,63.0,0.0,58.66395617794679,1
110,17,0,0,52,1016.1,51.0,3.6,18.700000000000006,63.0,0.0,58.66395617794679,1
121,17,20,0,53,1016.1,51.0,3.6,18.700000000000006,63.0,0.0,58.66395617794679,1
88,17,40,0,54,1016.1,51.0,3.6,18.700000000000006,63.0,0.0,58.66395617794679,1
71,18,0,0,55,1015.55,175.5,1.7999999999999998,17.1,70.0,0.0,62.15910582078853,1
79,18,20,0,56,1015.55,175.5,1.7999999999999998,17.1,70.0,0.0,62.15910582078853,1
64,18,40,0,57,1015.55,175.5,1.7999999999999998,17.1,70.0,0.0,62.15910582078853,1
32,19,0,0,58,1015.55,175.5,1.7999999999999998,17.1,70.0,0.0,62.15910582078853,1
69,19,20,0,59,1015.55,175.5,1.7999999999999998,17.1,70.0,0.0,62.15910582078853,1
58,19,40,0,60,1015.55,175.5,1.7999999999999998,17.1,70.0,0.0,62.15910582078853,1
53,20,0,0,61,1015.55,175.5,1.7999999999999998,17.1,70.0,0.0,62.15910582078853,1
59,20,20,0,62,1015.55,175.5,1.7999999999999998,17.1,70.0,0.0,62.15910582078853,1
40,20,40,0,63,1015.55,175.5,1.7999999999999998,17.1,70.0,0.0,62.15910582078853,1
36,21,0,0,64,1015.6,168.5,2.2,16.65,77.0,0.0,60.71554359188713,1
16,21,20,0,65,1015.6,168.5,2.2,16.65,77.0,0.0,60.71554359188713,1
32,21,40,0,66,1015.6,168.5,2.2,16.65,77.0,0.0,60.71554359188713,1
19,22,0,0,67,1015.6,168.5,2.2,16.65,77.0,0.0,60.71554359188713,1
19,22,20,0,68,1015.6,168.5,2.2,16.65,77.0,0.0,60.71554359188713,1
24,22,40,0,69,1015.6,168.5,2.2,16.65,77.0,0.0,60.71554359188713,1
22,23,0,0,70,1015.6,168.5,2.2,16.65,77.0,0.0,60.71554359188713,1
24,23,20,0,71,1015.6,168.5,2.2,16.65,77.0,0.0,60.71554359188713,1
9,23,40,0,72,1015.6,168.5,2.2,16.65,77.0,0.0,60.71554359188713,1
18,0,0,1,1,1015.5,351.0,2.2,18.7,74.0,0.0,64.29184137794678,1
19,0,20,1,2,1015.5,351.0,2.2,18.7,74.0,0.0,64.29184137794678,1
16,0,40,1,3,1015.5,351.0,2.2,18.7,74.0,0.0,64.29184137794678,1
23,1,0,1,4,1015.5,351.0,2.2,18.7,74.0,0.0,64.29184137794678,1
18,1,20,1,5,1015.5,351.0,2.2,18.7,74.0,0.0,64.29184137794678,1
10,1,40,1,6,1015.5,351.0,2.2,18.7,74.0,0.0,64.29184137794678,1
15,2,0,1,7,1015.5,351.0,2.2,18.7,74.0,0.0,64.29184137794678,1
15,2,20,1,8,1015.5,351.0,2.2,18.7,74.0,0.0,64.29184137794678,1
13,2,40,1,9,1015.5,351.0,2.2,18.7,74.0,0.0,64.29184137794678,1
11,3,0,1,10,1014.7,45.0,3.5,21.2,66.0,0.0,63.94847768739496,1
9,3,20,1,11,1014.7,45.0,3.5,21.2,66.0,0.0,63.94847768739496,1
4,3,40,1,12,1014.7,45.0,3.5,21.2,66.0,0.0,63.94847768739496,1
14,4,0,1,13,1014.7,45.0,3.5,21.2,66.0,0.0,63.94847768739496,1
15,4,20,1,14,1014.7,45.0,3.5,21.2,66.0,0.0,63.94847768739496,1
14,4,40,1,15,1014.7,45.0,3.5,21.2,66.0,0.0,63.94847768739496,1
15,5,0,1,16,1014.7,45.0,3.5,21.2,66.0,0.0,63.94847768739496,1
24,5,20,1,17,1014.7,45.0,3.5,21.2,66.0,0.0,63.94847768739496,1
23,5,40,1,18,1014.7,45.0,3.5,21.2,66.0,0.0,63.94847768739496,1
28,6,0,1,19,1012.8,64.0,3.0,23.8,50.0,0.0,68.43263954716981,1
44,6,20,1,20,1012.8,64.0,3.0,23.8,50.0,0.0,68.43263954716981,1
92,6,40,1,21,1012.8,64.0,3.0,23.8,50.0,0.0,68.43263954716981,1
101,7,0,1,22,1012.8,64.0,3.0,23.8,50.0,0.0,68.43263954716981,1
126,7,20,1,23,1012.8,64.0,3.0,23.8,50.0,0.0,68.43263954716981,1
147,7,40,1,24,1012.8,64.0,3.0,23.8,50.0,0.0,68.43263954716981,1
168,8,0,1,25,1012.8,64.0,3.0,23.8,50.0,0.0,68.43263954716981,1
136,8,20,1,26,1012.8,64.0,3.0,23.8,50.0,0.0,68.43263954716981,1
172,8,40,1,27,1012.8,64.0,3.0,23.8,50.0,0.0,68.43263954716981,1
141,9,0,1,28,1013.2,87.0,2.4,23.0,56.0,0.0,69.62495709090909,1
122,9,20,1,29,1013.2,87.0,2.4,23.0,56.0,0.0,69.62495709090909,1
122,9,40,1,30,1013.2,87.0,2.4,23.0,56.0,0.0,69.62495709090909,1
107,10,0,1,31,1013.2,87.0,2.4,23.0,56.0,0.0,69.62495709090909,1
99,10,20,1,32,1013.2,87.0,2.4,23.0,56.0,0.0,69.62495709090909,1
111,10,40,1,33,1013.2,87.0,2.4,23.0,56.0,0.0,69.62495709090909,1
90,11,0,1,34,1013.2,87.0,2.4,23.0,56.0,0.0,69.62495709090909,1
91,11,20,1,35,1013.2,87.0,2.4,23.0,56.0,0.0,69.62495709090909,1
93,11,40,1,36,1013.2,87.0,2.4,23.0,56.0,0.0,69.62495709090909,1
76,12,0,1,37,1015.1,105.0,3.5,21.6,70.0,0.0,65.15333155555557,1
110,12,20,1,38,1015.1,105.0,3.5,21.6,70.0,0.0,65.15333155555557,1
92,12,40,1,39,1015.1,105.0,3.5,21.6,70.0,0.0,65.15333155555557,1
86,13,0,1,40,1015.1,105.0,3.5,21.6,70.0,0.0,65.15333155555557,1
84,13,20,1,41,1015.1,105.0,3.5,21.6,70.0,0.0,65.15333155555557,1
80,13,40,1,42,1015.1,105.0,3.5,21.6,70.0,0.0,65.15333155555557,1
86,14,0,1,43,1015.1,105.0,3.5,21.6,70.0,0.0,65.15333155555557,1
98,14,20,1,44,1015.1,105.0,3.5,21.6,70.0,0.0,65.15333155555557,1
98,14,40,1,45,1015.1,105.0,3.5,21.6,70.0,0.0,65.15333155555557,1
106,15,0,1,46,1015.9,45.0,2.8,20.3,66.0,0.0,64.51274058947368,1
105,15,20,1,47,1015.9,45.0,2.8,20.3,66.0,0.0,64.51274058947368,1
101,15,40,1,48,1015.9,45.0,2.8,20.3,66.0,0.0,64.51274058947368,1
111,16,0,1,49,1015.9,45.0,2.8,20.3,66.0,0.0,64.51274058947368,1
120,16,20,1,50,1015.9,45.0,2.8,20.3,66.0,0.0,64.51274058947368,1
121,16,40,1,51,1015.9,45.0,2.8,20.3,66.0,0.0,64.51274058947368,1
114,17,0,1,52,1015.9,45.0,2.8,20.3,66.0,0.0,64.51274058947368,1
118,17,20,1,53,1015.9,45.0,2.8,20.3,66.0,0.0,64.51274058947368,1
111,17,40,1,54,1015.9,45.0,2.8,20.3,66.0,0.0,64.51274058947368,1
105,18,0,1,55,1015.7,347.0,2.3,18.8,73.0,0.0,64.05590160610686,1
72,18,20,1,56,1015.7,347.0,2.3,18.8,73.0,0.0,64.05590160610686,1
60,18,40,1,57,1015.7,347.0,2.3,18.8,73.0,0.0,64.05590160610686,1
46,19,0,1,58,1015.7,347.0,2.3,18.8,73.0,0.0,64.05590160610686,1
69,19,20,1,59,1015.7,347.0,2.3,18.8,73.0,0.0,64.05590160610686,1
62,19,40,1,60,1015.7,347.0,2.3,18.8,73.0,0.0,64.05590160610686,1
38,20,0,1,61,1015.7,347.0,2.3,18.8,73.0,0.0,64.05590160610686,1
49,20,20,1,62,1015.7,347.0,2.3,18.8,73.0,0.0,64.05590160610686,1
38,20,40,1,63,1015.7,347.0,2.3,18.8,73.0,0.0,64.05590160610686,1
34,21,0,1,64,1016.7,4.0,1.9,19.2,74.0,0.0,66.19587276899225,1
36,21,20,1,65,1016.7,4.0,1.9,19.2,74.0,0.0,66.19587276899225,1
36,21,40,1,66,1016.7,4.0,1.9,19.2,74.0,0.0,66.19587276899225,1
25,22,0,1,67,1016.7,4.0,1.9,19.2,74.0,0.0,66.19587276899225,1
20,22,20,1,68,1016.7,4.0,1.9,19.2,74.0,0.0,66.19587276899225,1
16,22,40,1,69,1016.7,4.0,1.9,19.2,74.0,0.0,66.19587276899225,1
13,23,0,1,70,1016.7,4.0,1.9,19.2,74.0,0.0,66.19587276899225,1
10,23,20,1,71,1016.7,4.0,1.9,19.2,74.0,0.0,66.19587276899225,1
15,23,40,1,72,1016.7,4.0,1.9,19.2,74.0,0.0,66.19587276899225,1
18,0,0,2,1,1018.4,56.0,4.5,19.9,60.0,0.0,57.676128286852595,1
12,0,20,2,2,1018.4,56.0,4.5,19.9,60.0,0.0,57.676128286852595,1
21,0,40,2,3,1018.4,56.0,4.5,19.9,60.0,0.0,57.676128286852595,1
18,1,0,2,4,1018.4,56.0,4.5,19.9,60.0,0.0,57.676128286852595,1
20,1,20,2,5,1018.4,56.0,4.5,19.9,60.0,0.0,57.676128286852595,1
15,1,40,2,6,1018.4,56.0,4.5,19.9,60.0,0.0,57.676128286852595,1
14,2,0,2,7,1018.4,56.0,4.5,19.9,60.0,0.0,57.676128286852595,1
15,2,20,2,8,1018.4,56.0,4.5,19.9,60.0,0.0,57.676128286852595,1
12,2,40,2,9,1018.4,56.0,4.5,19.9,60.0,0.0,57.676128286852595,1
8,3,0,2,10,1018.3,46.0,2.9,20.9,68.0,0.0,65.53443828713692,1
18,3,20,2,11,1018.3,46.0,2.9,20.9,68.0,0.0,65.53443828713692,1
10,3,40,2,12,1018.3,46.0,2.9,20.9,68.0,0.0,65.53443828713692,1
11,4,0,2,13,1018.3,46.0,2.9,20.9,68.0,0.0,65.53443828713692,1
11,4,20,2,14,1018.3,46.0,2.9,20.9,68.0,0.0,65.53443828713692,1
14,4,40,2,15,1018.3,46.0,2.9,20.9,68.0,0.0,65.53443828713692,1
21,5,0,2,16,1018.3,46.0,2.9,20.9,68.0,0.0,65.53443828713692,1
10,5,20,2,17,1018.3,46.0,2.9,20.9,68.0,0.0,65.53443828713692,1
27,5,40,2,18,1018.3,46.0,2.9,20.9,68.0,0.0,65.53443828713692,1
33,6,0,2,19,1016.4,100.0,3.1,22.1,59.0,0.0,66.08876998951965,1
50,6,20,2,20,1016.4,100.0,3.1,22.1,59.0,0.0,66.08876998951965,1
81,6,40,2,21,1016.4,100.0,3.1,22.1,59.0,0.0,66.08876998951965,1
101,7,0,2,22,1016.4,100.0,3.1,22.1,59.0,0.0,66.08876998951965,1
115,7,20,2,23,1016.4,100.0,3.1,22.1,59.0,0.0,66.08876998951965,1
153,7,40,2,24,1016.4,100.0,3.1,22.1,59.0,0.0,66.08876998951965,1
151,8,0,2,25,1016.4,100.0,3.1,22.1,59.0,0.0,66.08876998951965,1
146,8,20,2,26,1016.4,100.0,3.1,22.1,59.0,0.0,66.08876998951965,1
160,8,40,2,27,1016.4,100.0,3.1,22.1,59.0,0.0,66.08876998951965,1
146,9,0,2,28,1016.5,39.0,3.7,21.2,57.0,0.0,62.287488887394964,1
107,9,20,2,29,1016.5,39.0,3.7,21.2,57.0,0.0,62.287488887394964,1
112,9,40,2,30,1016.5,39.0,3.7,21.2,57.0,0.0,62.287488887394964,1
97,10,0,2,31,1016.5,39.0,3.7,21.2,57.0,0.0,62.287488887394964,1
114,10,20,2,32,1016.5,39.0,3.7,21.2,57.0,0.0,62.287488887394964,1
98,10,40,2,33,1016.5,39.0,3.7,21.2,57.0,0.0,62.287488887394964,1
84,11,0,2,34,1016.5,39.0,3.7,21.2,57.0,0.0,62.287488887394964,1
90,11,20,2,35,1016.5,39.0,3.7,21.2,57.0,0.0,62.287488887394964,1
102,11,40,2,36,1016.5,39.0,3.7,21.2,57.0,0.0,62.287488887394964,1
83,12,0,2,37,1017.4,360.0,1.4,20.4,63.0,0.0,68.84725848455285,1
83,12,20,2,38,1017.4,360.0,1.4,20.4,63.0,0.0,68.84725848455285,1
101,12,40,2,39,1017.4,360.0,1.4,20.4,63.0,0.0,68.84725848455285,1
109,13,0,2,40,1017.4,360.0,1.4,20.4,63.0,0.0,68.84725848455285,1
103,13,20,2,41,1017.4,360.0,1.4,20.4,63.0,0.0,68.84725848455285,1
104,13,40,2,42,1017.4,360.0,1.4,20.4,63.0,0.0,68.84725848455285,1
92,14,0,2,43,1017.4,360.0,1.4,20.4,63.0,0.0,68.84725848455285,1
132,14,20,2,44,1017.4,360.0,1.4,20.4,63.0,0.0,68.84725848455285,1
101,14,40,2,45,1017.4,360.0,1.4,20.4,63.0,0.0,68.84725848455285,1
107,15,0,2,46,1017.0,326.0,1.6,19.3,78.0,0.0,67.77086297587549,1
110,15,20,2,47,1017.0,326.0,1.6,19.3,78.0,0.0,67.77086297587549,1
110,15,40,2,48,1017.0,326.0,1.6,19.3,78.0,0.0,67.77086297587549,1
111,16,0,2,49,1017.0,326.0,1.6,19.3,78.0,0.0,67.77086297587549,1
104,16,20,2,50,1017.0,326.0,1.6,19.3,78.0,0.0,67.77086297587549,1
114,16,40,2,51,1017.0,326.0,1.6,19.3,78.0,0.0,67.77086297587549,1
111,17,0,2,52,1017.0,326.0,1.6,19.3,78.0,0.0,67.77086297587549,1
139,17,20,2,53,1017.0,326.0,1.6,19.3,78.0,0.0,67.77086297587549,1
99,17,40,2,54,1017.0,326.0,1.6,19.3,78.0,0.0,67.77086297587549,1
89,18,0,2,55,1016.1,327.0,1.9,18.9,83.0,0.0,66.57513349118774,1
91,18,20,2,56,1016.1,327.0,1.9,18.9,83.0,0.0,66.57513349118774,1
50,18,40,2,57,1016.1,327.0,1.9,18.9,83.0,0.0,66.57513349118774,1
49,19,0,2,58,1016.1,327.0,1.9,18.9,83.0,0.0,66.57513349118774,1
40,19,20,2,59,1016.1,327.0,1.9,18.9,83.0,0.0,66.57513349118774,1
60,19,40,2,60,1016.1,327.0,1.9,18.9,83.0,0.0,66.57513349118774,1
34,20,0,2,61,1016.1,327.0,1.9,18.9,83.0,0.0,66.57513349118774,1
30,20,20,2,62,1016.1,327.0,1.9,18.9,83.0,0.0,66.57513349118774,1
38,20,40,2,63,1016.1,327.0,1.9,18.9,83.0,0.0,66.57513349118774,1
41,21,0,2,64,1015.8,14.0,2.3,19.3,79.0,0.0,65.63739777587547,1
33,21,20,2,65,1015.8,14.0,2.3,19.3,79.0,0.0,65.63739777587547,1
24,21,40,2,66,1015.8,14.0,2.3,19.3,79.0,0.0,65.63739777587547,1
26,22,0,2,67,1015.8,14.0,2.3,19.3,79.0,0.0,65.63739777587547,1
22,22,20,2,68,1015.8,14.0,2.3,19.3,79.0,0.0,65.63739777587547,1
10,22,40,2,69,1015.8,14.0,2.3,19.3,79.0,0.0,65.63739777587547,1
11,23,0,2,70,1015.8,14.0,2.3,19.3,79.0,0.0,65.63739777587547,1
9,23,20,2,71,1015.8,14.0,2.3,19.3,79.0,0.0,65.63739777587547,1
13,23,40,2,72,1015.8,14.0,2.3,19.3,79.0,0.0,65.63739777587547,1
13,0,0,3,1,1017.0,74.0,2.0,19.8,78.0,0.0,67.44262341587303,1
14,0,20,3,2,1017.0,74.0,2.0,19.8,78.0,0.0,67.44262341587303,1
13,0,40,3,3,1017.0,74.0,2.0,19.8,78.0,0.0,67.44262341587303,1
17,1,0,3,4,1017.0,74.0,2.0,19.8,78.0,0.0,67.44262341587303,1
22,1,20,3,5,1017.0,74.0,2.0,19.8,78.0,0.0,67.44262341587303,1
13,1,40,3,6,1017.0,74.0,2.0,19.8,78.0,0.0,67.44262341587303,1
17,2,0,3,7,1017.0,74.0,2.0,19.8,78.0,0.0,67.44262341587303,1
11,2,20,3,8,1017.0,74.0,2.0,19.8,78.0,0.0,67.44262341587303,1
13,2,40,3,9,1017.0,74.0,2.0,19.8,78.0,0.0,67.44262341587303,1
11,3,0,3,10,1017.6,39.0,3.7,21.4,64.0,0.0,63.45272905762712,1
10,3,20,3,11,1017.6,39.0,3.7,21.4,64.0,0.0,63.45272905762712,1
13,3,40,3,12,1017.6,39.0,3.7,21.4,64.0,0.0,63.45272905762712,1
16,4,0,3,13,1017.6,39.0,3.7,21.4,64.0,0.0,63.45272905762712,1
10,4,20,3,14,1017.6,39.0,3.7,21.4,64.0,0.0,63.45272905762712,1
10,4,40,3,15,1017.6,39.0,3.7,21.4,64.0,0.0,63.45272905762712,1
12,5,0,3,16,1017.6,39.0,3.7,21.4,64.0,0.0,63.45272905762712,1
16,5,20,3,17,1017.6,39.0,3.7,21.4,64.0,0.0,63.45272905762712,1
20,5,40,3,18,1017.6,39.0,3.7,21.4,64.0,0.0,63.45272905762712,1
31,6,0,3,19,1015.2,48.0,2.3,21.6,63.0,0.0,68.18904835555556,1
38,6,20,3,20,1015.2,48.0,2.3,21.6,63.0,0.0,68.18904835555556,1
72,6,40,3,21,1015.2,48.0,2.3,21.6,63.0,0.0,68.18904835555556,1
110,7,0,3,22,1015.2,48.0,2.3,21.6,63.0,0.0,68.18904835555556,1
134,7,20,3,23,1015.2,48.0,2.3,21.6,63.0,0.0,68.18904835555556,1
145,7,40,3,24,1015.2,48.0,2.3,21.6,63.0,0.0,68.18904835555556,1
162,8,0,3,25,1015.2,48.0,2.3,21.6,63.0,0.0,68.18904835555556,1
157,8,20,3,26,1015.2,48.0,2.3,21.6,63.0,0.0,68.18904835555556,1
148,8,40,3,27,1015.2,48.0,2.3,21.6,63.0,0.0,68.18904835555556,1
148,9,0,3,28,1015.3,46.0,2.3,21.3,61.0,0.0,67.40573000675106,1
140,9,20,3,29,1015.3,46.0,2.3,21.3,61.0,0.0,67.40573000675106,1
131,9,40,3,30,1015.3,46.0,2.3,21.3,61.0,0.0,67.40573000675106,1
142,10,0,3,31,1015.3,46.0,2.3,21.3,61.0,0.0,67.40573000675106,1
116,10,20,3,32,1015.3,46.0,2.3,21.3,61.0,0.0,67.40573000675106,1
100,10,40,3,33,1015.3,46.0,2.3,21.3,61.0,0.0,67.40573000675106,1
99,11,0,3,34,1015.3,46.0,2.3,21.3,61.0,0.0,67.40573000675106,1
106,11,20,3,35,1015.3,46.0,2.3,21.3,61.0,0.0,67.40573000675106,1
91,11,40,3,36,1015.3,46.0,2.3,21.3,61.0,0.0,67.40573000675106,1
95,12,0,3,37,1016.8,24.0,2.2,20.3,69.0,0.0,66.76325298947367,1
107,12,20,3,38,1016.8,24.0,2.2,20.3,69.0,0.0,66.76325298947367,1
117,12,40,3,39,1016.8,24.0,2.2,20.3,69.0,0.0,66.76325298947367,1
127,13,0,3,40,1016.8,24.0,2.2,20.3,69.0,0.0,66.76325298947367,1
126,13,20,3,41,1016.8,24.0,2.2,20.3,69.0,0.0,66.76325298947367,1
103,13,40,3,42,1016.8,24.0,2.2,20.3,69.0,0.0,66.76325298947367,1
110,14,0,3,43,1016.8,24.0,2.2,20.3,69.0,0.0,66.76325298947367,1
138,14,20,3,44,1016.8,24.0,2.2,20.3,69.0,0.0,66.76325298947367,1
96,14,40,3,45,1016.8,24.0,2.2,20.3,69.0,0.0,66.76325298947367,1
97,15,0,3,46,1016.6,41.0,1.8,19.8,71.0,0.0,67.32415381587302,1
117,15,20,3,47,1016.6,41.0,1.8,19.8,71.0,0.0,67.32415381587302,1
134,15,40,3,48,1016.6,41.0,1.8,19.8,71.0,0.0,67.32415381587302,1
110,16,0,3,49,1016.6,41.0,1.8,19.8,71.0,0.0,67.32415381587302,1
122,16,20,3,50,1016.6,41.0,1.8,19.8,71.0,0.0,67.32415381587302,1
149,16,40,3,51,1016.6,41.0,1.8,19.8,71.0,0.0,67.32415381587302,1
114,17,0,3,52,1016.6,41.0,1.8,19.8,71.0,0.0,67.32415381587302,1
123,17,20,3,53,1016.6,41.0,1.8,19.8,71.0,0.0,67.32415381587302,1
113,17,40,3,54,1016.6,41.0,1.8,19.8,71.0,0.0,67.32415381587302,1
89,18,0,3,55,1015.8,352.0,1.5,19.1,75.0,0.0,67.3928445019305,1
70,18,20,3,56,1015.8,352.0,1.5,19.1,75.0,0.0,67.3928445019305,1
64,18,40,3,57,1015.8,352.0,1.5,19.1,75.0,0.0,67.3928445019305,1
49,19,0,3,58,1015.8,352.0,1.5,19.1,75.0,0.0,67.3928445019305,1
51,19,20,3,59,1015.8,352.0,1.5,19.1,75.0,0.0,67.3928445019305,1
51,19,40,3,60,1015.8,352.0,1.5,19.1,75.0,0.0,67.3928445019305,1
65,20,0,3,61,1015.8,352.0,1.5,19.1,75.0,0.0,67.3928445019305,1
47,20,20,3,62,1015.8,352.0,1.5,19.1,75.0,0.0,67.3928445019305,1
34,20,40,3,63,1015.8,352.0,1.5,19.1,75.0,0.0,67.3928445019305,1
37,21,0,3,64,1015.9,352.0,2.5,18.0,89.0,0.3,63.537913481481475,1
31,21,20,3,65,1015.9,352.0,2.5,18.0,89.0,0.3,63.537913481481475,1
27,21,40,3,66,1015.9,352.0,2.5,18.0,89.0,0.3,63.537913481481475,1
23,22,0,3,67,1015.9,352.0,2.5,18.0,89.0,0.3,63.537913481481475,1
22,22,20,3,68,1015.9,352.0,2.5,18.0,89.0,0.3,63.537913481481475,1
17,22,40,3,69,1015.9,352.0,2.5,18.0,89.0,0.3,63.537913481481475,1
4,23,0,3,70,1015.9,352.0,2.5,18.0,89.0,0.3,63.537913481481475,1
15,23,20,3,71,1015.9,352.0,2.5,18.0,89.0,0.3,63.537913481481475,1
16,23,40,3,72,1015.9,352.0,2.5,18.0,89.0,0.3,63.537913481481475,1
16,0,0,4,1,1017.4,46.0,3.0,18.4,88.0,0.0,62.61126900451129,1
16,0,20,4,2,1017.4,46.0,3.0,18.4,88.0,0.0,62.61126900451129,1
18,0,40,4,3,1017.4,46.0,3.0,18.4,88.0,0.0,62.61126900451129,1
22,1,0,4,4,1017.4,46.0,3.0,18.4,88.0,0.0,62.61126900451129,1
16,1,20,4,5,1017.4,46.0,3.0,18.4,88.0,0.0,62.61126900451129,1
15,1,40,4,6,1017.4,46.0,3.0,18.4,88.0,0.0,62.61126900451129,1
12,2,0,4,7,1017.4,46.0,3.0,18.4,88.0,0.0,62.61126900451129,1
14,2,20,4,8,1017.4,46.0,3.0,18.4,88.0,0.0,62.61126900451129,1
16,2,40,4,9,1017.4,46.0,3.0,18.4,88.0,0.0,62.61126900451129,1
13,3,0,4,10,1017.8,2.0,1.6,18.8,82.0,0.0,67.23835280610686,1
12,3,20,4,11,1017.8,2.0,1.6,18.8,82.0,0.0,67.23835280610686,1
7,3,40,4,12,1017.8,2.0,1.6,18.8,82.0,0.0,67.23835280610686,1
11,4,0,4,13,1017.8,2.0,1.6,18.8,82.0,0.0,67.23835280610686,1
13,4,20,4,14,1017.8,2.0,1.6,18.8,82.0,0.0,67.23835280610686,1
14,4,40,4,15,1017.8,2.0,1.6,18.8,82.0,0.0,67.23835280610686,1
15,5,0,4,16,1017.8,2.0,1.6,18.8,82.0,0.0,67.23835280610686,1
16,5,20,4,17,1017.8,2.0,1.6,18.8,82.0,0.0,67.23835280610686,1
18,5,40,4,18,1017.8,2.0,1.6,18.8,82.0,0.0,67.23835280610686,1
19,6,0,4,19,1015.8,359.0,1.9,18.5,84.0,0.0,65.91059003773586,1
38,6,20,4,20,1015.8,359.0,1.9,18.5,84.0,0.0,65.91059003773586,1
78,6,40,4,21,1015.8,359.0,1.9,18.5,84.0,0.0,65.91059003773586,1
93,7,0,4,22,1015.8,359.0,1.9,18.5,84.0,0.0,65.91059003773586,1
126,7,20,4,23,1015.8,359.0,1.9,18.5,84.0,0.0,65.91059003773586,1
152,7,40,4,24,1015.8,359.0,1.9,18.5,84.0,0.0,65.91059003773586,1
158,8,0,4,25,1015.8,359.0,1.9,18.5,84.0,0.0,65.91059003773586,1
180,8,20,4,26,1015.8,359.0,1.9,18.5,84.0,0.0,65.91059003773586,1
146,8,40,4,27,1015.8,359.0,1.9,18.5,84.0,0.0,65.91059003773586,1
161,9,0,4,28,1015.5,349.0,2.0,18.2,81.0,0.0,64.70591382686568,1
140,9,20,4,29,1015.5,349.0,2.0,18.2,81.0,0.0,64.70591382686568,1
129,9,40,4,30,1015.5,349.0,2.0,18.2,81.0,0.0,64.70591382686568,1
132,10,0,4,31,1015.5,349.0,2.0,18.2,81.0,0.0,64.70591382686568,1
140,10,20,4,32,1015.5,349.0,2.0,18.2,81.0,0.0,64.70591382686568,1
133,10,40,4,33,1015.5,349.0,2.0,18.2,81.0,0.0,64.70591382686568,1
124,11,0,4,34,1015.5,349.0,2.0,18.2,81.0,0.0,64.70591382686568,1
97,11,20,4,35,1015.5,349.0,2.0,18.2,81.0,0.0,64.70591382686568,1
93,11,40,4,36,1015.5,349.0,2.0,18.2,81.0,0.0,64.70591382686568,1
99,12,0,4,37,1016.5,1.0,1.4,18.3,83.0,0.0,67.0229637857678,1
95,12,20,4,38,1016.5,1.0,1.4,18.3,83.0,0.0,67.0229637857678,1
105,12,40,4,39,1016.5,1.0,1.4,18.3,83.0,0.0,67.0229637857678,1
124,13,0,4,40,1016.5,1.0,1.4,18.3,83.0,0.0,67.0229637857678,1
108,13,20,4,41,1016.5,1.0,1.4,18.3,83.0,0.0,67.0229637857678,1
111,13,40,4,42,1016.5,1.0,1.4,18.3,83.0,0.0,67.0229637857678,1
121,14,0,4,43,1016.5,1.0,1.4,18.3,83.0,0.0,67.0229637857678,1
94,14,20,4,44,1016.5,1.0,1.4,18.3,83.0,0.0,67.0229637857678,1
130,14,40,4,45,1016.5,1.0,1.4,18.3,83.0,0.0,67.0229637857678,1
140,15,0,4,46,1015.9,354.0,1.8,18.2,87.0,0.0,65.96112502686569,1
138,15,20,4,47,1015.9,354.0,1.8,18.2,87.0,0.0,65.96112502686569,1
137,15,40,4,48,1015.9,354.0,1.8,18.2,87.0,0.0,65.96112502686569,1
139,16,0,4,49,1015.9,354.0,1.8,18.2,87.0,0.0,65.96112502686569,1
135,16,20,4,50,1015.9,354.0,1.8,18.2,87.0,0.0,65.96112502686569,1
148,16,40,4,51,1015.9,354.0,1.8,18.2,87.0,0.0,65.96112502686569,1
146,17,0,4,52,1015.9,354.0,1.8,18.2,87.0,0.0,65.96112502686569,1
122,17,20,4,53,1015.9,354.0,1.8,18.2,87.0,0.0,65.96112502686569,1
112,17,40,4,54,1015.9,354.0,1.8,18.2,87.0,0.0,65.96112502686569,1
74,18,0,4,55,1015.4,202.0,1.1,18.4,89.0,0.0,68.79453140451128,1
68,18,20,4,56,1015.4,202.0,1.1,18.4,89.0,0.0,68.79453140451128,1
57,18,40,4,57,1015.4,202.0,1.1,18.4,89.0,0.0,68.79453140451128,1
65,19,0,4,58,1015.4,202.0,1.1,18.4,89.0,0.0,68.79453140451128,1
79,19,20,4,59,1015.4,202.0,1.1,18.4,89.0,0.0,68.79453140451128,1
57,19,40,4,60,1015.4,202.0,1.1,18.4,89.0,0.0,68.79453140451128,1
53,20,0,4,61,1015.4,202.0,1.1,18.4,89.0,0.0,68.79453140451128,1
47,20,20,4,62,1015.4,202.0,1.1,18.4,89.0,0.0,68.79453140451128,1
53,20,40,4,63,1015.4,202.0,1.1,18.4,89.0,0.0,68.79453140451128,1
40,21,0,4,64,1015.2,360.0,2.3,18.5,90.0,0.0,65.25234603773585,1
31,21,20,4,65,1015.2,360.0,2.3,18.5,90.0,0.0,65.25234603773585,1
35,21,40,4,66,1015.2,360.0,2.3,18.5,90.0,0.0,65.25234603773585,1
37,22,0,4,67,1015.2,360.0,2.3,18.5,90.0,0.0,65.25234603773585,1
22,22,20,4,68,1015.2,360.0,2.3,18.5,90.0,0.0,65.25234603773585,1
20,22,40,4,69,1015.2,360.0,2.3,18.5,90.0,0.0,65.25234603773585,1
19,23,0,4,70,1015.2,360.0,2.3,18.5,90.0,0.0,65.25234603773585,1
16,23,20,4,71,1015.2,360.0,2.3,18.5,90.0,0.0,65.25234603773585,1
8,23,40,4,72,1015.2,360.0,2.3,18.5,90.0,0.0,65.25234603773585,1
14,0,0,5,1,1016.5,35.0,2.0,19.0,95.0,0.0,67.71254,2
17,0,20,5,2,1016.5,35.0,2.0,19.0,95.0,0.0,67.71254,2
16,0,40,5,3,1016.5,35.0,2.0,19.0,95.0,0.0,67.71254,2
24,1,0,5,4,1016.5,35.0,2.0,19.0,95.0,0.0,67.71254,2
22,1,20,5,5,1016.5,35.0,2.0,19.0,95.0,0.0,67.71254,2
12,1,40,5,6,1016.5,35.0,2.0,19.0,95.0,0.0,67.71254,2
13,2,0,5,7,1016.5,35.0,2.0,19.0,95.0,0.0,67.71254,2
21,2,20,5,8,1016.5,35.0,2.0,19.0,95.0,0.0,67.71254,2
11,2,40,5,9,1016.5,35.0,2.0,19.0,95.0,0.0,67.71254,2
10,3,0,5,10,1015.8,357.0,1.1,19.8,94.0,0.6,72.05626821587302,2
15,3,20,5,11,1015.8,357.0,1.1,19.8,94.0,0.6,72.05626821587302,2
12,3,40,5,12,1015.8,357.0,1.1,19.8,94.0,0.6,72.05626821587302,2
14,4,0,5,13,1015.8,357.0,1.1,19.8,94.0,0.6,72.05626821587302,2
12,4,20,5,14,1015.8,357.0,1.1,19.8,94.0,0.6,72.05626821587302,2
17,4,40,5,15,1015.8,357.0,1.1,19.8,94.0,0.6,72.05626821587302,2
18,5,0,5,16,1015.8,357.0,1.1,19.8,94.0,0.6,72.05626821587302,2
10,5,20,5,17,1015.8,357.0,1.1,19.8,94.0,0.6,72.05626821587302,2
22,5,40,5,18,1015.8,357.0,1.1,19.8,94.0,0.6,72.05626821587302,2
19,6,0,5,19,1013.7,334.0,1.5,20.3,96.0,0.1,71.97786458947371,2
42,6,20,5,20,1013.7,334.0,1.5,20.3,96.0,0.1,71.97786458947371,2
80,6,40,5,21,1013.7,334.0,1.5,20.3,96.0,0.1,71.97786458947371,2
103,7,0,5,22,1013.7,334.0,1.5,20.3,96.0,0.1,71.97786458947371,2
107,7,20,5,23,1013.7,334.0,1.5,20.3,96.0,0.1,71.97786458947371,2
92,7,40,5,24,1013.7,334.0,1.5,20.3,96.0,0.1,71.97786458947371,2
105,8,0,5,25,1013.7,334.0,1.5,20.3,96.0,0.1,71.97786458947371,2
97,8,20,5,26,1013.7,334.0,1.5,20.3,96.0,0.1,71.97786458947371,2
128,8,40,5,27,1013.7,334.0,1.5,20.3,96.0,0.1,71.97786458947371,2
127,9,0,5,28,1013.7,333.0,2.2,20.3,96.0,0.0,69.73786458947369,2
115,9,20,5,29,1013.7,333.0,2.2,20.3,96.0,0.0,69.73786458947369,2
121,9,40,5,30,1013.7,333.0,2.2,20.3,96.0,0.0,69.73786458947369,2
119,10,0,5,31,1013.7,333.0,2.2,20.3,96.0,0.0,69.73786458947369,2
135,10,20,5,32,1013.7,333.0,2.2,20.3,96.0,0.0,69.73786458947369,2
94,10,40,5,33,1013.7,333.0,2.2,20.3,96.0,0.0,69.73786458947369,2
122,11,0,5,34,1013.7,333.0,2.2,20.3,96.0,0.0,69.73786458947369,2
103,11,20,5,35,1013.7,333.0,2.2,20.3,96.0,0.0,69.73786458947369,2
109,11,40,5,36,1013.7,333.0,2.2,20.3,96.0,0.0,69.73786458947369,2
89,12,0,5,37,1014.5,344.0,0.9,20.0,97.0,0.0,73.41596,2
104,12,20,5,38,1014.5,344.0,0.9,20.0,97.0,0.0,73.41596,2
102,12,40,5,39,1014.5,344.0,0.9,20.0,97.0,0.0,73.41596,2
110,13,0,5,40,1014.5,344.0,0.9,20.0,97.0,0.0,73.41596,2
128,13,20,5,41,1014.5,344.0,0.9,20.0,97.0,0.0,73.41596,2
135,13,40,5,42,1014.5,344.0,0.9,20.0,97.0,0.0,73.41596,2
108,14,0,5,43,1014.5,344.0,0.9,20.0,97.0,0.0,73.41596,2
114,14,20,5,44,1014.5,344.0,0.9,20.0,97.0,0.0,73.41596,2
118,14,40,5,45,1014.5,344.0,0.9,20.0,97.0,0.0,73.41596,2
109,15,0,5,46,1013.9,344.0,0.0,19.8,97.0,0.0,75.90132661587302,2
159,15,20,5,47,1013.9,344.0,0.0,19.8,97.0,0.0,75.90132661587302,2
127,15,40,5,48,1013.9,344.0,0.0,19.8,97.0,0.0,75.90132661587302,2
137,16,0,5,49,1013.9,344.0,0.0,19.8,97.0,0.0,75.90132661587302,2
125,16,20,5,50,1013.9,344.0,0.0,19.8,97.0,0.0,75.90132661587302,2
124,16,40,5,51,1013.9,344.0,0.0,19.8,97.0,0.0,75.90132661587302,2
105,17,0,5,52,1013.9,344.0,0.0,19.8,97.0,0.0,75.90132661587302,2
127,17,20,5,53,1013.9,344.0,0.0,19.8,97.0,0.0,75.90132661587302,2
104,17,40,5,54,1013.9,344.0,0.0,19.8,97.0,0.0,75.90132661587302,2
82,18,0,5,55,1012.9,215.0,1.7,19.7,97.0,0.0,70.26403439209486,2
70,18,20,5,56,1012.9,215.0,1.7,19.7,97.0,0.0,70.26403439209486,2
62,18,40,5,57,1012.9,215.0,1.7,19.7,97.0,0.0,70.26403439209486,2
64,19,0,5,58,1012.9,215.0,1.7,19.7,97.0,0.0,70.26403439209486,2
67,19,20,5,59,1012.9,215.0,1.7,19.7,97.0,0.0,70.26403439209486,2
73,19,40,5,60,1012.9,215.0,1.7,19.7,97.0,0.0,70.26403439209486,2
55,20,0,5,61,1012.9,215.0,1.7,19.7,97.0,0.0,70.26403439209486,2
48,20,20,5,62,1012.9,215.0,1.7,19.7,97.0,0.0,70.26403439209486,2
53,20,40,5,63,1012.9,215.0,1.7,19.7,97.0,0.0,70.26403439209486,2
45,21,0,5,64,1012.8,216.0,3.2,19.6,97.0,0.0,65.26675822362205,2
42,21,20,5,65,1012.8,216.0,3.2,19.6,97.0,0.0,65.26675822362205,2
31,21,40,5,66,1012.8,216.0,3.2,19.6,97.0,0.0,65.26675822362205,2
22,22,0,5,67,1012.8,216.0,3.2,19.6,97.0,0.0,65.26675822362205,2
22,22,20,5,68,1012.8,216.0,3.2,19.6,97.0,0.0,65.26675822362205,2
20,22,40,5,69,1012.8,216.0,3.2,19.6,97.0,0.0,65.26675822362205,2
9,23,0,5,70,1012.8,216.0,3.2,19.6,97.0,0.0,65.26675822362205,2
9,23,20,5,71,1012.8,216.0,3.2,19.6,97.0,0.0,65.26675822362205,2
13,23,40,5,72,1012.8,216.0,3.2,19.6,97.0,0.0,65.26675822362205,2
24,0,0,6,1,1013.9,327.0,0.6,20.4,95.0,0.0,74.94435928455285,2
18,0,20,6,2,1013.9,327.0,0.6,20.4,95.0,0.0,74.94435928455285,2
20,0,40,6,3,1013.9,327.0,0.6,20.4,95.0,0.0,74.94435928455285,2
19,1,0,6,4,1013.9,327.0,0.6,20.4,95.0,0.0,74.94435928455285,2
19,1,20,6,5,1013.9,327.0,0.6,20.4,95.0,0.0,74.94435928455285,2
17,1,40,6,6,1013.9,327.0,0.6,20.4,95.0,0.0,74.94435928455285,2
10,2,0,6,7,1013.9,327.0,0.6,20.4,95.0,0.0,74.94435928455285,2
12,2,20,6,8,1013.9,327.0,0.6,20.4,95.0,0.0,74.94435928455285,2
19,2,40,6,9,1013.9,327.0,0.6,20.4,95.0,0.0,74.94435928455285,2
9,3,0,6,10,1013.9,342.0,2.2,24.6,76.0,0.0,75.71294450196079,2
14,3,20,6,11,1013.9,342.0,2.2,24.6,76.0,0.0,75.71294450196079,2
12,3,40,6,12,1013.9,342.0,2.2,24.6,76.0,0.0,75.71294450196079,2
11,4,0,6,13,1013.9,342.0,2.2,24.6,76.0,0.0,75.71294450196079,2
14,4,20,6,14,1013.9,342.0,2.2,24.6,76.0,0.0,75.71294450196079,2
17,4,40,6,15,1013.9,342.0,2.2,24.6,76.0,0.0,75.71294450196079,2
8,5,0,6,16,1013.9,342.0,2.2,24.6,76.0,0.0,75.71294450196079,2
13,5,20,6,17,1013.9,342.0,2.2,24.6,76.0,0.0,75.71294450196079,2
12,5,40,6,18,1013.9,342.0,2.2,24.6,76.0,0.0,75.71294450196079,2
28,6,0,6,19,1011.7,301.0,1.8,26.8,67.0,0.0,79.99331931428571,2
39,6,20,6,20,1011.7,301.0,1.8,26.8,67.0,0.0,79.99331931428571,2
62,6,40,6,21,1011.7,301.0,1.8,26.8,67.0,0.0,79.99331931428571,2
65,7,0,6,22,1011.7,301.0,1.8,26.8,67.0,0.0,79.99331931428571,2
78,7,20,6,23,1011.7,301.0,1.8,26.8,67.0,0.0,79.99331931428571,2
74,7,40,6,24,1011.7,301.0,1.8,26.8,67.0,0.0,79.99331931428571,2
85,8,0,6,25,1011.7,301.0,1.8,26.8,67.0,0.0,79.99331931428571,2
114,8,20,6,26,1011.7,301.0,1.8,26.8,67.0,0.0,79.99331931428571,2
102,8,40,6,27,1011.7,301.0,1.8,26.8,67.0,0.0,79.99331931428571,2
105,9,0,6,28,1011.7,10.0,4.1,24.9,74.0,0.0,69.95151576915423,2
94,9,20,6,29,1011.7,10.0,4.1,24.9,74.0,0.0,69.95151576915423,2
72,9,40,6,30,1011.7,10.0,4.1,24.9,74.0,0.0,69.95151576915423,2
102,10,0,6,31,1011.7,10.0,4.1,24.9,74.0,0.0,69.95151576915423,2
69,10,20,6,32,1011.7,10.0,4.1,24.9,74.0,0.0,69.95151576915423,2
68,10,40,6,33,1011.7,10.0,4.1,24.9,74.0,0.0,69.95151576915423,2
53,11,0,6,34,1011.7,10.0,4.1,24.9,74.0,0.0,69.95151576915423,2
58,11,20,6,35,1011.7,10.0,4.1,24.9,74.0,0.0,69.95151576915423,2
93,11,40,6,36,1011.7,10.0,4.1,24.9,74.0,0.0,69.95151576915423,2
96,12,0,6,37,1013.8,353.0,4.3,22.7,77.0,0.0,65.4928120412556,2
92,12,20,6,38,1013.8,353.0,4.3,22.7,77.0,0.0,65.4928120412556,2
104,12,40,6,39,1013.8,353.0,4.3,22.7,77.0,0.0,65.4928120412556,2
114,13,0,6,40,1013.8,353.0,4.3,22.7,77.0,0.0,65.4928120412556,2
120,13,20,6,41,1013.8,353.0,4.3,22.7,77.0,0.0,65.4928120412556,2
126,13,40,6,42,1013.8,353.0,4.3,22.7,77.0,0.0,65.4928120412556,2
126,14,0,6,43,1013.8,353.0,4.3,22.7,77.0,0.0,65.4928120412556,2
125,14,20,6,44,1013.8,353.0,4.3,22.7,77.0,0.0,65.4928120412556,2
143,14,40,6,45,1013.8,353.0,4.3,22.7,77.0,0.0,65.4928120412556,2
138,15,0,6,46,1014.7,7.0,2.1,21.9,80.0,0.0,71.35673856277057,2
109,15,20,6,47,1014.7,7.0,2.1,21.9,80.0,0.0,71.35673856277057,2
109,15,40,6,48,1014.7,7.0,2.1,21.9,80.0,0.0,71.35673856277057,2
144,16,0,6,49,1014.7,7.0,2.1,21.9,80.0,0.0,71.35673856277057,2
127,16,20,6,50,1014.7,7.0,2.1,21.9,80.0,0.0,71.35673856277057,2
133,16,40,6,51,1014.7,7.0,2.1,21.9,80.0,0.0,71.35673856277057,2
132,17,0,6,52,1014.7,7.0,2.1,21.9,80.0,0.0,71.35673856277057,2
116,17,20,6,53,1014.7,7.0,2.1,21.9,80.0,0.0,71.35673856277057,2
120,17,40,6,54,1014.7,7.0,2.1,21.9,80.0,0.0,71.35673856277057,2
105,18,0,6,55,1014.5,344.0,2.0,21.3,83.0,0.0,70.86947960675106,2
93,18,20,6,56,1014.5,344.0,2.0,21.3,83.0,0.0,70.86947960675106,2
80,18,40,6,57,1014.5,344.0,2.0,21.3,83.0,0.0,70.86947960675106,2
81,19,0,6,58,1014.5,344.0,2.0,21.3,83.0,0.0,70.86947960675106,2
74,19,20,6,59,1014.5,344.0,2.0,21.3,83.0,0.0,70.86947960675106,2
76,19,40,6,60,1014.5,344.0,2.0,21.3,83.0,0.0,70.86947960675106,2
59,20,0,6,61,1014.5,344.0,2.0,21.3,83.0,0.0,70.86947960675106,2
56,20,20,6,62,1014.5,344.0,2.0,21.3,83.0,0.0,70.86947960675106,2
50,20,40,6,63,1014.5,344.0,2.0,21.3,83.0,0.0,70.86947960675106,2
42,21,0,6,64,1014.2,35.0,3.0,20.4,81.0,0.0,65.71687768455284,2
39,21,20,6,65,1014.2,35.0,3.0,20.4,81.0,0.0,65.71687768455284,2
32,21,40,6,66,1014.2,35.0,3.0,20.4,81.0,0.0,65.71687768455284,2
31,22,0,6,67,1014.2,35.0,3.0,20.4,81.0,0.0,65.71687768455284,2
26,22,20,6,68,1014.2,35.0,3.0,20.4,81.0,0.0,65.71687768455284,2
16,22,40,6,69,1014.2,35.0,3.0,20.4,81.0,0.0,65.71687768455284,2
17,23,0,6,70,1014.2,35.0,3.0,20.4,81.0,0.0,65.71687768455284,2
21,23,20,6,71,1014.2,35.0,3.0,20.4,81.0,0.0,65.71687768455284,2
17,23,40,6,72,1014.2,35.0,3.0,20.4,81.0,0.0,65.71687768455284,2
17,0,0,0,1,1015.6,35.0,2.1,20.1,80.0,0.0,67.91276035341366,1
21,0,20,0,2,1015.6,35.0,2.1,20.1,80.0,0.0,67.91276035341366,1
18,0,40,0,3,1015.6,35.0,2.1,20.1,80.0,0.0,67.91276035341366,1
23,1,0,0,4,1015.6,35.0,2.1,20.1,80.0,0.0,67.91276035341366,1
19,1,20,0,5,1015.6,35.0,2.1,20.1,80.0,0.0,67.91276035341366,1
10,1,40,0,6,1015.6,35.0,2.1,20.1,80.0,0.0,67.91276035341366,1
11,2,0,0,7,1015.6,35.0,2.1,20.1,80.0,0.0,67.91276035341366,1
14,2,20,0,8,1015.6,35.0,2.1,20.1,80.0,0.0,67.91276035341366,1
13,2,40,0,9,1015.6,35.0,2.1,20.1,80.0,0.0,67.91276035341366,1
16,3,0,0,10,1015.6,104.0,1.5,19.6,90.0,0.1,69.95337902362205,1
15,3,20,0,11,1015.6,104.0,1.5,19.6,90.0,0.1,69.95337902362205,1
7,3,40,0,12,1015.6,104.0,1.5,19.6,90.0,0.1,69.95337902362205,1
15,4,0,0,13,1015.6,104.0,1.5,19.6,90.0,0.1,69.95337902362205,1
12,4,20,0,14,1015.6,104.0,1.5,19.6,90.0,0.1,69.95337902362205,1
11,4,40,0,15,1015.6,104.0,1.5,19.6,90.0,0.1,69.95337902362205,1
14,5,0,0,16,1015.6,104.0,1.5,19.6,90.0,0.1,69.95337902362205,1
15,5,20,0,17,1015.6,104.0,1.5,19.6,90.0,0.1,69.95337902362205,1
23,5,40,0,18,1015.6,104.0,1.5,19.6,90.0,0.1,69.95337902362205,1
40,6,0,0,19,1013.4,81.0,1.2,21.3,79.0,0.0,72.97425240675106,1
59,6,20,0,20,1013.4,81.0,1.2,21.3,79.0,0.0,72.97425240675106,1
95,6,40,0,21,1013.4,81.0,1.2,21.3,79.0,0.0,72.97425240675106,1
145,7,0,0,22,1013.4,81.0,1.2,21.3,79.0,0.0,72.97425240675106,1
162,7,20,0,23,1013.4,81.0,1.2,21.3,79.0,0.0,72.97425240675106,1
165,7,40,0,24,1013.4,81.0,1.2,21.3,79.0,0.0,72.97425240675106,1
175,8,0,0,25,1013.4,81.0,1.2,21.3,79.0,0.0,72.97425240675106,1
182,8,20,0,26,1013.4,81.0,1.2,21.3,79.0,0.0,72.97425240675106,1
180,8,40,0,27,1013.4,81.0,1.2,21.3,79.0,0.0,72.97425240675106,1
138,9,0,0,28,1013.7,109.0,1.1,20.9,79.0,0.0,72.53031468713692,1
150,9,20,0,29,1013.7,109.0,1.1,20.9,79.0,0.0,72.53031468713692,1
117,9,40,0,30,1013.7,109.0,1.1,20.9,79.0,0.0,72.53031468713692,1
127,10,0,0,31,1013.7,109.0,1.1,20.9,79.0,0.0,72.53031468713692,1
108,10,20,0,32,1013.7,109.0,1.1,20.9,79.0,0.0,72.53031468713692,1
86,10,40,0,33,1013.7,109.0,1.1,20.9,79.0,0.0,72.53031468713692,1
102,11,0,0,34,1013.7,109.0,1.1,20.9,79.0,0.0,72.53031468713692,1
89,11,20,0,35,1013.7,109.0,1.1,20.9,79.0,0.0,72.53031468713692,1
88,11,40,0,36,1013.7,109.0,1.1,20.9,79.0,0.0,72.53031468713692,1
89,12,0,0,37,1014.3,17.0,0.7,19.6,87.0,0.0,72.19050222362205,1
78,12,20,0,38,1014.3,17.0,0.7,19.6,87.0,0.0,72.19050222362205,1
90,12,40,0,39,1014.3,17.0,0.7,19.6,87.0,0.0,72.19050222362205,1
108,13,0,0,40,1014.3,17.0,0.7,19.6,87.0,0.0,72.19050222362205,1
93,13,20,0,41,1014.3,17.0,0.7,19.6,87.0,0.0,72.19050222362205,1
95,13,40,0,42,1014.3,17.0,0.7,19.6,87.0,0.0,72.19050222362205,1
114,14,0,0,43,1014.3,17.0,0.7,19.6,87.0,0.0,72.19050222362205,1
118,14,20,0,44,1014.3,17.0,0.7,19.6,87.0,0.0,72.19050222362205,1
85,14,40,0,45,1014.3,17.0,0.7,19.6,87.0,0.0,72.19050222362205,1
117,15,0,0,46,1014.7,222.0,0.9,18.9,92.0,0.0,70.72085709118774,1
105,15,20,0,47,1014.7,222.0,0.9,18.9,92.0,0.0,70.72085709118774,1
108,15,40,0,48,1014.7,222.0,0.9,18.9,92.0,0.0,70.72085709118774,1
114,16,0,0,49,1014.7,222.0,0.9,18.9,92.0,0.0,70.72085709118774,1
112,16,20,0,50,1014.7,222.0,0.9,18.9,92.0,0.0,70.72085709118774,1
96,16,40,0,51,1014.7,222.0,0.9,18.9,92.0,0.0,70.72085709118774,1
140,17,0,0,52,1014.7,222.0,0.9,18.9,92.0,0.0,70.72085709118774,1
132,17,20,0,53,1014.7,222.0,0.9,18.9,92.0,0.0,70.72085709118774,1
113,17,40,0,54,1014.7,222.0,0.9,18.9,92.0,0.0,70.72085709118774,1
90,18,0,0,55,1014.0,341.0,1.5,19.1,92.0,0.0,69.19157370193051,1
93,18,20,0,56,1014.0,341.0,1.5,19.1,92.0,0.0,69.19157370193051,1
65,18,40,0,57,1014.0,341.0,1.5,19.1,92.0,0.0,69.19157370193051,1
51,19,0,0,58,1014.0,341.0,1.5,19.1,92.0,0.0,69.19157370193051,1
46,19,20,0,59,1014.0,341.0,1.5,19.1,92.0,0.0,69.19157370193051,1
53,19,40,0,60,1014.0,341.0,1.5,19.1,92.0,0.0,69.19157370193051,1
46,20,0,0,61,1014.0,341.0,1.5,19.1,92.0,0.0,69.19157370193051,1
45,20,20,0,62,1014.0,341.0,1.5,19.1,92.0,0.0,69.19157370193051,1
39,20,40,0,63,1014.0,341.0,1.5,19.1,92.0,0.0,69.19157370193051,1
37,21,0,0,64,1013.9,322.0,2.5,19.3,90.0,0.0,66.16928057587549,1
31,21,20,0,65,1013.9,322.0,2.5,19.3,90.0,0.0,66.16928057587549,1
26,21,40,0,66,1013.9,322.0,2.5,19.3,90.0,0.0,66.16928057587549,1
17,22,0,0,67,1013.9,322.0,2.5,19.3,90.0,0.0,66.16928057587549,1
20,22,20,0,68,1013.9,322.0,2.5,19.3,90.0,0.0,66.16928057587549,1
19,22,40,0,69,1013.9,322.0,2.5,19.3,90.0,0.0,66.16928057587549,1
2,23,0,0,70,1013.9,322.0,2.5,19.3,90.0,0.0,66.16928057587549,1
8,23,20,0,71,1013.9,322.0,2.5,19.3,90.0,0.0,66.16928057587549,1
15,23,40,0,72,1013.9,322.0,2.5,19.3,90.0,0.0,66.16928057587549,1
