volume,pressure,wind_direction,wind_speed,temperature,rel_humidity,precipitation,SSD,hour__0,hour__1,hour__2,hour__3,hour__4,hour__5,hour__6,hour__7,hour__8,hour__9,hour__10,hour__11,hour__12,hour__13,hour__14,hour__15,hour__16,hour__17,hour__18,hour__19,hour__20,hour__21,hour__22,hour__23,minute__0,minute__20,minute__40,weekday__0,weekday__1,weekday__2,weekday__3,weekday__4,weekday__5,weekday__6,workday__1,workday__2
15,1010.6,2.0,4.2,19.4,94.0,1.0,61.35155810000001,1,0,0,0,0,0,0,0,0,0,0,0,0,0,0,0,0,0,0,0,0,0,0,0,1,0,0,0,0,0,0,0,1,0,0,1
10,1010.6,2.0,4.2,19.4,94.0,1.0,61.35155810000001,1,0,0,0,0,0,0,0,0,0,0,0,0,0,0,0,0,0,0,0,0,0,0,0,0,1,0,0,0,0,0,0,1,0,0,1
6,1010.6,2.0,4.2,19.4,94.0,1.0,61.35155810000001,1,0,0,0,0,0,0,0,0,0,0,0,0,0,0,0,0,0,0,0,0,0,0,0,0,0,1,0,0,0,0,0,1,0,0,1
4,1010.6,2.0,4.2,19.4,94.0,1.0,61.35155810000001,0,1,0,0,0,0,0,0,0,0,0,0,0,0,0,0,0,0,0,0,0,0,0,0,1,0,0,0,0,0,0,0,1,0,0,1
9,1010.6,2.0,4.2,19.4,94.0,1.0,61.35155810000001,0,1,0,0,0,0,0,0,0,0,0,0,0,0,0,0,0,0,0,0,0,0,0,0,0,1,0,0,0,0,0,0,1,0,0,1
3,1010.6,2.0,4.2,19.4,94.0,1.0,61.35155810000001,0,1,0,0,0,0,0,0,0,0,0,0,0,0,0,0,0,0,0,0,0,0,0,0,0,0,1,0,0,0,0,0,1,0,0,1
7,1010.6,2.0,4.2,19.4,94.0,1.0,61.35155810000001,0,0,1,0,0,0,0,0,0,0,0,0,0,0,0,0,0,0,0,0,0,0,0,0,1,0,0,0,0,0,0,0,1,0,0,1
7,1010.6,2.0,4.2,19.4,94.0,1.0,61.35155810000001,0,0,1,0,0,0,0,0,0,0,0,0,0,0,0,0,0,0,0,0,0,0,0,0,0,1,0,0,0,0,0,0,1,0,0,1
6,1010.6,2.0,4.2,19.4,94.0,1.0,61.35155810000001,0,0,1,0,0,0,0,0,0,0,0,0,0,0,0,0,0,0,0,0,0,0,0,0,0,0,1,0,0,0,0,0,1,0,0,1
5,1011.0,5.0,5.5,20.3,81.0,0.0,57.525302589473675,0,0,0,1,0,0,0,0,0,0,0,0,0,0,0,0,0,0,0,0,0,0,0,0,1,0,0,0,0,0,0,0,1,0,0,1
3,1011.0,5.0,5.5,20.3,81.0,0.0,57.525302589473675,0,0,0,1,0,0,0,0,0,0,0,0,0,0,0,0,0,0,0,0,0,0,0,0,0,1,0,0,0,0,0,0,1,0,0,1
5,1011.0,5.0,5.5,20.3,81.0,0.0,57.525302589473675,0,0,0,1,0,0,0,0,0,0,0,0,0,0,0,0,0,0,0,0,0,0,0,0,0,0,1,0,0,0,0,0,1,0,0,1
5,1011.0,5.0,5.5,20.3,81.0,0.0,57.525302589473675,0,0,0,0,1,0,0,0,0,0,0,0,0,0,0,0,0,0,0,0,0,0,0,0,1,0,0,0,0,0,0,0,1,0,0,1
13,1011.0,5.0,5.5,20.3,81.0,0.0,57.525302589473675,0,0,0,0,1,0,0,0,0,0,0,0,0,0,0,0,0,0,0,0,0,0,0,0,0,1,0,0,0,0,0,0,1,0,0,1
9,1011.0,5.0,5.5,20.3,81.0,0.0,57.525302589473675,0,0,0,0,1,0,0,0,0,0,0,0,0,0,0,0,0,0,0,0,0,0,0,0,0,0,1,0,0,0,0,0,1,0,0,1
2,1011.0,5.0,5.5,20.3,81.0,0.0,57.525302589473675,0,0,0,0,0,1,0,0,0,0,0,0,0,0,0,0,0,0,0,0,0,0,0,0,1,0,0,0,0,0,0,0,1,0,0,1
2,1011.0,5.0,5.5,20.3,81.0,0.0,57.525302589473675,0,0,0,0,0,1,0,0,0,0,0,0,0,0,0,0,0,0,0,0,0,0,0,0,0,1,0,0,0,0,0,0,1,0,0,1
7,1011.0,5.0,5.5,20.3,81.0,0.0,57.525302589473675,0,0,0,0,0,1,0,0,0,0,0,0,0,0,0,0,0,0,0,0,0,0,0,0,0,0,1,0,0,0,0,0,1,0,0,1
9,1010.1,17.0,3.6,22.1,72.0,0.0,66.00607278951965,0,0,0,0,0,0,1,0,0,0,0,0,0,0,0,0,0,0,0,0,0,0,0,0,1,0,0,0,0,0,0,0,1,0,0,1
12,1010.1,17.0,3.6,22.1,72.0,0.0,66.00607278951965,0,0,0,0,0,0,1,0,0,0,0,0,0,0,0,0,0,0,0,0,0,0,0,0,0,1,0,0,0,0,0,0,1,0,0,1
19,1010.1,17.0,3.6,22.1,72.0,0.0,66.00607278951965,0,0,0,0,0,0,1,0,0,0,0,0,0,0,0,0,0,0,0,0,0,0,0,0,0,0,1,0,0,0,0,0,1,0,0,1
21,1010.1,17.0,3.6,22.1,72.0,0.0,66.00607278951965,0,0,0,0,0,0,0,1,0,0,0,0,0,0,0,0,0,0,0,0,0,0,0,0,1,0,0,0,0,0,0,0,1,0,0,1
36,1010.1,17.0,3.6,22.1,72.0,0.0,66.00607278951965,0,0,0,0,0,0,0,1,0,0,0,0,0,0,0,0,0,0,0,0,0,0,0,0,0,1,0,0,0,0,0,0,1,0,0,1
27,1010.1,17.0,3.6,22.1,72.0,0.0,66.00607278951965,0,0,0,0,0,0,0,1,0,0,0,0,0,0,0,0,0,0,0,0,0,0,0,0,0,0,1,0,0,0,0,0,1,0,0,1
31,1010.1,17.0,3.6,22.1,72.0,0.0,66.00607278951965,0,0,0,0,0,0,0,0,1,0,0,0,0,0,0,0,0,0,0,0,0,0,0,0,1,0,0,0,0,0,0,0,1,0,0,1
39,1010.1,17.0,3.6,22.1,72.0,0.0,66.00607278951965,0,0,0,0,0,0,0,0,1,0,0,0,0,0,0,0,0,0,0,0,0,0,0,0,0,1,0,0,0,0,0,0,1,0,0,1
38,1010.1,17.0,3.6,22.1,72.0,0.0,66.00607278951965,0,0,0,0,0,0,0,0,1,0,0,0,0,0,0,0,0,0,0,0,0,0,0,0,0,0,1,0,0,0,0,0,1,0,0,1
35,1011.1,357.0,3.2,20.5,80.0,0.0,65.15757224489796,0,0,0,0,0,0,0,0,0,1,0,0,0,0,0,0,0,0,0,0,0,0,0,0,1,0,0,0,0,0,0,0,1,0,0,1
31,1011.1,357.0,3.2,20.5,80.0,0.0,65.15757224489796,0,0,0,0,0,0,0,0,0,1,0,0,0,0,0,0,0,0,0,0,0,0,0,0,0,1,0,0,0,0,0,0,1,0,0,1
38,1011.1,357.0,3.2,20.5,80.0,0.0,65.15757224489796,0,0,0,0,0,0,0,0,0,1,0,0,0,0,0,0,0,0,0,0,0,0,0,0,0,0,1,0,0,0,0,0,1,0,0,1
37,1011.1,357.0,3.2,20.5,80.0,0.0,65.15757224489796,0,0,0,0,0,0,0,0,0,0,1,0,0,0,0,0,0,0,0,0,0,0,0,0,1,0,0,0,0,0,0,0,1,0,0,1
41,1011.1,357.0,3.2,20.5,80.0,0.0,65.15757224489796,0,0,0,0,0,0,0,0,0,0,1,0,0,0,0,0,0,0,0,0,0,0,0,0,0,1,0,0,0,0,0,0,1,0,0,1
34,1011.1,357.0,3.2,20.5,80.0,0.0,65.15757224489796,0,0,0,0,0,0,0,0,0,0,1,0,0,0,0,0,0,0,0,0,0,0,0,0,0,0,1,0,0,0,0,0,1,0,0,1
25,1011.1,357.0,3.2,20.5,80.0,0.0,65.15757224489796,0,0,0,0,0,0,0,0,0,0,0,1,0,0,0,0,0,0,0,0,0,0,0,0,1,0,0,0,0,0,0,0,1,0,0,1
28,1011.1,357.0,3.2,20.5,80.0,0.0,65.15757224489796,0,0,0,0,0,0,0,0,0,0,0,1,0,0,0,0,0,0,0,0,0,0,0,0,0,1,0,0,0,0,0,0,1,0,0,1
24,1011.1,357.0,3.2,20.5,80.0,0.0,65.15757224489796,0,0,0,0,0,0,0,0,0,0,0,1,0,0,0,0,0,0,0,0,0,0,0,0,0,0,1,0,0,0,0,0,1,0,0,1
42,1013.9,41.0,4.6,20.2,66.0,0.0,58.5666367483871,0,0,0,0,0,0,0,0,0,0,0,0,1,0,0,0,0,0,0,0,0,0,0,0,1,0,0,0,0,0,0,0,1,0,0,1
36,1013.9,41.0,4.6,20.2,66.0,0.0,58.5666367483871,0,0,0,0,0,0,0,0,0,0,0,0,1,0,0,0,0,0,0,0,0,0,0,0,0,1,0,0,0,0,0,0,1,0,0,1
41,1013.9,41.0,4.6,20.2,66.0,0.0,58.5666367483871,0,0,0,0,0,0,0,0,0,0,0,0,1,0,0,0,0,0,0,0,0,0,0,0,0,0,1,0,0,0,0,0,1,0,0,1
46,1013.9,41.0,4.6,20.2,66.0,0.0,58.5666367483871,0,0,0,0,0,0,0,0,0,0,0,0,0,1,0,0,0,0,0,0,0,0,0,0,1,0,0,0,0,0,0,0,1,0,0,1
43,1013.9,41.0,4.6,20.2,66.0,0.0,58.5666367483871,0,0,0,0,0,0,0,0,0,0,0,0,0,1,0,0,0,0,0,0,0,0,0,0,0,1,0,0,0,0,0,0,1,0,0,1
35,1013.9,41.0,4.6,20.2,66.0,0.0,58.5666367483871,0,0,0,0,0,0,0,0,0,0,0,0,0,1,0,0,0,0,0,0,0,0,0,0,0,0,1,0,0,0,0,0,1,0,0,1
37,1013.9,41.0,4.6,20.2,66.0,0.0,58.5666367483871,0,0,0,0,0,0,0,0,0,0,0,0,0,0,1,0,0,0,0,0,0,0,0,0,1,0,0,0,0,0,0,0,1,0,0,1
45,1013.9,41.0,4.6,20.2,66.0,0.0,58.5666367483871,0,0,0,0,0,0,0,0,0,0,0,0,0,0,1,0,0,0,0,0,0,0,0,0,0,1,0,0,0,0,0,0,1,0,0,1
33,1013.9,41.0,4.6,20.2,66.0,0.0,58.5666367483871,0,0,0,0,0,0,0,0,0,0,0,0,0,0,1,0,0,0,0,0,0,0,0,0,0,0,1,0,0,0,0,0,1,0,0,1
44,1014.9,15.0,5.5,18.6,60.0,0.0,52.08722424242424,0,0,0,0,0,0,0,0,0,0,0,0,0,0,0,1,0,0,0,0,0,0,0,0,1,0,0,0,0,0,0,0,1,0,0,1
42,1014.9,15.0,5.5,18.6,60.0,0.0,52.08722424242424,0,0,0,0,0,0,0,0,0,0,0,0,0,0,0,1,0,0,0,0,0,0,0,0,0,1,0,0,0,0,0,0,1,0,0,1
40,1014.9,15.0,5.5,18.6,60.0,0.0,52.08722424242424,0,0,0,0,0,0,0,0,0,0,0,0,0,0,0,1,0,0,0,0,0,0,0,0,0,0,1,0,0,0,0,0,1,0,0,1
49,1014.9,15.0,5.5,18.6,60.0,0.0,52.08722424242424,0,0,0,0,0,0,0,0,0,0,0,0,0,0,0,0,1,0,0,0,0,0,0,0,1,0,0,0,0,0,0,0,1,0,0,1
44,1014.9,15.0,5.5,18.6,60.0,0.0,52.08722424242424,0,0,0,0,0,0,0,0,0,0,0,0,0,0,0,0,1,0,0,0,0,0,0,0,0,1,0,0,0,0,0,0,1,0,0,1
36,1014.9,15.0,5.5,18.6,60.0,0.0,52.08722424242424,0,0,0,0,0,0,0,0,0,0,0,0,0,0,0,0,1,0,0,0,0,0,0,0,0,0,1,0,0,0,0,0,1,0,0,1
37,1014.9,15.0,5.5,18.6,60.0,0.0,52.08722424242424,0,0,0,0,0,0,0,0,0,0,0,0,0,0,0,0,0,1,0,0,0,0,0,0,1,0,0,0,0,0,0,0,1,0,0,1
23,1014.9,15.0,5.5,18.6,60.0,0.0,52.08722424242424,0,0,0,0,0,0,0,0,0,0,0,0,0,0,0,0,0,1,0,0,0,0,0,0,0,1,0,0,0,0,0,0,1,0,0,1
26,1014.9,15.0,5.5,18.6,60.0,0.0,52.08722424242424,0,0,0,0,0,0,0,0,0,0,0,0,0,0,0,0,0,1,0,0,0,0,0,0,0,0,1,0,0,0,0,0,1,0,0,1
20,1014.9,340.0,2.4,16.4,73.0,0.0,59.217620654545456,0,0,0,0,0,0,0,0,0,0,0,0,0,0,0,0,0,0,1,0,0,0,0,0,1,0,0,0,0,0,0,0,1,0,0,1
28,1014.9,340.0,2.4,16.4,73.0,0.0,59.217620654545456,0,0,0,0,0,0,0,0,0,0,0,0,0,0,0,0,0,0,1,0,0,0,0,0,0,1,0,0,0,0,0,0,1,0,0,1
20,1014.9,340.0,2.4,16.4,73.0,0.0,59.217620654545456,0,0,0,0,0,0,0,0,0,0,0,0,0,0,0,0,0,0,1,0,0,0,0,0,0,0,1,0,0,0,0,0,1,0,0,1
25,1014.9,340.0,2.4,16.4,73.0,0.0,59.217620654545456,0,0,0,0,0,0,0,0,0,0,0,0,0,0,0,0,0,0,0,1,0,0,0,0,1,0,0,0,0,0,0,0,1,0,0,1
22,1014.9,340.0,2.4,16.4,73.0,0.0,59.217620654545456,0,0,0,0,0,0,0,0,0,0,0,0,0,0,0,0,0,0,0,1,0,0,0,0,0,1,0,0,0,0,0,0,1,0,0,1
15,1014.9,340.0,2.4,16.4,73.0,0.0,59.217620654545456,0,0,0,0,0,0,0,0,0,0,0,0,0,0,0,0,0,0,0,1,0,0,0,0,0,0,1,0,0,0,0,0,1,0,0,1
17,1014.9,340.0,2.4,16.4,73.0,0.0,59.217620654545456,0,0,0,0,0,0,0,0,0,0,0,0,0,0,0,0,0,0,0,0,1,0,0,0,1,0,0,0,0,0,0,0,1,0,0,1
12,1014.9,340.0,2.4,16.4,73.0,0.0,59.217620654545456,0,0,0,0,0,0,0,0,0,0,0,0,0,0,0,0,0,0,0,0,1,0,0,0,0,1,0,0,0,0,0,0,1,0,0,1
15,1014.9,340.0,2.4,16.4,73.0,0.0,59.217620654545456,0,0,0,0,0,0,0,0,0,0,0,0,0,0,0,0,0,0,0,0,1,0,0,0,0,0,1,0,0,0,0,0,1,0,0,1
14,1015.2,354.0,3.3,16.5,64.0,0.0,55.65855635087719,0,0,0,0,0,0,0,0,0,0,0,0,0,0,0,0,0,0,0,0,0,1,0,0,1,0,0,0,0,0,0,0,1,0,0,1
7,1015.2,354.0,3.3,16.5,64.0,0.0,55.65855635087719,0,0,0,0,0,0,0,0,0,0,0,0,0,0,0,0,0,0,0,0,0,1,0,0,0,1,0,0,0,0,0,0,1,0,0,1
16,1015.2,354.0,3.3,16.5,64.0,0.0,55.65855635087719,0,0,0,0,0,0,0,0,0,0,0,0,0,0,0,0,0,0,0,0,0,1,0,0,0,0,1,0,0,0,0,0,1,0,0,1
11,1015.2,354.0,3.3,16.5,64.0,0.0,55.65855635087719,0,0,0,0,0,0,0,0,0,0,0,0,0,0,0,0,0,0,0,0,0,0,1,0,1,0,0,0,0,0,0,0,1,0,0,1
10,1015.2,354.0,3.3,16.5,64.0,0.0,55.65855635087719,0,0,0,0,0,0,0,0,0,0,0,0,0,0,0,0,0,0,0,0,0,0,1,0,0,1,0,0,0,0,0,0,1,0,0,1
10,1015.2,354.0,3.3,16.5,64.0,0.0,55.65855635087719,0,0,0,0,0,0,0,0,0,0,0,0,0,0,0,0,0,0,0,0,0,0,1,0,0,0,1,0,0,0,0,0,1,0,0,1
8,1015.2,354.0,3.3,16.5,64.0,0.0,55.65855635087719,0,0,0,0,0,0,0,0,0,0,0,0,0,0,0,0,0,0,0,0,0,0,0,1,1,0,0,0,0,0,0,0,1,0,0,1
1,1015.2,354.0,3.3,16.5,64.0,0.0,55.65855635087719,0,0,0,0,0,0,0,0,0,0,0,0,0,0,0,0,0,0,0,0,0,0,0,1,0,1,0,0,0,0,0,0,1,0,0,1
7,1016.4,1.0,4.0,17.5,66.0,0.0,55.46766727272728,1,0,0,0,0,0,0,0,0,0,0,0,0,0,0,0,0,0,0,0,0,0,0,0,1,0,0,0,0,0,0,0,0,1,0,1
7,1016.4,1.0,4.0,17.5,66.0,0.0,55.46766727272728,1,0,0,0,0,0,0,0,0,0,0,0,0,0,0,0,0,0,0,0,0,0,0,0,0,1,0,0,0,0,0,0,0,1,0,1
8,1016.4,1.0,4.0,17.5,66.0,0.0,55.46766727272728,1,0,0,0,0,0,0,0,0,0,0,0,0,0,0,0,0,0,0,0,0,0,0,0,0,0,1,0,0,0,0,0,0,1,0,1
6,1016.4,1.0,4.0,17.5,66.0,0.0,55.46766727272728,0,1,0,0,0,0,0,0,0,0,0,0,0,0,0,0,0,0,0,0,0,0,0,0,1,0,0,0,0,0,0,0,0,1,0,1
9,1016.4,1.0,4.0,17.5,66.0,0.0,55.46766727272728,0,1,0,0,0,0,0,0,0,0,0,0,0,0,0,0,0,0,0,0,0,0,0,0,0,1,0,0,0,0,0,0,0,1,0,1
3,1016.4,1.0,4.0,17.5,66.0,0.0,55.46766727272728,0,1,0,0,0,0,0,0,0,0,0,0,0,0,0,0,0,0,0,0,0,0,0,0,0,0,1,0,0,0,0,0,0,1,0,1
1,1016.4,1.0,4.0,17.5,66.0,0.0,55.46766727272728,0,0,1,0,0,0,0,0,0,0,0,0,0,0,0,0,0,0,0,0,0,0,0,0,1,0,0,0,0,0,0,0,0,1,0,1
9,1016.4,1.0,4.0,17.5,66.0,0.0,55.46766727272728,0,0,1,0,0,0,0,0,0,0,0,0,0,0,0,0,0,0,0,0,0,0,0,0,0,1,0,0,0,0,0,0,0,1,0,1
7,1016.4,1.0,4.0,17.5,66.0,0.0,55.46766727272728,0,0,1,0,0,0,0,0,0,0,0,0,0,0,0,0,0,0,0,0,0,0,0,0,0,0,1,0,0,0,0,0,0,1,0,1
4,1016.1,66.0,2.5,21.4,56.0,0.0,66.37936585762712,0,0,0,1,0,0,0,0,0,0,0,0,0,0,0,0,0,0,0,0,0,0,0,0,1,0,0,0,0,0,0,0,0,1,0,1
6,1016.1,66.0,2.5,21.4,56.0,0.0,66.37936585762712,0,0,0,1,0,0,0,0,0,0,0,0,0,0,0,0,0,0,0,0,0,0,0,0,0,1,0,0,0,0,0,0,0,1,0,1
5,1016.1,66.0,2.5,21.4,56.0,0.0,66.37936585762712,0,0,0,1,0,0,0,0,0,0,0,0,0,0,0,0,0,0,0,0,0,0,0,0,0,0,1,0,0,0,0,0,0,1,0,1
13,1016.1,66.0,2.5,21.4,56.0,0.0,66.37936585762712,0,0,0,0,1,0,0,0,0,0,0,0,0,0,0,0,0,0,0,0,0,0,0,0,1,0,0,0,0,0,0,0,0,1,0,1
8,1016.1,66.0,2.5,21.4,56.0,0.0,66.37936585762712,0,0,0,0,1,0,0,0,0,0,0,0,0,0,0,0,0,0,0,0,0,0,0,0,0,1,0,0,0,0,0,0,0,1,0,1
10,1016.1,66.0,2.5,21.4,56.0,0.0,66.37936585762712,0,0,0,0,1,0,0,0,0,0,0,0,0,0,0,0,0,0,0,0,0,0,0,0,0,0,1,0,0,0,0,0,0,1,0,1
4,1016.1,66.0,2.5,21.4,56.0,0.0,66.37936585762712,0,0,0,0,0,1,0,0,0,0,0,0,0,0,0,0,0,0,0,0,0,0,0,0,1,0,0,0,0,0,0,0,0,1,0,1
7,1016.1,66.0,2.5,21.4,56.0,0.0,66.37936585762712,0,0,0,0,0,1,0,0,0,0,0,0,0,0,0,0,0,0,0,0,0,0,0,0,0,1,0,0,0,0,0,0,0,1,0,1
10,1016.1,66.0,2.5,21.4,56.0,0.0,66.37936585762712,0,0,0,0,0,1,0,0,0,0,0,0,0,0,0,0,0,0,0,0,0,0,0,0,0,0,1,0,0,0,0,0,0,1,0,1
8,1014.0,54.0,3.5,21.7,49.0,0.0,62.92066671416309,0,0,0,0,0,0,1,0,0,0,0,0,0,0,0,0,0,0,0,0,0,0,0,0,1,0,0,0,0,0,0,0,0,1,0,1
9,1014.0,54.0,3.5,21.7,49.0,0.0,62.92066671416309,0,0,0,0,0,0,1,0,0,0,0,0,0,0,0,0,0,0,0,0,0,0,0,0,0,1,0,0,0,0,0,0,0,1,0,1
17,1014.0,54.0,3.5,21.7,49.0,0.0,62.92066671416309,0,0,0,0,0,0,1,0,0,0,0,0,0,0,0,0,0,0,0,0,0,0,0,0,0,0,1,0,0,0,0,0,0,1,0,1
26,1014.0,54.0,3.5,21.7,49.0,0.0,62.92066671416309,0,0,0,0,0,0,0,1,0,0,0,0,0,0,0,0,0,0,0,0,0,0,0,0,1,0,0,0,0,0,0,0,0,1,0,1
25,1014.0,54.0,3.5,21.7,49.0,0.0,62.92066671416309,0,0,0,0,0,0,0,1,0,0,0,0,0,0,0,0,0,0,0,0,0,0,0,0,0,1,0,0,0,0,0,0,0,1,0,1
33,1014.0,54.0,3.5,21.7,49.0,0.0,62.92066671416309,0,0,0,0,0,0,0,1,0,0,0,0,0,0,0,0,0,0,0,0,0,0,0,0,0,0,1,0,0,0,0,0,0,1,0,1
46,1014.0,54.0,3.5,21.7,49.0,0.0,62.92066671416309,0,0,0,0,0,0,0,0,1,0,0,0,0,0,0,0,0,0,0,0,0,0,0,0,1,0,0,0,0,0,0,0,0,1,0,1
39,1014.0,54.0,3.5,21.7,49.0,0.0,62.92066671416309,0,0,0,0,0,0,0,0,1,0,0,0,0,0,0,0,0,0,0,0,0,0,0,0,0,1,0,0,0,0,0,0,0,1,0,1
35,1014.0,54.0,3.5,21.7,49.0,0.0,62.92066671416309,0,0,0,0,0,0,0,0,1,0,0,0,0,0,0,0,0,0,0,0,0,0,0,0,0,0,1,0,0,0,0,0,0,1,0,1
45,1014.3,28.0,5.6,20.4,55.0,0.0,54.52298328455285,0,0,0,0,0,0,0,0,0,1,0,0,0,0,0,0,0,0,0,0,0,0,0,0,1,0,0,0,0,0,0,0,0,1,0,1
41,1014.3,28.0,5.6,20.4,55.0,0.0,54.52298328455285,0,0,0,0,0,0,0,0,0,1,0,0,0,0,0,0,0,0,0,0,0,0,0,0,0,1,0,0,0,0,0,0,0,1,0,1
41,1014.3,28.0,5.6,20.4,55.0,0.0,54.52298328455285,0,0,0,0,0,0,0,0,0,1,0,0,0,0,0,0,0,0,0,0,0,0,0,0,0,0,1,0,0,0,0,0,0,1,0,1
28,1014.3,28.0,5.6,20.4,55.0,0.0,54.52298328455285,0,0,0,0,0,0,0,0,0,0,1,0,0,0,0,0,0,0,0,0,0,0,0,0,1,0,0,0,0,0,0,0,0,1,0,1
40,1014.3,28.0,5.6,20.4,55.0,0.0,54.52298328455285,0,0,0,0,0,0,0,0,0,0,1,0,0,0,0,0,0,0,0,0,0,0,0,0,0,1,0,0,0,0,0,0,0,1,0,1
39,1014.3,28.0,5.6,20.4,55.0,0.0,54.52298328455285,0,0,0,0,0,0,0,0,0,0,1,0,0,0,0,0,0,0,0,0,0,0,0,0,0,0,1,0,0,0,0,0,0,1,0,1
38,1014.3,28.0,5.6,20.4,55.0,0.0,54.52298328455285,0,0,0,0,0,0,0,0,0,0,0,1,0,0,0,0,0,0,0,0,0,0,0,0,1,0,0,0,0,0,0,0,0,1,0,1
28,1014.3,28.0,5.6,20.4,55.0,0.0,54.52298328455285,0,0,0,0,0,0,0,0,0,0,0,1,0,0,0,0,0,0,0,0,0,0,0,0,0,1,0,0,0,0,0,0,0,1,0,1
26,1014.3,28.0,5.6,20.4,55.0,0.0,54.52298328455285,0,0,0,0,0,0,0,0,0,0,0,1,0,0,0,0,0,0,0,0,0,0,0,0,0,0,1,0,0,0,0,0,0,1,0,1
39,1016.1,52.0,6.0,18.8,58.0,0.0,50.64514960610686,0,0,0,0,0,0,0,0,0,0,0,0,1,0,0,0,0,0,0,0,0,0,0,0,1,0,0,0,0,0,0,0,0,1,0,1
33,1016.1,52.0,6.0,18.8,58.0,0.0,50.64514960610686,0,0,0,0,0,0,0,0,0,0,0,0,1,0,0,0,0,0,0,0,0,0,0,0,0,1,0,0,0,0,0,0,0,1,0,1
43,1016.1,52.0,6.0,18.8,58.0,0.0,50.64514960610686,0,0,0,0,0,0,0,0,0,0,0,0,1,0,0,0,0,0,0,0,0,0,0,0,0,0,1,0,0,0,0,0,0,1,0,1
39,1016.1,52.0,6.0,18.8,58.0,0.0,50.64514960610686,0,0,0,0,0,0,0,0,0,0,0,0,0,1,0,0,0,0,0,0,0,0,0,0,1,0,0,0,0,0,0,0,0,1,0,1
46,1016.1,52.0,6.0,18.8,58.0,0.0,50.64514960610686,0,0,0,0,0,0,0,0,0,0,0,0,0,1,0,0,0,0,0,0,0,0,0,0,0,1,0,0,0,0,0,0,0,1,0,1
32,1016.1,52.0,6.0,18.8,58.0,0.0,50.64514960610686,0,0,0,0,0,0,0,0,0,0,0,0,0,1,0,0,0,0,0,0,0,0,0,0,0,0,1,0,0,0,0,0,0,1,0,1
48,1016.1,52.0,6.0,18.8,58.0,0.0,50.64514960610686,0,0,0,0,0,0,0,0,0,0,0,0,0,0,1,0,0,0,0,0,0,0,0,0,1,0,0,0,0,0,0,0,0,1,0,1
36,1016.1,52.0,6.0,18.8,58.0,0.0,50.64514960610686,0,0,0,0,0,0,0,0,0,0,0,0,0,0,1,0,0,0,0,0,0,0,0,0,0,1,0,0,0,0,0,0,0,1,0,1
54,1016.1,52.0,6.0,18.8,58.0,0.0,50.64514960610686,0,0,0,0,0,0,0,0,0,0,0,0,0,0,1,0,0,0,0,0,0,0,0,0,0,0,1,0,0,0,0,0,0,1,0,1
49,1016.3,57.0,4.4,17.1,60.0,0.0,52.853749820788536,0,0,0,0,0,0,0,0,0,0,0,0,0,0,0,1,0,0,0,0,0,0,0,0,1,0,0,0,0,0,0,0,0,1,0,1
40,1016.3,57.0,4.4,17.1,60.0,0.0,52.853749820788536,0,0,0,0,0,0,0,0,0,0,0,0,0,0,0,1,0,0,0,0,0,0,0,0,0,1,0,0,0,0,0,0,0,1,0,1
48,1016.3,57.0,4.4,17.1,60.0,0.0,52.853749820788536,0,0,0,0,0,0,0,0,0,0,0,0,0,0,0,1,0,0,0,0,0,0,0,0,0,0,1,0,0,0,0,0,0,1,0,1
35,1016.3,57.0,4.4,17.1,60.0,0.0,52.853749820788536,0,0,0,0,0,0,0,0,0,0,0,0,0,0,0,0,1,0,0,0,0,0,0,0,1,0,0,0,0,0,0,0,0,1,0,1
42,1016.3,57.0,4.4,17.1,60.0,0.0,52.853749820788536,0,0,0,0,0,0,0,0,0,0,0,0,0,0,0,0,1,0,0,0,0,0,0,0,0,1,0,0,0,0,0,0,0,1,0,1
38,1016.3,57.0,4.4,17.1,60.0,0.0,52.853749820788536,0,0,0,0,0,0,0,0,0,0,0,0,0,0,0,0,1,0,0,0,0,0,0,0,0,0,1,0,0,0,0,0,0,1,0,1
33,1016.3,57.0,4.4,17.1,60.0,0.0,52.853749820788536,0,0,0,0,0,0,0,0,0,0,0,0,0,0,0,0,0,1,0,0,0,0,0,0,1,0,0,0,0,0,0,0,0,1,0,1
28,1016.3,57.0,4.4,17.1,60.0,0.0,52.853749820788536,0,0,0,0,0,0,0,0,0,0,0,0,0,0,0,0,0,1,0,0,0,0,0,0,0,1,0,0,0,0,0,0,0,1,0,1
32,1016.3,57.0,4.4,17.1,60.0,0.0,52.853749820788536,0,0,0,0,0,0,0,0,0,0,0,0,0,0,0,0,0,1,0,0,0,0,0,0,0,0,1,0,0,0,0,0,0,1,0,1
20,1015.4,4.0,1.3,15.4,67.0,0.0,60.30286998918918,0,0,0,0,0,0,0,0,0,0,0,0,0,0,0,0,0,0,1,0,0,0,0,0,1,0,0,0,0,0,0,0,0,1,0,1
29,1015.4,4.0,1.3,15.4,67.0,0.0,60.30286998918918,0,0,0,0,0,0,0,0,0,0,0,0,0,0,0,0,0,0,1,0,0,0,0,0,0,1,0,0,0,0,0,0,0,1,0,1
23,1015.4,4.0,1.3,15.4,67.0,0.0,60.30286998918918,0,0,0,0,0,0,0,0,0,0,0,0,0,0,0,0,0,0,1,0,0,0,0,0,0,0,1,0,0,0,0,0,0,1,0,1
33,1015.4,4.0,1.3,15.4,67.0,0.0,60.30286998918918,0,0,0,0,0,0,0,0,0,0,0,0,0,0,0,0,0,0,0,1,0,0,0,0,1,0,0,0,0,0,0,0,0,1,0,1
21,1015.4,4.0,1.3,15.4,67.0,0.0,60.30286998918918,0,0,0,0,0,0,0,0,0,0,0,0,0,0,0,0,0,0,0,1,0,0,0,0,0,1,0,0,0,0,0,0,0,1,0,1
20,1015.4,4.0,1.3,15.4,67.0,0.0,60.30286998918918,0,0,0,0,0,0,0,0,0,0,0,0,0,0,0,0,0,0,0,1,0,0,0,0,0,0,1,0,0,0,0,0,0,1,0,1
15,1015.4,4.0,1.3,15.4,67.0,0.0,60.30286998918918,0,0,0,0,0,0,0,0,0,0,0,0,0,0,0,0,0,0,0,0,1,0,0,0,1,0,0,0,0,0,0,0,0,1,0,1
26,1015.4,4.0,1.3,15.4,67.0,0.0,60.30286998918918,0,0,0,0,0,0,0,0,0,0,0,0,0,0,0,0,0,0,0,0,1,0,0,0,0,1,0,0,0,0,0,0,0,1,0,1
19,1015.4,4.0,1.3,15.4,67.0,0.0,60.30286998918918,0,0,0,0,0,0,0,0,0,0,0,0,0,0,0,0,0,0,0,0,1,0,0,0,0,0,1,0,0,0,0,0,0,1,0,1
22,1014.5,333.0,2.5,14.1,80.0,0.0,55.18706397411003,0,0,0,0,0,0,0,0,0,0,0,0,0,0,0,0,0,0,0,0,0,1,0,0,1,0,0,0,0,0,0,0,0,1,0,1
16,1014.5,333.0,2.5,14.1,80.0,0.0,55.18706397411003,0,0,0,0,0,0,0,0,0,0,0,0,0,0,0,0,0,0,0,0,0,1,0,0,0,1,0,0,0,0,0,0,0,1,0,1
17,1014.5,333.0,2.5,14.1,80.0,0.0,55.18706397411003,0,0,0,0,0,0,0,0,0,0,0,0,0,0,0,0,0,0,0,0,0,1,0,0,0,0,1,0,0,0,0,0,0,1,0,1
4,1014.5,333.0,2.5,14.1,80.0,0.0,55.18706397411003,0,0,0,0,0,0,0,0,0,0,0,0,0,0,0,0,0,0,0,0,0,0,1,0,1,0,0,0,0,0,0,0,0,1,0,1
6,1014.5,333.0,2.5,14.1,80.0,0.0,55.18706397411003,0,0,0,0,0,0,0,0,0,0,0,0,0,0,0,0,0,0,0,0,0,0,1,0,0,1,0,0,0,0,0,0,0,1,0,1
10,1014.5,333.0,2.5,14.1,80.0,0.0,55.18706397411003,0,0,0,0,0,0,0,0,0,0,0,0,0,0,0,0,0,0,0,0,0,0,1,0,0,0,1,0,0,0,0,0,0,1,0,1
3,1014.5,333.0,2.5,14.1,80.0,0.0,55.18706397411003,0,0,0,0,0,0,0,0,0,0,0,0,0,0,0,0,0,0,0,0,0,0,0,1,0,1,0,0,0,0,0,0,0,1,0,1
6,1014.5,333.0,2.5,14.1,80.0,0.0,55.18706397411003,0,0,0,0,0,0,0,0,0,0,0,0,0,0,0,0,0,0,0,0,0,0,0,1,0,0,1,0,0,0,0,0,0,1,0,1
13,1015.95,176.0,3.1,18.1,70.0,0.0,59.87078737546469,1,0,0,0,0,0,0,0,0,0,0,0,0,0,0,0,0,0,0,0,0,0,0,0,1,0,0,1,0,0,0,0,0,0,1,0
16,1015.95,176.0,3.1,18.1,70.0,0.0,59.87078737546469,1,0,0,0,0,0,0,0,0,0,0,0,0,0,0,0,0,0,0,0,0,0,0,0,0,1,0,1,0,0,0,0,0,0,1,0
11,1015.95,176.0,3.1,18.1,70.0,0.0,59.87078737546469,1,0,0,0,0,0,0,0,0,0,0,0,0,0,0,0,0,0,0,0,0,0,0,0,0,0,1,1,0,0,0,0,0,0,1,0
7,1015.95,176.0,3.1,18.1,70.0,0.0,59.87078737546469,0,1,0,0,0,0,0,0,0,0,0,0,0,0,0,0,0,0,0,0,0,0,0,0,1,0,0,1,0,0,0,0,0,0,1,0
4,1015.95,176.0,3.1,18.1,70.0,0.0,59.87078737546469,0,1,0,0,0,0,0,0,0,0,0,0,0,0,0,0,0,0,0,0,0,0,0,0,0,1,0,1,0,0,0,0,0,0,1,0
7,1015.95,176.0,3.1,18.1,70.0,0.0,59.87078737546469,0,1,0,0,0,0,0,0,0,0,0,0,0,0,0,0,0,0,0,0,0,0,0,0,0,0,1,1,0,0,0,0,0,0,1,0
6,1015.95,176.0,3.1,18.1,70.0,0.0,59.87078737546469,0,0,1,0,0,0,0,0,0,0,0,0,0,0,0,0,0,0,0,0,0,0,0,0,1,0,0,1,0,0,0,0,0,0,1,0
9,1015.95,176.0,3.1,18.1,70.0,0.0,59.87078737546469,0,0,1,0,0,0,0,0,0,0,0,0,0,0,0,0,0,0,0,0,0,0,0,0,0,1,0,1,0,0,0,0,0,0,1,0
12,1015.95,176.0,3.1,18.1,70.0,0.0,59.87078737546469,0,0,1,0,0,0,0,0,0,0,0,0,0,0,0,0,0,0,0,0,0,0,0,0,0,0,1,1,0,0,0,0,0,0,1,0
7,1015.4,55.5,3.0,21.3,61.0,0.0,65.16573000675106,0,0,0,1,0,0,0,0,0,0,0,0,0,0,0,0,0,0,0,0,0,0,0,0,1,0,0,1,0,0,0,0,0,0,1,0
6,1015.4,55.5,3.0,21.3,61.0,0.0,65.16573000675106,0,0,0,1,0,0,0,0,0,0,0,0,0,0,0,0,0,0,0,0,0,0,0,0,0,1,0,1,0,0,0,0,0,0,1,0
8,1015.4,55.5,3.0,21.3,61.0,0.0,65.16573000675106,0,0,0,1,0,0,0,0,0,0,0,0,0,0,0,0,0,0,0,0,0,0,0,0,0,0,1,1,0,0,0,0,0,0,1,0
2,1015.4,55.5,3.0,21.3,61.0,0.0,65.16573000675106,0,0,0,0,1,0,0,0,0,0,0,0,0,0,0,0,0,0,0,0,0,0,0,0,1,0,0,1,0,0,0,0,0,0,1,0
16,1015.4,55.5,3.0,21.3,61.0,0.0,65.16573000675106,0,0,0,0,1,0,0,0,0,0,0,0,0,0,0,0,0,0,0,0,0,0,0,0,0,1,0,1,0,0,0,0,0,0,1,0
7,1015.4,55.5,3.0,21.3,61.0,0.0,65.16573000675106,0,0,0,0,1,0,0,0,0,0,0,0,0,0,0,0,0,0,0,0,0,0,0,0,0,0,1,1,0,0,0,0,0,0,1,0
2,1015.4,55.5,3.0,21.3,61.0,0.0,65.16573000675106,0,0,0,0,0,1,0,0,0,0,0,0,0,0,0,0,0,0,0,0,0,0,0,0,1,0,0,1,0,0,0,0,0,0,1,0
3,1015.4,55.5,3.0,21.3,61.0,0.0,65.16573000675106,0,0,0,0,0,1,0,0,0,0,0,0,0,0,0,0,0,0,0,0,0,0,0,0,0,1,0,1,0,0,0,0,0,0,1,0
9,1015.4,55.5,3.0,21.3,61.0,0.0,65.16573000675106,0,0,0,0,0,1,0,0,0,0,0,0,0,0,0,0,0,0,0,0,0,0,0,0,0,0,1,1,0,0,0,0,0,0,1,0
13,1013.4,59.0,3.25,22.75,49.5,0.0,65.67344016292135,0,0,0,0,0,0,1,0,0,0,0,0,0,0,0,0,0,0,0,0,0,0,0,0,1,0,0,1,0,0,0,0,0,0,1,0
13,1013.4,59.0,3.25,22.75,49.5,0.0,65.67344016292135,0,0,0,0,0,0,1,0,0,0,0,0,0,0,0,0,0,0,0,0,0,0,0,0,0,1,0,1,0,0,0,0,0,0,1,0
18,1013.4,59.0,3.25,22.75,49.5,0.0,65.67344016292135,0,0,0,0,0,0,1,0,0,0,0,0,0,0,0,0,0,0,0,0,0,0,0,0,0,0,1,1,0,0,0,0,0,0,1,0
34,1013.4,59.0,3.25,22.75,49.5,0.0,65.67344016292135,0,0,0,0,0,0,0,1,0,0,0,0,0,0,0,0,0,0,0,0,0,0,0,0,1,0,0,1,0,0,0,0,0,0,1,0
40,1013.4,59.0,3.25,22.75,49.5,0.0,65.67344016292135,0,0,0,0,0,0,0,1,0,0,0,0,0,0,0,0,0,0,0,0,0,0,0,0,0,1,0,1,0,0,0,0,0,0,1,0
37,1013.4,59.0,3.25,22.75,49.5,0.0,65.67344016292135,0,0,0,0,0,0,0,1,0,0,0,0,0,0,0,0,0,0,0,0,0,0,0,0,0,0,1,1,0,0,0,0,0,0,1,0
47,1013.4,59.0,3.25,22.75,49.5,0.0,65.67344016292135,0,0,0,0,0,0,0,0,1,0,0,0,0,0,0,0,0,0,0,0,0,0,0,0,1,0,0,1,0,0,0,0,0,0,1,0
44,1013.4,59.0,3.25,22.75,49.5,0.0,65.67344016292135,0,0,0,0,0,0,0,0,1,0,0,0,0,0,0,0,0,0,0,0,0,0,0,0,0,1,0,1,0,0,0,0,0,0,1,0
57,1013.4,59.0,3.25,22.75,49.5,0.0,65.67344016292135,0,0,0,0,0,0,0,0,1,0,0,0,0,0,0,0,0,0,0,0,0,0,0,0,0,0,1,1,0,0,0,0,0,0,1,0
51,1013.75,57.5,4.0,21.7,55.5,0.0,62.0698645141631,0,0,0,0,0,0,0,0,0,1,0,0,0,0,0,0,0,0,0,0,0,0,0,0,1,0,0,1,0,0,0,0,0,0,1,0
44,1013.75,57.5,4.0,21.7,55.5,0.0,62.0698645141631,0,0,0,0,0,0,0,0,0,1,0,0,0,0,0,0,0,0,0,0,0,0,0,0,0,1,0,1,0,0,0,0,0,0,1,0
53,1013.75,57.5,4.0,21.7,55.5,0.0,62.0698645141631,0,0,0,0,0,0,0,0,0,1,0,0,0,0,0,0,0,0,0,0,0,0,0,0,0,0,1,1,0,0,0,0,0,0,1,0
35,1013.75,57.5,4.0,21.7,55.5,0.0,62.0698645141631,0,0,0,0,0,0,0,0,0,0,1,0,0,0,0,0,0,0,0,0,0,0,0,0,1,0,0,1,0,0,0,0,0,0,1,0
42,1013.75,57.5,4.0,21.7,55.5,0.0,62.0698645141631,0,0,0,0,0,0,0,0,0,0,1,0,0,0,0,0,0,0,0,0,0,0,0,0,0,1,0,1,0,0,0,0,0,0,1,0
40,1013.75,57.5,4.0,21.7,55.5,0.0,62.0698645141631,0,0,0,0,0,0,0,0,0,0,1,0,0,0,0,0,0,0,0,0,0,0,0,0,0,0,1,1,0,0,0,0,0,0,1,0
37,1013.75,57.5,4.0,21.7,55.5,0.0,62.0698645141631,0,0,0,0,0,0,0,0,0,0,0,1,0,0,0,0,0,0,0,0,0,0,0,0,1,0,0,1,0,0,0,0,0,0,1,0
26,1013.75,57.5,4.0,21.7,55.5,0.0,62.0698645141631,0,0,0,0,0,0,0,0,0,0,0,1,0,0,0,0,0,0,0,0,0,0,0,0,0,1,0,1,0,0,0,0,0,0,1,0
19,1013.75,57.5,4.0,21.7,55.5,0.0,62.0698645141631,0,0,0,0,0,0,0,0,0,0,0,1,0,0,0,0,0,0,0,0,0,0,0,0,0,0,1,1,0,0,0,0,0,0,1,0
41,1015.6,78.5,4.75,20.200000000000006,64.0,0.0,57.86702234838711,0,0,0,0,0,0,0,0,0,0,0,0,1,0,0,0,0,0,0,0,0,0,0,0,1,0,0,1,0,0,0,0,0,0,1,0
28,1015.6,78.5,4.75,20.200000000000006,64.0,0.0,57.86702234838711,0,0,0,0,0,0,0,0,0,0,0,0,1,0,0,0,0,0,0,0,0,0,0,0,0,1,0,1,0,0,0,0,0,0,1,0
36,1015.6,78.5,4.75,20.200000000000006,64.0,0.0,57.86702234838711,0,0,0,0,0,0,0,0,0,0,0,0,1,0,0,0,0,0,0,0,0,0,0,0,0,0,1,1,0,0,0,0,0,0,1,0
51,1015.6,78.5,4.75,20.200000000000006,64.0,0.0,57.86702234838711,0,0,0,0,0,0,0,0,0,0,0,0,0,1,0,0,0,0,0,0,0,0,0,0,1,0,0,1,0,0,0,0,0,0,1,0
42,1015.6,78.5,4.75,20.200000000000006,64.0,0.0,57.86702234838711,0,0,0,0,0,0,0,0,0,0,0,0,0,1,0,0,0,0,0,0,0,0,0,0,0,1,0,1,0,0,0,0,0,0,1,0
44,1015.6,78.5,4.75,20.200000000000006,64.0,0.0,57.86702234838711,0,0,0,0,0,0,0,0,0,0,0,0,0,1,0,0,0,0,0,0,0,0,0,0,0,0,1,1,0,0,0,0,0,0,1,0
33,1015.6,78.5,4.75,20.200000000000006,64.0,0.0,57.86702234838711,0,0,0,0,0,0,0,0,0,0,0,0,0,0,1,0,0,0,0,0,0,0,0,0,1,0,0,1,0,0,0,0,0,0,1,0
45,1015.6,78.5,4.75,20.200000000000006,64.0,0.0,57.86702234838711,0,0,0,0,0,0,0,0,0,0,0,0,0,0,1,0,0,0,0,0,0,0,0,0,0,1,0,1,0,0,0,0,0,0,1,0
51,1015.6,78.5,4.75,20.200000000000006,64.0,0.0,57.86702234838711,0,0,0,0,0,0,0,0,0,0,0,0,0,0,1,0,0,0,0,0,0,0,0,0,0,0,1,1,0,0,0,0,0,0,1,0
46,1016.1,51.0,3.6,18.700000000000006,63.0,0.0,58.66395617794679,0,0,0,0,0,0,0,0,0,0,0,0,0,0,0,1,0,0,0,0,0,0,0,0,1,0,0,1,0,0,0,0,0,0,1,0
36,1016.1,51.0,3.6,18.700000000000006,63.0,0.0,58.66395617794679,0,0,0,0,0,0,0,0,0,0,0,0,0,0,0,1,0,0,0,0,0,0,0,0,0,1,0,1,0,0,0,0,0,0,1,0
56,1016.1,51.0,3.6,18.700000000000006,63.0,0.0,58.66395617794679,0,0,0,0,0,0,0,0,0,0,0,0,0,0,0,1,0,0,0,0,0,0,0,0,0,0,1,1,0,0,0,0,0,0,1,0
42,1016.1,51.0,3.6,18.700000000000006,63.0,0.0,58.66395617794679,0,0,0,0,0,0,0,0,0,0,0,0,0,0,0,0,1,0,0,0,0,0,0,0,1,0,0,1,0,0,0,0,0,0,1,0
45,1016.1,51.0,3.6,18.700000000000006,63.0,0.0,58.66395617794679,0,0,0,0,0,0,0,0,0,0,0,0,0,0,0,0,1,0,0,0,0,0,0,0,0,1,0,1,0,0,0,0,0,0,1,0
28,1016.1,51.0,3.6,18.700000000000006,63.0,0.0,58.66395617794679,0,0,0,0,0,0,0,0,0,0,0,0,0,0,0,0,1,0,0,0,0,0,0,0,0,0,1,1,0,0,0,0,0,0,1,0
41,1016.1,51.0,3.6,18.700000000000006,63.0,0.0,58.66395617794679,0,0,0,0,0,0,0,0,0,0,0,0,0,0,0,0,0,1,0,0,0,0,0,0,1,0,0,1,0,0,0,0,0,0,1,0
22,1016.1,51.0,3.6,18.700000000000006,63.0,0.0,58.66395617794679,0,0,0,0,0,0,0,0,0,0,0,0,0,0,0,0,0,1,0,0,0,0,0,0,0,1,0,1,0,0,0,0,0,0,1,0
16,1016.1,51.0,3.6,18.700000000000006,63.0,0.0,58.66395617794679,0,0,0,0,0,0,0,0,0,0,0,0,0,0,0,0,0,1,0,0,0,0,0,0,0,0,1,1,0,0,0,0,0,0,1,0
20,1015.55,175.5,1.7999999999999998,17.1,70.0,0.0,62.15910582078853,0,0,0,0,0,0,0,0,0,0,0,0,0,0,0,0,0,0,1,0,0,0,0,0,1,0,0,1,0,0,0,0,0,0,1,0
28,1015.55,175.5,1.7999999999999998,17.1,70.0,0.0,62.15910582078853,0,0,0,0,0,0,0,0,0,0,0,0,0,0,0,0,0,0,1,0,0,0,0,0,0,1,0,1,0,0,0,0,0,0,1,0
23,1015.55,175.5,1.7999999999999998,17.1,70.0,0.0,62.15910582078853,0,0,0,0,0,0,0,0,0,0,0,0,0,0,0,0,0,0,1,0,0,0,0,0,0,0,1,1,0,0,0,0,0,0,1,0
14,1015.55,175.5,1.7999999999999998,17.1,70.0,0.0,62.15910582078853,0,0,0,0,0,0,0,0,0,0,0,0,0,0,0,0,0,0,0,1,0,0,0,0,1,0,0,1,0,0,0,0,0,0,1,0
21,1015.55,175.5,1.7999999999999998,17.1,70.0,0.0,62.15910582078853,0,0,0,0,0,0,0,0,0,0,0,0,0,0,0,0,0,0,0,1,0,0,0,0,0,1,0,1,0,0,0,0,0,0,1,0
19,1015.55,175.5,1.7999999999999998,17.1,70.0,0.0,62.15910582078853,0,0,0,0,0,0,0,0,0,0,0,0,0,0,0,0,0,0,0,1,0,0,0,0,0,0,1,1,0,0,0,0,0,0,1,0
15,1015.55,175.5,1.7999999999999998,17.1,70.0,0.0,62.15910582078853,0,0,0,0,0,0,0,0,0,0,0,0,0,0,0,0,0,0,0,0,1,0,0,0,1,0,0,1,0,0,0,0,0,0,1,0
20,1015.55,175.5,1.7999999999999998,17.1,70.0,0.0,62.15910582078853,0,0,0,0,0,0,0,0,0,0,0,0,0,0,0,0,0,0,0,0,1,0,0,0,0,1,0,1,0,0,0,0,0,0,1,0
17,1015.55,175.5,1.7999999999999998,17.1,70.0,0.0,62.15910582078853,0,0,0,0,0,0,0,0,0,0,0,0,0,0,0,0,0,0,0,0,1,0,0,0,0,0,1,1,0,0,0,0,0,0,1,0
22,1015.6,168.5,2.2,16.65,77.0,0.0,60.71554359188713,0,0,0,0,0,0,0,0,0,0,0,0,0,0,0,0,0,0,0,0,0,1,0,0,1,0,0,1,0,0,0,0,0,0,1,0
8,1015.6,168.5,2.2,16.65,77.0,0.0,60.71554359188713,0,0,0,0,0,0,0,0,0,0,0,0,0,0,0,0,0,0,0,0,0,1,0,0,0,1,0,1,0,0,0,0,0,0,1,0
16,1015.6,168.5,2.2,16.65,77.0,0.0,60.71554359188713,0,0,0,0,0,0,0,0,0,0,0,0,0,0,0,0,0,0,0,0,0,1,0,0,0,0,1,1,0,0,0,0,0,0,1,0
5,1015.6,168.5,2.2,16.65,77.0,0.0,60.71554359188713,0,0,0,0,0,0,0,0,0,0,0,0,0,0,0,0,0,0,0,0,0,0,1,0,1,0,0,1,0,0,0,0,0,0,1,0
11,1015.6,168.5,2.2,16.65,77.0,0.0,60.71554359188713,0,0,0,0,0,0,0,0,0,0,0,0,0,0,0,0,0,0,0,0,0,0,1,0,0,1,0,1,0,0,0,0,0,0,1,0
5,1015.6,168.5,2.2,16.65,77.0,0.0,60.71554359188713,0,0,0,0,0,0,0,0,0,0,0,0,0,0,0,0,0,0,0,0,0,0,1,0,0,0,1,1,0,0,0,0,0,0,1,0
9,1015.6,168.5,2.2,16.65,77.0,0.0,60.71554359188713,0,0,0,0,0,0,0,0,0,0,0,0,0,0,0,0,0,0,0,0,0,0,0,1,1,0,0,1,0,0,0,0,0,0,1,0
5,1015.6,168.5,2.2,16.65,77.0,0.0,60.71554359188713,0,0,0,0,0,0,0,0,0,0,0,0,0,0,0,0,0,0,0,0,0,0,0,1,0,1,0,1,0,0,0,0,0,0,1,0
4,1015.6,168.5,2.2,16.65,77.0,0.0,60.71554359188713,0,0,0,0,0,0,0,0,0,0,0,0,0,0,0,0,0,0,0,0,0,0,0,1,0,0,1,1,0,0,0,0,0,0,1,0
12,1015.5,351.0,2.2,18.7,74.0,0.0,64.29184137794678,1,0,0,0,0,0,0,0,0,0,0,0,0,0,0,0,0,0,0,0,0,0,0,0,1,0,0,0,1,0,0,0,0,0,1,0
14,1015.5,351.0,2.2,18.7,74.0,0.0,64.29184137794678,1,0,0,0,0,0,0,0,0,0,0,0,0,0,0,0,0,0,0,0,0,0,0,0,0,1,0,0,1,0,0,0,0,0,1,0
10,1015.5,351.0,2.2,18.7,74.0,0.0,64.29184137794678,1,0,0,0,0,0,0,0,0,0,0,0,0,0,0,0,0,0,0,0,0,0,0,0,0,0,1,0,1,0,0,0,0,0,1,0
6,1015.5,351.0,2.2,18.7,74.0,0.0,64.29184137794678,0,1,0,0,0,0,0,0,0,0,0,0,0,0,0,0,0,0,0,0,0,0,0,0,1,0,0,0,1,0,0,0,0,0,1,0
11,1015.5,351.0,2.2,18.7,74.0,0.0,64.29184137794678,0,1,0,0,0,0,0,0,0,0,0,0,0,0,0,0,0,0,0,0,0,0,0,0,0,1,0,0,1,0,0,0,0,0,1,0
4,1015.5,351.0,2.2,18.7,74.0,0.0,64.29184137794678,0,1,0,0,0,0,0,0,0,0,0,0,0,0,0,0,0,0,0,0,0,0,0,0,0,0,1,0,1,0,0,0,0,0,1,0
3,1015.5,351.0,2.2,18.7,74.0,0.0,64.29184137794678,0,0,1,0,0,0,0,0,0,0,0,0,0,0,0,0,0,0,0,0,0,0,0,0,1,0,0,0,1,0,0,0,0,0,1,0
12,1015.5,351.0,2.2,18.7,74.0,0.0,64.29184137794678,0,0,1,0,0,0,0,0,0,0,0,0,0,0,0,0,0,0,0,0,0,0,0,0,0,1,0,0,1,0,0,0,0,0,1,0
6,1015.5,351.0,2.2,18.7,74.0,0.0,64.29184137794678,0,0,1,0,0,0,0,0,0,0,0,0,0,0,0,0,0,0,0,0,0,0,0,0,0,0,1,0,1,0,0,0,0,0,1,0
6,1014.7,45.0,3.5,21.2,66.0,0.0,63.94847768739496,0,0,0,1,0,0,0,0,0,0,0,0,0,0,0,0,0,0,0,0,0,0,0,0,1,0,0,0,1,0,0,0,0,0,1,0
5,1014.7,45.0,3.5,21.2,66.0,0.0,63.94847768739496,0,0,0,1,0,0,0,0,0,0,0,0,0,0,0,0,0,0,0,0,0,0,0,0,0,1,0,0,1,0,0,0,0,0,1,0
3,1014.7,45.0,3.5,21.2,66.0,0.0,63.94847768739496,0,0,0,1,0,0,0,0,0,0,0,0,0,0,0,0,0,0,0,0,0,0,0,0,0,0,1,0,1,0,0,0,0,0,1,0
12,1014.7,45.0,3.5,21.2,66.0,0.0,63.94847768739496,0,0,0,0,1,0,0,0,0,0,0,0,0,0,0,0,0,0,0,0,0,0,0,0,1,0,0,0,1,0,0,0,0,0,1,0
15,1014.7,45.0,3.5,21.2,66.0,0.0,63.94847768739496,0,0,0,0,1,0,0,0,0,0,0,0,0,0,0,0,0,0,0,0,0,0,0,0,0,1,0,0,1,0,0,0,0,0,1,0
12,1014.7,45.0,3.5,21.2,66.0,0.0,63.94847768739496,0,0,0,0,1,0,0,0,0,0,0,0,0,0,0,0,0,0,0,0,0,0,0,0,0,0,1,0,1,0,0,0,0,0,1,0
6,1014.7,45.0,3.5,21.2,66.0,0.0,63.94847768739496,0,0,0,0,0,1,0,0,0,0,0,0,0,0,0,0,0,0,0,0,0,0,0,0,1,0,0,0,1,0,0,0,0,0,1,0
11,1014.7,45.0,3.5,21.2,66.0,0.0,63.94847768739496,0,0,0,0,0,1,0,0,0,0,0,0,0,0,0,0,0,0,0,0,0,0,0,0,0,1,0,0,1,0,0,0,0,0,1,0
6,1014.7,45.0,3.5,21.2,66.0,0.0,63.94847768739496,0,0,0,0,0,1,0,0,0,0,0,0,0,0,0,0,0,0,0,0,0,0,0,0,0,0,1,0,1,0,0,0,0,0,1,0
9,1012.8,64.0,3.0,23.8,50.0,0.0,68.43263954716981,0,0,0,0,0,0,1,0,0,0,0,0,0,0,0,0,0,0,0,0,0,0,0,0,1,0,0,0,1,0,0,0,0,0,1,0
26,1012.8,64.0,3.0,23.8,50.0,0.0,68.43263954716981,0,0,0,0,0,0,1,0,0,0,0,0,0,0,0,0,0,0,0,0,0,0,0,0,0,1,0,0,1,0,0,0,0,0,1,0
18,1012.8,64.0,3.0,23.8,50.0,0.0,68.43263954716981,0,0,0,0,0,0,1,0,0,0,0,0,0,0,0,0,0,0,0,0,0,0,0,0,0,0,1,0,1,0,0,0,0,0,1,0
30,1012.8,64.0,3.0,23.8,50.0,0.0,68.43263954716981,0,0,0,0,0,0,0,1,0,0,0,0,0,0,0,0,0,0,0,0,0,0,0,0,1,0,0,0,1,0,0,0,0,0,1,0
40,1012.8,64.0,3.0,23.8,50.0,0.0,68.43263954716981,0,0,0,0,0,0,0,1,0,0,0,0,0,0,0,0,0,0,0,0,0,0,0,0,0,1,0,0,1,0,0,0,0,0,1,0
52,1012.8,64.0,3.0,23.8,50.0,0.0,68.43263954716981,0,0,0,0,0,0,0,1,0,0,0,0,0,0,0,0,0,0,0,0,0,0,0,0,0,0,1,0,1,0,0,0,0,0,1,0
49,1012.8,64.0,3.0,23.8,50.0,0.0,68.43263954716981,0,0,0,0,0,0,0,0,1,0,0,0,0,0,0,0,0,0,0,0,0,0,0,0,1,0,0,0,1,0,0,0,0,0,1,0
49,1012.8,64.0,3.0,23.8,50.0,0.0,68.43263954716981,0,0,0,0,0,0,0,0,1,0,0,0,0,0,0,0,0,0,0,0,0,0,0,0,0,1,0,0,1,0,0,0,0,0,1,0
40,1012.8,64.0,3.0,23.8,50.0,0.0,68.43263954716981,0,0,0,0,0,0,0,0,1,0,0,0,0,0,0,0,0,0,0,0,0,0,0,0,0,0,1,0,1,0,0,0,0,0,1,0
45,1013.2,87.0,2.4,23.0,56.0,0.0,69.62495709090909,0,0,0,0,0,0,0,0,0,1,0,0,0,0,0,0,0,0,0,0,0,0,0,0,1,0,0,0,1,0,0,0,0,0,1,0
47,1013.2,87.0,2.4,23.0,56.0,0.0,69.62495709090909,0,0,0,0,0,0,0,0,0,1,0,0,0,0,0,0,0,0,0,0,0,0,0,0,0,1,0,0,1,0,0,0,0,0,1,0
44,1013.2,87.0,2.4,23.0,56.0,0.0,69.62495709090909,0,0,0,0,0,0,0,0,0,1,0,0,0,0,0,0,0,0,0,0,0,0,0,0,0,0,1,0,1,0,0,0,0,0,1,0
37,1013.2,87.0,2.4,23.0,56.0,0.0,69.62495709090909,0,0,0,0,0,0,0,0,0,0,1,0,0,0,0,0,0,0,0,0,0,0,0,0,1,0,0,0,1,0,0,0,0,0,1,0
47,1013.2,87.0,2.4,23.0,56.0,0.0,69.62495709090909,0,0,0,0,0,0,0,0,0,0,1,0,0,0,0,0,0,0,0,0,0,0,0,0,0,1,0,0,1,0,0,0,0,0,1,0
37,1013.2,87.0,2.4,23.0,56.0,0.0,69.62495709090909,0,0,0,0,0,0,0,0,0,0,1,0,0,0,0,0,0,0,0,0,0,0,0,0,0,0,1,0,1,0,0,0,0,0,1,0
37,1013.2,87.0,2.4,23.0,56.0,0.0,69.62495709090909,0,0,0,0,0,0,0,0,0,0,0,1,0,0,0,0,0,0,0,0,0,0,0,0,1,0,0,0,1,0,0,0,0,0,1,0
37,1013.2,87.0,2.4,23.0,56.0,0.0,69.62495709090909,0,0,0,0,0,0,0,0,0,0,0,1,0,0,0,0,0,0,0,0,0,0,0,0,0,1,0,0,1,0,0,0,0,0,1,0
47,1013.2,87.0,2.4,23.0,56.0,0.0,69.62495709090909,0,0,0,0,0,0,0,0,0,0,0,1,0,0,0,0,0,0,0,0,0,0,0,0,0,0,1,0,1,0,0,0,0,0,1,0
42,1015.1,105.0,3.5,21.6,70.0,0.0,65.15333155555557,0,0,0,0,0,0,0,0,0,0,0,0,1,0,0,0,0,0,0,0,0,0,0,0,1,0,0,0,1,0,0,0,0,0,1,0
42,1015.1,105.0,3.5,21.6,70.0,0.0,65.15333155555557,0,0,0,0,0,0,0,0,0,0,0,0,1,0,0,0,0,0,0,0,0,0,0,0,0,1,0,0,1,0,0,0,0,0,1,0
51,1015.1,105.0,3.5,21.6,70.0,0.0,65.15333155555557,0,0,0,0,0,0,0,0,0,0,0,0,1,0,0,0,0,0,0,0,0,0,0,0,0,0,1,0,1,0,0,0,0,0,1,0
35,1015.1,105.0,3.5,21.6,70.0,0.0,65.15333155555557,0,0,0,0,0,0,0,0,0,0,0,0,0,1,0,0,0,0,0,0,0,0,0,0,1,0,0,0,1,0,0,0,0,0,1,0
37,1015.1,105.0,3.5,21.6,70.0,0.0,65.15333155555557,0,0,0,0,0,0,0,0,0,0,0,0,0,1,0,0,0,0,0,0,0,0,0,0,0,1,0,0,1,0,0,0,0,0,1,0
36,1015.1,105.0,3.5,21.6,70.0,0.0,65.15333155555557,0,0,0,0,0,0,0,0,0,0,0,0,0,1,0,0,0,0,0,0,0,0,0,0,0,0,1,0,1,0,0,0,0,0,1,0
44,1015.1,105.0,3.5,21.6,70.0,0.0,65.15333155555557,0,0,0,0,0,0,0,0,0,0,0,0,0,0,1,0,0,0,0,0,0,0,0,0,1,0,0,0,1,0,0,0,0,0,1,0
43,1015.1,105.0,3.5,21.6,70.0,0.0,65.15333155555557,0,0,0,0,0,0,0,0,0,0,0,0,0,0,1,0,0,0,0,0,0,0,0,0,0,1,0,0,1,0,0,0,0,0,1,0
48,1015.1,105.0,3.5,21.6,70.0,0.0,65.15333155555557,0,0,0,0,0,0,0,0,0,0,0,0,0,0,1,0,0,0,0,0,0,0,0,0,0,0,1,0,1,0,0,0,0,0,1,0
43,1015.9,45.0,2.8,20.3,66.0,0.0,64.51274058947368,0,0,0,0,0,0,0,0,0,0,0,0,0,0,0,1,0,0,0,0,0,0,0,0,1,0,0,0,1,0,0,0,0,0,1,0
57,1015.9,45.0,2.8,20.3,66.0,0.0,64.51274058947368,0,0,0,0,0,0,0,0,0,0,0,0,0,0,0,1,0,0,0,0,0,0,0,0,0,1,0,0,1,0,0,0,0,0,1,0
39,1015.9,45.0,2.8,20.3,66.0,0.0,64.51274058947368,0,0,0,0,0,0,0,0,0,0,0,0,0,0,0,1,0,0,0,0,0,0,0,0,0,0,1,0,1,0,0,0,0,0,1,0
52,1015.9,45.0,2.8,20.3,66.0,0.0,64.51274058947368,0,0,0,0,0,0,0,0,0,0,0,0,0,0,0,0,1,0,0,0,0,0,0,0,1,0,0,0,1,0,0,0,0,0,1,0
45,1015.9,45.0,2.8,20.3,66.0,0.0,64.51274058947368,0,0,0,0,0,0,0,0,0,0,0,0,0,0,0,0,1,0,0,0,0,0,0,0,0,1,0,0,1,0,0,0,0,0,1,0
42,1015.9,45.0,2.8,20.3,66.0,0.0,64.51274058947368,0,0,0,0,0,0,0,0,0,0,0,0,0,0,0,0,1,0,0,0,0,0,0,0,0,0,1,0,1,0,0,0,0,0,1,0
39,1015.9,45.0,2.8,20.3,66.0,0.0,64.51274058947368,0,0,0,0,0,0,0,0,0,0,0,0,0,0,0,0,0,1,0,0,0,0,0,0,1,0,0,0,1,0,0,0,0,0,1,0
30,1015.9,45.0,2.8,20.3,66.0,0.0,64.51274058947368,0,0,0,0,0,0,0,0,0,0,0,0,0,0,0,0,0,1,0,0,0,0,0,0,0,1,0,0,1,0,0,0,0,0,1,0
24,1015.9,45.0,2.8,20.3,66.0,0.0,64.51274058947368,0,0,0,0,0,0,0,0,0,0,0,0,0,0,0,0,0,1,0,0,0,0,0,0,0,0,1,0,1,0,0,0,0,0,1,0
27,1015.7,347.0,2.3,18.8,73.0,0.0,64.05590160610686,0,0,0,0,0,0,0,0,0,0,0,0,0,0,0,0,0,0,1,0,0,0,0,0,1,0,0,0,1,0,0,0,0,0,1,0
33,1015.7,347.0,2.3,18.8,73.0,0.0,64.05590160610686,0,0,0,0,0,0,0,0,0,0,0,0,0,0,0,0,0,0,1,0,0,0,0,0,0,1,0,0,1,0,0,0,0,0,1,0
25,1015.7,347.0,2.3,18.8,73.0,0.0,64.05590160610686,0,0,0,0,0,0,0,0,0,0,0,0,0,0,0,0,0,0,1,0,0,0,0,0,0,0,1,0,1,0,0,0,0,0,1,0
24,1015.7,347.0,2.3,18.8,73.0,0.0,64.05590160610686,0,0,0,0,0,0,0,0,0,0,0,0,0,0,0,0,0,0,0,1,0,0,0,0,1,0,0,0,1,0,0,0,0,0,1,0
27,1015.7,347.0,2.3,18.8,73.0,0.0,64.05590160610686,0,0,0,0,0,0,0,0,0,0,0,0,0,0,0,0,0,0,0,1,0,0,0,0,0,1,0,0,1,0,0,0,0,0,1,0
18,1015.7,347.0,2.3,18.8,73.0,0.0,64.05590160610686,0,0,0,0,0,0,0,0,0,0,0,0,0,0,0,0,0,0,0,1,0,0,0,0,0,0,1,0,1,0,0,0,0,0,1,0
11,1015.7,347.0,2.3,18.8,73.0,0.0,64.05590160610686,0,0,0,0,0,0,0,0,0,0,0,0,0,0,0,0,0,0,0,0,1,0,0,0,1,0,0,0,1,0,0,0,0,0,1,0
19,1015.7,347.0,2.3,18.8,73.0,0.0,64.05590160610686,0,0,0,0,0,0,0,0,0,0,0,0,0,0,0,0,0,0,0,0,1,0,0,0,0,1,0,0,1,0,0,0,0,0,1,0
13,1015.7,347.0,2.3,18.8,73.0,0.0,64.05590160610686,0,0,0,0,0,0,0,0,0,0,0,0,0,0,0,0,0,0,0,0,1,0,0,0,0,0,1,0,1,0,0,0,0,0,1,0
20,1016.7,4.0,1.9,19.2,74.0,0.0,66.19587276899225,0,0,0,0,0,0,0,0,0,0,0,0,0,0,0,0,0,0,0,0,0,1,0,0,1,0,0,0,1,0,0,0,0,0,1,0
11,1016.7,4.0,1.9,19.2,74.0,0.0,66.19587276899225,0,0,0,0,0,0,0,0,0,0,0,0,0,0,0,0,0,0,0,0,0,1,0,0,0,1,0,0,1,0,0,0,0,0,1,0
9,1016.7,4.0,1.9,19.2,74.0,0.0,66.19587276899225,0,0,0,0,0,0,0,0,0,0,0,0,0,0,0,0,0,0,0,0,0,1,0,0,0,0,1,0,1,0,0,0,0,0,1,0
8,1016.7,4.0,1.9,19.2,74.0,0.0,66.19587276899225,0,0,0,0,0,0,0,0,0,0,0,0,0,0,0,0,0,0,0,0,0,0,1,0,1,0,0,0,1,0,0,0,0,0,1,0
5,1016.7,4.0,1.9,19.2,74.0,0.0,66.19587276899225,0,0,0,0,0,0,0,0,0,0,0,0,0,0,0,0,0,0,0,0,0,0,1,0,0,1,0,0,1,0,0,0,0,0,1,0
9,1016.7,4.0,1.9,19.2,74.0,0.0,66.19587276899225,0,0,0,0,0,0,0,0,0,0,0,0,0,0,0,0,0,0,0,0,0,0,1,0,0,0,1,0,1,0,0,0,0,0,1,0
11,1016.7,4.0,1.9,19.2,74.0,0.0,66.19587276899225,0,0,0,0,0,0,0,0,0,0,0,0,0,0,0,0,0,0,0,0,0,0,0,1,1,0,0,0,1,0,0,0,0,0,1,0
7,1016.7,4.0,1.9,19.2,74.0,0.0,66.19587276899225,0,0,0,0,0,0,0,0,0,0,0,0,0,0,0,0,0,0,0,0,0,0,0,1,0,1,0,0,1,0,0,0,0,0,1,0
7,1016.7,4.0,1.9,19.2,74.0,0.0,66.19587276899225,0,0,0,0,0,0,0,0,0,0,0,0,0,0,0,0,0,0,0,0,0,0,0,1,0,0,1,0,1,0,0,0,0,0,1,0
8,1018.4,56.0,4.5,19.9,60.0,0.0,57.676128286852595,1,0,0,0,0,0,0,0,0,0,0,0,0,0,0,0,0,0,0,0,0,0,0,0,1,0,0,0,0,1,0,0,0,0,1,0
7,1018.4,56.0,4.5,19.9,60.0,0.0,57.676128286852595,1,0,0,0,0,0,0,0,0,0,0,0,0,0,0,0,0,0,0,0,0,0,0,0,0,1,0,0,0,1,0,0,0,0,1,0
11,1018.4,56.0,4.5,19.9,60.0,0.0,57.676128286852595,1,0,0,0,0,0,0,0,0,0,0,0,0,0,0,0,0,0,0,0,0,0,0,0,0,0,1,0,0,1,0,0,0,0,1,0
8,1018.4,56.0,4.5,19.9,60.0,0.0,57.676128286852595,0,1,0,0,0,0,0,0,0,0,0,0,0,0,0,0,0,0,0,0,0,0,0,0,1,0,0,0,0,1,0,0,0,0,1,0
7,1018.4,56.0,4.5,19.9,60.0,0.0,57.676128286852595,0,1,0,0,0,0,0,0,0,0,0,0,0,0,0,0,0,0,0,0,0,0,0,0,0,1,0,0,0,1,0,0,0,0,1,0
5,1018.4,56.0,4.5,19.9,60.0,0.0,57.676128286852595,0,1,0,0,0,0,0,0,0,0,0,0,0,0,0,0,0,0,0,0,0,0,0,0,0,0,1,0,0,1,0,0,0,0,1,0
8,1018.4,56.0,4.5,19.9,60.0,0.0,57.676128286852595,0,0,1,0,0,0,0,0,0,0,0,0,0,0,0,0,0,0,0,0,0,0,0,0,1,0,0,0,0,1,0,0,0,0,1,0
6,1018.4,56.0,4.5,19.9,60.0,0.0,57.676128286852595,0,0,1,0,0,0,0,0,0,0,0,0,0,0,0,0,0,0,0,0,0,0,0,0,0,1,0,0,0,1,0,0,0,0,1,0
10,1018.4,56.0,4.5,19.9,60.0,0.0,57.676128286852595,0,0,1,0,0,0,0,0,0,0,0,0,0,0,0,0,0,0,0,0,0,0,0,0,0,0,1,0,0,1,0,0,0,0,1,0
9,1018.3,46.0,2.9,20.9,68.0,0.0,65.53443828713692,0,0,0,1,0,0,0,0,0,0,0,0,0,0,0,0,0,0,0,0,0,0,0,0,1,0,0,0,0,1,0,0,0,0,1,0
8,1018.3,46.0,2.9,20.9,68.0,0.0,65.53443828713692,0,0,0,1,0,0,0,0,0,0,0,0,0,0,0,0,0,0,0,0,0,0,0,0,0,1,0,0,0,1,0,0,0,0,1,0
11,1018.3,46.0,2.9,20.9,68.0,0.0,65.53443828713692,0,0,0,1,0,0,0,0,0,0,0,0,0,0,0,0,0,0,0,0,0,0,0,0,0,0,1,0,0,1,0,0,0,0,1,0
9,1018.3,46.0,2.9,20.9,68.0,0.0,65.53443828713692,0,0,0,0,1,0,0,0,0,0,0,0,0,0,0,0,0,0,0,0,0,0,0,0,1,0,0,0,0,1,0,0,0,0,1,0
7,1018.3,46.0,2.9,20.9,68.0,0.0,65.53443828713692,0,0,0,0,1,0,0,0,0,0,0,0,0,0,0,0,0,0,0,0,0,0,0,0,0,1,0,0,0,1,0,0,0,0,1,0
10,1018.3,46.0,2.9,20.9,68.0,0.0,65.53443828713692,0,0,0,0,1,0,0,0,0,0,0,0,0,0,0,0,0,0,0,0,0,0,0,0,0,0,1,0,0,1,0,0,0,0,1,0
3,1018.3,46.0,2.9,20.9,68.0,0.0,65.53443828713692,0,0,0,0,0,1,0,0,0,0,0,0,0,0,0,0,0,0,0,0,0,0,0,0,1,0,0,0,0,1,0,0,0,0,1,0
8,1018.3,46.0,2.9,20.9,68.0,0.0,65.53443828713692,0,0,0,0,0,1,0,0,0,0,0,0,0,0,0,0,0,0,0,0,0,0,0,0,0,1,0,0,0,1,0,0,0,0,1,0
6,1018.3,46.0,2.9,20.9,68.0,0.0,65.53443828713692,0,0,0,0,0,1,0,0,0,0,0,0,0,0,0,0,0,0,0,0,0,0,0,0,0,0,1,0,0,1,0,0,0,0,1,0
10,1016.4,100.0,3.1,22.1,59.0,0.0,66.08876998951965,0,0,0,0,0,0,1,0,0,0,0,0,0,0,0,0,0,0,0,0,0,0,0,0,1,0,0,0,0,1,0,0,0,0,1,0
17,1016.4,100.0,3.1,22.1,59.0,0.0,66.08876998951965,0,0,0,0,0,0,1,0,0,0,0,0,0,0,0,0,0,0,0,0,0,0,0,0,0,1,0,0,0,1,0,0,0,0,1,0
16,1016.4,100.0,3.1,22.1,59.0,0.0,66.08876998951965,0,0,0,0,0,0,1,0,0,0,0,0,0,0,0,0,0,0,0,0,0,0,0,0,0,0,1,0,0,1,0,0,0,0,1,0
27,1016.4,100.0,3.1,22.1,59.0,0.0,66.08876998951965,0,0,0,0,0,0,0,1,0,0,0,0,0,0,0,0,0,0,0,0,0,0,0,0,1,0,0,0,0,1,0,0,0,0,1,0
27,1016.4,100.0,3.1,22.1,59.0,0.0,66.08876998951965,0,0,0,0,0,0,0,1,0,0,0,0,0,0,0,0,0,0,0,0,0,0,0,0,0,1,0,0,0,1,0,0,0,0,1,0
42,1016.4,100.0,3.1,22.1,59.0,0.0,66.08876998951965,0,0,0,0,0,0,0,1,0,0,0,0,0,0,0,0,0,0,0,0,0,0,0,0,0,0,1,0,0,1,0,0,0,0,1,0
45,1016.4,100.0,3.1,22.1,59.0,0.0,66.08876998951965,0,0,0,0,0,0,0,0,1,0,0,0,0,0,0,0,0,0,0,0,0,0,0,0,1,0,0,0,0,1,0,0,0,0,1,0
54,1016.4,100.0,3.1,22.1,59.0,0.0,66.08876998951965,0,0,0,0,0,0,0,0,1,0,0,0,0,0,0,0,0,0,0,0,0,0,0,0,0,1,0,0,0,1,0,0,0,0,1,0
55,1016.4,100.0,3.1,22.1,59.0,0.0,66.08876998951965,0,0,0,0,0,0,0,0,1,0,0,0,0,0,0,0,0,0,0,0,0,0,0,0,0,0,1,0,0,1,0,0,0,0,1,0
44,1016.5,39.0,3.7,21.2,57.0,0.0,62.287488887394964,0,0,0,0,0,0,0,0,0,1,0,0,0,0,0,0,0,0,0,0,0,0,0,0,1,0,0,0,0,1,0,0,0,0,1,0
51,1016.5,39.0,3.7,21.2,57.0,0.0,62.287488887394964,0,0,0,0,0,0,0,0,0,1,0,0,0,0,0,0,0,0,0,0,0,0,0,0,0,1,0,0,0,1,0,0,0,0,1,0
34,1016.5,39.0,3.7,21.2,57.0,0.0,62.287488887394964,0,0,0,0,0,0,0,0,0,1,0,0,0,0,0,0,0,0,0,0,0,0,0,0,0,0,1,0,0,1,0,0,0,0,1,0
47,1016.5,39.0,3.7,21.2,57.0,0.0,62.287488887394964,0,0,0,0,0,0,0,0,0,0,1,0,0,0,0,0,0,0,0,0,0,0,0,0,1,0,0,0,0,1,0,0,0,0,1,0
43,1016.5,39.0,3.7,21.2,57.0,0.0,62.287488887394964,0,0,0,0,0,0,0,0,0,0,1,0,0,0,0,0,0,0,0,0,0,0,0,0,0,1,0,0,0,1,0,0,0,0,1,0
36,1016.5,39.0,3.7,21.2,57.0,0.0,62.287488887394964,0,0,0,0,0,0,0,0,0,0,1,0,0,0,0,0,0,0,0,0,0,0,0,0,0,0,1,0,0,1,0,0,0,0,1,0
33,1016.5,39.0,3.7,21.2,57.0,0.0,62.287488887394964,0,0,0,0,0,0,0,0,0,0,0,1,0,0,0,0,0,0,0,0,0,0,0,0,1,0,0,0,0,1,0,0,0,0,1,0
40,1016.5,39.0,3.7,21.2,57.0,0.0,62.287488887394964,0,0,0,0,0,0,0,0,0,0,0,1,0,0,0,0,0,0,0,0,0,0,0,0,0,1,0,0,0,1,0,0,0,0,1,0
39,1016.5,39.0,3.7,21.2,57.0,0.0,62.287488887394964,0,0,0,0,0,0,0,0,0,0,0,1,0,0,0,0,0,0,0,0,0,0,0,0,0,0,1,0,0,1,0,0,0,0,1,0
43,1017.4,360.0,1.4,20.4,63.0,0.0,68.84725848455285,0,0,0,0,0,0,0,0,0,0,0,0,1,0,0,0,0,0,0,0,0,0,0,0,1,0,0,0,0,1,0,0,0,0,1,0
32,1017.4,360.0,1.4,20.4,63.0,0.0,68.84725848455285,0,0,0,0,0,0,0,0,0,0,0,0,1,0,0,0,0,0,0,0,0,0,0,0,0,1,0,0,0,1,0,0,0,0,1,0
47,1017.4,360.0,1.4,20.4,63.0,0.0,68.84725848455285,0,0,0,0,0,0,0,0,0,0,0,0,1,0,0,0,0,0,0,0,0,0,0,0,0,0,1,0,0,1,0,0,0,0,1,0
45,1017.4,360.0,1.4,20.4,63.0,0.0,68.84725848455285,0,0,0,0,0,0,0,0,0,0,0,0,0,1,0,0,0,0,0,0,0,0,0,0,1,0,0,0,0,1,0,0,0,0,1,0
46,1017.4,360.0,1.4,20.4,63.0,0.0,68.84725848455285,0,0,0,0,0,0,0,0,0,0,0,0,0,1,0,0,0,0,0,0,0,0,0,0,0,1,0,0,0,1,0,0,0,0,1,0
51,1017.4,360.0,1.4,20.4,63.0,0.0,68.84725848455285,0,0,0,0,0,0,0,0,0,0,0,0,0,1,0,0,0,0,0,0,0,0,0,0,0,0,1,0,0,1,0,0,0,0,1,0
45,1017.4,360.0,1.4,20.4,63.0,0.0,68.84725848455285,0,0,0,0,0,0,0,0,0,0,0,0,0,0,1,0,0,0,0,0,0,0,0,0,1,0,0,0,0,1,0,0,0,0,1,0
47,1017.4,360.0,1.4,20.4,63.0,0.0,68.84725848455285,0,0,0,0,0,0,0,0,0,0,0,0,0,0,1,0,0,0,0,0,0,0,0,0,0,1,0,0,0,1,0,0,0,0,1,0
51,1017.4,360.0,1.4,20.4,63.0,0.0,68.84725848455285,0,0,0,0,0,0,0,0,0,0,0,0,0,0,1,0,0,0,0,0,0,0,0,0,0,0,1,0,0,1,0,0,0,0,1,0
41,1017.0,326.0,1.6,19.3,78.0,0.0,67.77086297587549,0,0,0,0,0,0,0,0,0,0,0,0,0,0,0,1,0,0,0,0,0,0,0,0,1,0,0,0,0,1,0,0,0,0,1,0
43,1017.0,326.0,1.6,19.3,78.0,0.0,67.77086297587549,0,0,0,0,0,0,0,0,0,0,0,0,0,0,0,1,0,0,0,0,0,0,0,0,0,1,0,0,0,1,0,0,0,0,1,0
52,1017.0,326.0,1.6,19.3,78.0,0.0,67.77086297587549,0,0,0,0,0,0,0,0,0,0,0,0,0,0,0,1,0,0,0,0,0,0,0,0,0,0,1,0,0,1,0,0,0,0,1,0
41,1017.0,326.0,1.6,19.3,78.0,0.0,67.77086297587549,0,0,0,0,0,0,0,0,0,0,0,0,0,0,0,0,1,0,0,0,0,0,0,0,1,0,0,0,0,1,0,0,0,0,1,0
42,1017.0,326.0,1.6,19.3,78.0,0.0,67.77086297587549,0,0,0,0,0,0,0,0,0,0,0,0,0,0,0,0,1,0,0,0,0,0,0,0,0,1,0,0,0,1,0,0,0,0,1,0
48,1017.0,326.0,1.6,19.3,78.0,0.0,67.77086297587549,0,0,0,0,0,0,0,0,0,0,0,0,0,0,0,0,1,0,0,0,0,0,0,0,0,0,1,0,0,1,0,0,0,0,1,0
42,1017.0,326.0,1.6,19.3,78.0,0.0,67.77086297587549,0,0,0,0,0,0,0,0,0,0,0,0,0,0,0,0,0,1,0,0,0,0,0,0,1,0,0,0,0,1,0,0,0,0,1,0
26,1017.0,326.0,1.6,19.3,78.0,0.0,67.77086297587549,0,0,0,0,0,0,0,0,0,0,0,0,0,0,0,0,0,1,0,0,0,0,0,0,0,1,0,0,0,1,0,0,0,0,1,0
26,1017.0,326.0,1.6,19.3,78.0,0.0,67.77086297587549,0,0,0,0,0,0,0,0,0,0,0,0,0,0,0,0,0,1,0,0,0,0,0,0,0,0,1,0,0,1,0,0,0,0,1,0
29,1016.1,327.0,1.9,18.9,83.0,0.0,66.57513349118774,0,0,0,0,0,0,0,0,0,0,0,0,0,0,0,0,0,0,1,0,0,0,0,0,1,0,0,0,0,1,0,0,0,0,1,0
25,1016.1,327.0,1.9,18.9,83.0,0.0,66.57513349118774,0,0,0,0,0,0,0,0,0,0,0,0,0,0,0,0,0,0,1,0,0,0,0,0,0,1,0,0,0,1,0,0,0,0,1,0
21,1016.1,327.0,1.9,18.9,83.0,0.0,66.57513349118774,0,0,0,0,0,0,0,0,0,0,0,0,0,0,0,0,0,0,1,0,0,0,0,0,0,0,1,0,0,1,0,0,0,0,1,0
18,1016.1,327.0,1.9,18.9,83.0,0.0,66.57513349118774,0,0,0,0,0,0,0,0,0,0,0,0,0,0,0,0,0,0,0,1,0,0,0,0,1,0,0,0,0,1,0,0,0,0,1,0
17,1016.1,327.0,1.9,18.9,83.0,0.0,66.57513349118774,0,0,0,0,0,0,0,0,0,0,0,0,0,0,0,0,0,0,0,1,0,0,0,0,0,1,0,0,0,1,0,0,0,0,1,0
24,1016.1,327.0,1.9,18.9,83.0,0.0,66.57513349118774,0,0,0,0,0,0,0,0,0,0,0,0,0,0,0,0,0,0,0,1,0,0,0,0,0,0,1,0,0,1,0,0,0,0,1,0
15,1016.1,327.0,1.9,18.9,83.0,0.0,66.57513349118774,0,0,0,0,0,0,0,0,0,0,0,0,0,0,0,0,0,0,0,0,1,0,0,0,1,0,0,0,0,1,0,0,0,0,1,0
18,1016.1,327.0,1.9,18.9,83.0,0.0,66.57513349118774,0,0,0,0,0,0,0,0,0,0,0,0,0,0,0,0,0,0,0,0,1,0,0,0,0,1,0,0,0,1,0,0,0,0,1,0
16,1016.1,327.0,1.9,18.9,83.0,0.0,66.57513349118774,0,0,0,0,0,0,0,0,0,0,0,0,0,0,0,0,0,0,0,0,1,0,0,0,0,0,1,0,0,1,0,0,0,0,1,0
22,1015.8,14.0,2.3,19.3,79.0,0.0,65.63739777587547,0,0,0,0,0,0,0,0,0,0,0,0,0,0,0,0,0,0,0,0,0,1,0,0,1,0,0,0,0,1,0,0,0,0,1,0
16,1015.8,14.0,2.3,19.3,79.0,0.0,65.63739777587547,0,0,0,0,0,0,0,0,0,0,0,0,0,0,0,0,0,0,0,0,0,1,0,0,0,1,0,0,0,1,0,0,0,0,1,0
10,1015.8,14.0,2.3,19.3,79.0,0.0,65.63739777587547,0,0,0,0,0,0,0,0,0,0,0,0,0,0,0,0,0,0,0,0,0,1,0,0,0,0,1,0,0,1,0,0,0,0,1,0
8,1015.8,14.0,2.3,19.3,79.0,0.0,65.63739777587547,0,0,0,0,0,0,0,0,0,0,0,0,0,0,0,0,0,0,0,0,0,0,1,0,1,0,0,0,0,1,0,0,0,0,1,0
7,1015.8,14.0,2.3,19.3,79.0,0.0,65.63739777587547,0,0,0,0,0,0,0,0,0,0,0,0,0,0,0,0,0,0,0,0,0,0,1,0,0,1,0,0,0,1,0,0,0,0,1,0
10,1015.8,14.0,2.3,19.3,79.0,0.0,65.63739777587547,0,0,0,0,0,0,0,0,0,0,0,0,0,0,0,0,0,0,0,0,0,0,1,0,0,0,1,0,0,1,0,0,0,0,1,0
7,1015.8,14.0,2.3,19.3,79.0,0.0,65.63739777587547,0,0,0,0,0,0,0,0,0,0,0,0,0,0,0,0,0,0,0,0,0,0,0,1,1,0,0,0,0,1,0,0,0,0,1,0
4,1015.8,14.0,2.3,19.3,79.0,0.0,65.63739777587547,0,0,0,0,0,0,0,0,0,0,0,0,0,0,0,0,0,0,0,0,0,0,0,1,0,1,0,0,0,1,0,0,0,0,1,0
3,1015.8,14.0,2.3,19.3,79.0,0.0,65.63739777587547,0,0,0,0,0,0,0,0,0,0,0,0,0,0,0,0,0,0,0,0,0,0,0,1,0,0,1,0,0,1,0,0,0,0,1,0
5,1017.0,74.0,2.0,19.8,78.0,0.0,67.44262341587303,1,0,0,0,0,0,0,0,0,0,0,0,0,0,0,0,0,0,0,0,0,0,0,0,1,0,0,0,0,0,1,0,0,0,1,0
11,1017.0,74.0,2.0,19.8,78.0,0.0,67.44262341587303,1,0,0,0,0,0,0,0,0,0,0,0,0,0,0,0,0,0,0,0,0,0,0,0,0,1,0,0,0,0,1,0,0,0,1,0
7,1017.0,74.0,2.0,19.8,78.0,0.0,67.44262341587303,1,0,0,0,0,0,0,0,0,0,0,0,0,0,0,0,0,0,0,0,0,0,0,0,0,0,1,0,0,0,1,0,0,0,1,0
10,1017.0,74.0,2.0,19.8,78.0,0.0,67.44262341587303,0,1,0,0,0,0,0,0,0,0,0,0,0,0,0,0,0,0,0,0,0,0,0,0,1,0,0,0,0,0,1,0,0,0,1,0
11,1017.0,74.0,2.0,19.8,78.0,0.0,67.44262341587303,0,1,0,0,0,0,0,0,0,0,0,0,0,0,0,0,0,0,0,0,0,0,0,0,0,1,0,0,0,0,1,0,0,0,1,0
10,1017.0,74.0,2.0,19.8,78.0,0.0,67.44262341587303,0,1,0,0,0,0,0,0,0,0,0,0,0,0,0,0,0,0,0,0,0,0,0,0,0,0,1,0,0,0,1,0,0,0,1,0
7,1017.0,74.0,2.0,19.8,78.0,0.0,67.44262341587303,0,0,1,0,0,0,0,0,0,0,0,0,0,0,0,0,0,0,0,0,0,0,0,0,1,0,0,0,0,0,1,0,0,0,1,0
8,1017.0,74.0,2.0,19.8,78.0,0.0,67.44262341587303,0,0,1,0,0,0,0,0,0,0,0,0,0,0,0,0,0,0,0,0,0,0,0,0,0,1,0,0,0,0,1,0,0,0,1,0
7,1017.0,74.0,2.0,19.8,78.0,0.0,67.44262341587303,0,0,1,0,0,0,0,0,0,0,0,0,0,0,0,0,0,0,0,0,0,0,0,0,0,0,1,0,0,0,1,0,0,0,1,0
8,1017.6,39.0,3.7,21.4,64.0,0.0,63.45272905762712,0,0,0,1,0,0,0,0,0,0,0,0,0,0,0,0,0,0,0,0,0,0,0,0,1,0,0,0,0,0,1,0,0,0,1,0
8,1017.6,39.0,3.7,21.4,64.0,0.0,63.45272905762712,0,0,0,1,0,0,0,0,0,0,0,0,0,0,0,0,0,0,0,0,0,0,0,0,0,1,0,0,0,0,1,0,0,0,1,0
11,1017.6,39.0,3.7,21.4,64.0,0.0,63.45272905762712,0,0,0,1,0,0,0,0,0,0,0,0,0,0,0,0,0,0,0,0,0,0,0,0,0,0,1,0,0,0,1,0,0,0,1,0
10,1017.6,39.0,3.7,21.4,64.0,0.0,63.45272905762712,0,0,0,0,1,0,0,0,0,0,0,0,0,0,0,0,0,0,0,0,0,0,0,0,1,0,0,0,0,0,1,0,0,0,1,0
10,1017.6,39.0,3.7,21.4,64.0,0.0,63.45272905762712,0,0,0,0,1,0,0,0,0,0,0,0,0,0,0,0,0,0,0,0,0,0,0,0,0,1,0,0,0,0,1,0,0,0,1,0
12,1017.6,39.0,3.7,21.4,64.0,0.0,63.45272905762712,0,0,0,0,1,0,0,0,0,0,0,0,0,0,0,0,0,0,0,0,0,0,0,0,0,0,1,0,0,0,1,0,0,0,1,0
7,1017.6,39.0,3.7,21.4,64.0,0.0,63.45272905762712,0,0,0,0,0,1,0,0,0,0,0,0,0,0,0,0,0,0,0,0,0,0,0,0,1,0,0,0,0,0,1,0,0,0,1,0
2,1017.6,39.0,3.7,21.4,64.0,0.0,63.45272905762712,0,0,0,0,0,1,0,0,0,0,0,0,0,0,0,0,0,0,0,0,0,0,0,0,0,1,0,0,0,0,1,0,0,0,1,0
4,1017.6,39.0,3.7,21.4,64.0,0.0,63.45272905762712,0,0,0,0,0,1,0,0,0,0,0,0,0,0,0,0,0,0,0,0,0,0,0,0,0,0,1,0,0,0,1,0,0,0,1,0
17,1015.2,48.0,2.3,21.6,63.0,0.0,68.18904835555556,0,0,0,0,0,0,1,0,0,0,0,0,0,0,0,0,0,0,0,0,0,0,0,0,1,0,0,0,0,0,1,0,0,0,1,0
18,1015.2,48.0,2.3,21.6,63.0,0.0,68.18904835555556,0,0,0,0,0,0,1,0,0,0,0,0,0,0,0,0,0,0,0,0,0,0,0,0,0,1,0,0,0,0,1,0,0,0,1,0
32,1015.2,48.0,2.3,21.6,63.0,0.0,68.18904835555556,0,0,0,0,0,0,1,0,0,0,0,0,0,0,0,0,0,0,0,0,0,0,0,0,0,0,1,0,0,0,1,0,0,0,1,0
32,1015.2,48.0,2.3,21.6,63.0,0.0,68.18904835555556,0,0,0,0,0,0,0,1,0,0,0,0,0,0,0,0,0,0,0,0,0,0,0,0,1,0,0,0,0,0,1,0,0,0,1,0
44,1015.2,48.0,2.3,21.6,63.0,0.0,68.18904835555556,0,0,0,0,0,0,0,1,0,0,0,0,0,0,0,0,0,0,0,0,0,0,0,0,0,1,0,0,0,0,1,0,0,0,1,0
49,1015.2,48.0,2.3,21.6,63.0,0.0,68.18904835555556,0,0,0,0,0,0,0,1,0,0,0,0,0,0,0,0,0,0,0,0,0,0,0,0,0,0,1,0,0,0,1,0,0,0,1,0
51,1015.2,48.0,2.3,21.6,63.0,0.0,68.18904835555556,0,0,0,0,0,0,0,0,1,0,0,0,0,0,0,0,0,0,0,0,0,0,0,0,1,0,0,0,0,0,1,0,0,0,1,0
59,1015.2,48.0,2.3,21.6,63.0,0.0,68.18904835555556,0,0,0,0,0,0,0,0,1,0,0,0,0,0,0,0,0,0,0,0,0,0,0,0,0,1,0,0,0,0,1,0,0,0,1,0
42,1015.2,48.0,2.3,21.6,63.0,0.0,68.18904835555556,0,0,0,0,0,0,0,0,1,0,0,0,0,0,0,0,0,0,0,0,0,0,0,0,0,0,1,0,0,0,1,0,0,0,1,0
65,1015.3,46.0,2.3,21.3,61.0,0.0,67.40573000675106,0,0,0,0,0,0,0,0,0,1,0,0,0,0,0,0,0,0,0,0,0,0,0,0,1,0,0,0,0,0,1,0,0,0,1,0
46,1015.3,46.0,2.3,21.3,61.0,0.0,67.40573000675106,0,0,0,0,0,0,0,0,0,1,0,0,0,0,0,0,0,0,0,0,0,0,0,0,0,1,0,0,0,0,1,0,0,0,1,0
59,1015.3,46.0,2.3,21.3,61.0,0.0,67.40573000675106,0,0,0,0,0,0,0,0,0,1,0,0,0,0,0,0,0,0,0,0,0,0,0,0,0,0,1,0,0,0,1,0,0,0,1,0
56,1015.3,46.0,2.3,21.3,61.0,0.0,67.40573000675106,0,0,0,0,0,0,0,0,0,0,1,0,0,0,0,0,0,0,0,0,0,0,0,0,1,0,0,0,0,0,1,0,0,0,1,0
44,1015.3,46.0,2.3,21.3,61.0,0.0,67.40573000675106,0,0,0,0,0,0,0,0,0,0,1,0,0,0,0,0,0,0,0,0,0,0,0,0,0,1,0,0,0,0,1,0,0,0,1,0
34,1015.3,46.0,2.3,21.3,61.0,0.0,67.40573000675106,0,0,0,0,0,0,0,0,0,0,1,0,0,0,0,0,0,0,0,0,0,0,0,0,0,0,1,0,0,0,1,0,0,0,1,0
28,1015.3,46.0,2.3,21.3,61.0,0.0,67.40573000675106,0,0,0,0,0,0,0,0,0,0,0,1,0,0,0,0,0,0,0,0,0,0,0,0,1,0,0,0,0,0,1,0,0,0,1,0
34,1015.3,46.0,2.3,21.3,61.0,0.0,67.40573000675106,0,0,0,0,0,0,0,0,0,0,0,1,0,0,0,0,0,0,0,0,0,0,0,0,0,1,0,0,0,0,1,0,0,0,1,0
35,1015.3,46.0,2.3,21.3,61.0,0.0,67.40573000675106,0,0,0,0,0,0,0,0,0,0,0,1,0,0,0,0,0,0,0,0,0,0,0,0,0,0,1,0,0,0,1,0,0,0,1,0
49,1016.8,24.0,2.2,20.3,69.0,0.0,66.76325298947367,0,0,0,0,0,0,0,0,0,0,0,0,1,0,0,0,0,0,0,0,0,0,0,0,1,0,0,0,0,0,1,0,0,0,1,0
46,1016.8,24.0,2.2,20.3,69.0,0.0,66.76325298947367,0,0,0,0,0,0,0,0,0,0,0,0,1,0,0,0,0,0,0,0,0,0,0,0,0,1,0,0,0,0,1,0,0,0,1,0
39,1016.8,24.0,2.2,20.3,69.0,0.0,66.76325298947367,0,0,0,0,0,0,0,0,0,0,0,0,1,0,0,0,0,0,0,0,0,0,0,0,0,0,1,0,0,0,1,0,0,0,1,0
58,1016.8,24.0,2.2,20.3,69.0,0.0,66.76325298947367,0,0,0,0,0,0,0,0,0,0,0,0,0,1,0,0,0,0,0,0,0,0,0,0,1,0,0,0,0,0,1,0,0,0,1,0
46,1016.8,24.0,2.2,20.3,69.0,0.0,66.76325298947367,0,0,0,0,0,0,0,0,0,0,0,0,0,1,0,0,0,0,0,0,0,0,0,0,0,1,0,0,0,0,1,0,0,0,1,0
44,1016.8,24.0,2.2,20.3,69.0,0.0,66.76325298947367,0,0,0,0,0,0,0,0,0,0,0,0,0,1,0,0,0,0,0,0,0,0,0,0,0,0,1,0,0,0,1,0,0,0,1,0
44,1016.8,24.0,2.2,20.3,69.0,0.0,66.76325298947367,0,0,0,0,0,0,0,0,0,0,0,0,0,0,1,0,0,0,0,0,0,0,0,0,1,0,0,0,0,0,1,0,0,0,1,0
51,1016.8,24.0,2.2,20.3,69.0,0.0,66.76325298947367,0,0,0,0,0,0,0,0,0,0,0,0,0,0,1,0,0,0,0,0,0,0,0,0,0,1,0,0,0,0,1,0,0,0,1,0
43,1016.8,24.0,2.2,20.3,69.0,0.0,66.76325298947367,0,0,0,0,0,0,0,0,0,0,0,0,0,0,1,0,0,0,0,0,0,0,0,0,0,0,1,0,0,0,1,0,0,0,1,0
48,1016.6,41.0,1.8,19.8,71.0,0.0,67.32415381587302,0,0,0,0,0,0,0,0,0,0,0,0,0,0,0,1,0,0,0,0,0,0,0,0,1,0,0,0,0,0,1,0,0,0,1,0
43,1016.6,41.0,1.8,19.8,71.0,0.0,67.32415381587302,0,0,0,0,0,0,0,0,0,0,0,0,0,0,0,1,0,0,0,0,0,0,0,0,0,1,0,0,0,0,1,0,0,0,1,0
33,1016.6,41.0,1.8,19.8,71.0,0.0,67.32415381587302,0,0,0,0,0,0,0,0,0,0,0,0,0,0,0,1,0,0,0,0,0,0,0,0,0,0,1,0,0,0,1,0,0,0,1,0
44,1016.6,41.0,1.8,19.8,71.0,0.0,67.32415381587302,0,0,0,0,0,0,0,0,0,0,0,0,0,0,0,0,1,0,0,0,0,0,0,0,1,0,0,0,0,0,1,0,0,0,1,0
48,1016.6,41.0,1.8,19.8,71.0,0.0,67.32415381587302,0,0,0,0,0,0,0,0,0,0,0,0,0,0,0,0,1,0,0,0,0,0,0,0,0,1,0,0,0,0,1,0,0,0,1,0
50,1016.6,41.0,1.8,19.8,71.0,0.0,67.32415381587302,0,0,0,0,0,0,0,0,0,0,0,0,0,0,0,0,1,0,0,0,0,0,0,0,0,0,1,0,0,0,1,0,0,0,1,0
54,1016.6,41.0,1.8,19.8,71.0,0.0,67.32415381587302,0,0,0,0,0,0,0,0,0,0,0,0,0,0,0,0,0,1,0,0,0,0,0,0,1,0,0,0,0,0,1,0,0,0,1,0
45,1016.6,41.0,1.8,19.8,71.0,0.0,67.32415381587302,0,0,0,0,0,0,0,0,0,0,0,0,0,0,0,0,0,1,0,0,0,0,0,0,0,1,0,0,0,0,1,0,0,0,1,0
39,1016.6,41.0,1.8,19.8,71.0,0.0,67.32415381587302,0,0,0,0,0,0,0,0,0,0,0,0,0,0,0,0,0,1,0,0,0,0,0,0,0,0,1,0,0,0,1,0,0,0,1,0
34,1015.8,352.0,1.5,19.1,75.0,0.0,67.3928445019305,0,0,0,0,0,0,0,0,0,0,0,0,0,0,0,0,0,0,1,0,0,0,0,0,1,0,0,0,0,0,1,0,0,0,1,0
33,1015.8,352.0,1.5,19.1,75.0,0.0,67.3928445019305,0,0,0,0,0,0,0,0,0,0,0,0,0,0,0,0,0,0,1,0,0,0,0,0,0,1,0,0,0,0,1,0,0,0,1,0
23,1015.8,352.0,1.5,19.1,75.0,0.0,67.3928445019305,0,0,0,0,0,0,0,0,0,0,0,0,0,0,0,0,0,0,1,0,0,0,0,0,0,0,1,0,0,0,1,0,0,0,1,0
17,1015.8,352.0,1.5,19.1,75.0,0.0,67.3928445019305,0,0,0,0,0,0,0,0,0,0,0,0,0,0,0,0,0,0,0,1,0,0,0,0,1,0,0,0,0,0,1,0,0,0,1,0
19,1015.8,352.0,1.5,19.1,75.0,0.0,67.3928445019305,0,0,0,0,0,0,0,0,0,0,0,0,0,0,0,0,0,0,0,1,0,0,0,0,0,1,0,0,0,0,1,0,0,0,1,0
21,1015.8,352.0,1.5,19.1,75.0,0.0,67.3928445019305,0,0,0,0,0,0,0,0,0,0,0,0,0,0,0,0,0,0,0,1,0,0,0,0,0,0,1,0,0,0,1,0,0,0,1,0
17,1015.8,352.0,1.5,19.1,75.0,0.0,67.3928445019305,0,0,0,0,0,0,0,0,0,0,0,0,0,0,0,0,0,0,0,0,1,0,0,0,1,0,0,0,0,0,1,0,0,0,1,0
18,1015.8,352.0,1.5,19.1,75.0,0.0,67.3928445019305,0,0,0,0,0,0,0,0,0,0,0,0,0,0,0,0,0,0,0,0,1,0,0,0,0,1,0,0,0,0,1,0,0,0,1,0
18,1015.8,352.0,1.5,19.1,75.0,0.0,67.3928445019305,0,0,0,0,0,0,0,0,0,0,0,0,0,0,0,0,0,0,0,0,1,0,0,0,0,0,1,0,0,0,1,0,0,0,1,0
18,1015.9,352.0,2.5,18.0,89.0,0.3,63.537913481481475,0,0,0,0,0,0,0,0,0,0,0,0,0,0,0,0,0,0,0,0,0,1,0,0,1,0,0,0,0,0,1,0,0,0,1,0
18,1015.9,352.0,2.5,18.0,89.0,0.3,63.537913481481475,0,0,0,0,0,0,0,0,0,0,0,0,0,0,0,0,0,0,0,0,0,1,0,0,0,1,0,0,0,0,1,0,0,0,1,0
16,1015.9,352.0,2.5,18.0,89.0,0.3,63.537913481481475,0,0,0,0,0,0,0,0,0,0,0,0,0,0,0,0,0,0,0,0,0,1,0,0,0,0,1,0,0,0,1,0,0,0,1,0
9,1015.9,352.0,2.5,18.0,89.0,0.3,63.537913481481475,0,0,0,0,0,0,0,0,0,0,0,0,0,0,0,0,0,0,0,0,0,0,1,0,1,0,0,0,0,0,1,0,0,0,1,0
11,1015.9,352.0,2.5,18.0,89.0,0.3,63.537913481481475,0,0,0,0,0,0,0,0,0,0,0,0,0,0,0,0,0,0,0,0,0,0,1,0,0,1,0,0,0,0,1,0,0,0,1,0
6,1015.9,352.0,2.5,18.0,89.0,0.3,63.537913481481475,0,0,0,0,0,0,0,0,0,0,0,0,0,0,0,0,0,0,0,0,0,0,1,0,0,0,1,0,0,0,1,0,0,0,1,0
3,1015.9,352.0,2.5,18.0,89.0,0.3,63.537913481481475,0,0,0,0,0,0,0,0,0,0,0,0,0,0,0,0,0,0,0,0,0,0,0,1,1,0,0,0,0,0,1,0,0,0,1,0
11,1015.9,352.0,2.5,18.0,89.0,0.3,63.537913481481475,0,0,0,0,0,0,0,0,0,0,0,0,0,0,0,0,0,0,0,0,0,0,0,1,0,1,0,0,0,0,1,0,0,0,1,0
9,1015.9,352.0,2.5,18.0,89.0,0.3,63.537913481481475,0,0,0,0,0,0,0,0,0,0,0,0,0,0,0,0,0,0,0,0,0,0,0,1,0,0,1,0,0,0,1,0,0,0,1,0
15,1017.4,46.0,3.0,18.4,88.0,0.0,62.61126900451129,1,0,0,0,0,0,0,0,0,0,0,0,0,0,0,0,0,0,0,0,0,0,0,0,1,0,0,0,0,0,0,1,0,0,1,0
15,1017.4,46.0,3.0,18.4,88.0,0.0,62.61126900451129,1,0,0,0,0,0,0,0,0,0,0,0,0,0,0,0,0,0,0,0,0,0,0,0,0,1,0,0,0,0,0,1,0,0,1,0
8,1017.4,46.0,3.0,18.4,88.0,0.0,62.61126900451129,1,0,0,0,0,0,0,0,0,0,0,0,0,0,0,0,0,0,0,0,0,0,0,0,0,0,1,0,0,0,0,1,0,0,1,0
6,1017.4,46.0,3.0,18.4,88.0,0.0,62.61126900451129,0,1,0,0,0,0,0,0,0,0,0,0,0,0,0,0,0,0,0,0,0,0,0,0,1,0,0,0,0,0,0,1,0,0,1,0
11,1017.4,46.0,3.0,18.4,88.0,0.0,62.61126900451129,0,1,0,0,0,0,0,0,0,0,0,0,0,0,0,0,0,0,0,0,0,0,0,0,0,1,0,0,0,0,0,1,0,0,1,0
12,1017.4,46.0,3.0,18.4,88.0,0.0,62.61126900451129,0,1,0,0,0,0,0,0,0,0,0,0,0,0,0,0,0,0,0,0,0,0,0,0,0,0,1,0,0,0,0,1,0,0,1,0
7,1017.4,46.0,3.0,18.4,88.0,0.0,62.61126900451129,0,0,1,0,0,0,0,0,0,0,0,0,0,0,0,0,0,0,0,0,0,0,0,0,1,0,0,0,0,0,0,1,0,0,1,0
5,1017.4,46.0,3.0,18.4,88.0,0.0,62.61126900451129,0,0,1,0,0,0,0,0,0,0,0,0,0,0,0,0,0,0,0,0,0,0,0,0,0,1,0,0,0,0,0,1,0,0,1,0
12,1017.4,46.0,3.0,18.4,88.0,0.0,62.61126900451129,0,0,1,0,0,0,0,0,0,0,0,0,0,0,0,0,0,0,0,0,0,0,0,0,0,0,1,0,0,0,0,1,0,0,1,0
4,1017.8,2.0,1.6,18.8,82.0,0.0,67.23835280610686,0,0,0,1,0,0,0,0,0,0,0,0,0,0,0,0,0,0,0,0,0,0,0,0,1,0,0,0,0,0,0,1,0,0,1,0
3,1017.8,2.0,1.6,18.8,82.0,0.0,67.23835280610686,0,0,0,1,0,0,0,0,0,0,0,0,0,0,0,0,0,0,0,0,0,0,0,0,0,1,0,0,0,0,0,1,0,0,1,0
8,1017.8,2.0,1.6,18.8,82.0,0.0,67.23835280610686,0,0,0,1,0,0,0,0,0,0,0,0,0,0,0,0,0,0,0,0,0,0,0,0,0,0,1,0,0,0,0,1,0,0,1,0
12,1017.8,2.0,1.6,18.8,82.0,0.0,67.23835280610686,0,0,0,0,1,0,0,0,0,0,0,0,0,0,0,0,0,0,0,0,0,0,0,0,1,0,0,0,0,0,0,1,0,0,1,0
13,1017.8,2.0,1.6,18.8,82.0,0.0,67.23835280610686,0,0,0,0,1,0,0,0,0,0,0,0,0,0,0,0,0,0,0,0,0,0,0,0,0,1,0,0,0,0,0,1,0,0,1,0
6,1017.8,2.0,1.6,18.8,82.0,0.0,67.23835280610686,0,0,0,0,1,0,0,0,0,0,0,0,0,0,0,0,0,0,0,0,0,0,0,0,0,0,1,0,0,0,0,1,0,0,1,0
3,1017.8,2.0,1.6,18.8,82.0,0.0,67.23835280610686,0,0,0,0,0,1,0,0,0,0,0,0,0,0,0,0,0,0,0,0,0,0,0,0,1,0,0,0,0,0,0,1,0,0,1,0
7,1017.8,2.0,1.6,18.8,82.0,0.0,67.23835280610686,0,0,0,0,0,1,0,0,0,0,0,0,0,0,0,0,0,0,0,0,0,0,0,0,0,1,0,0,0,0,0,1,0,0,1,0
8,1017.8,2.0,1.6,18.8,82.0,0.0,67.23835280610686,0,0,0,0,0,1,0,0,0,0,0,0,0,0,0,0,0,0,0,0,0,0,0,0,0,0,1,0,0,0,0,1,0,0,1,0
14,1015.8,359.0,1.9,18.5,84.0,0.0,65.91059003773586,0,0,0,0,0,0,1,0,0,0,0,0,0,0,0,0,0,0,0,0,0,0,0,0,1,0,0,0,0,0,0,1,0,0,1,0
20,1015.8,359.0,1.9,18.5,84.0,0.0,65.91059003773586,0,0,0,0,0,0,1,0,0,0,0,0,0,0,0,0,0,0,0,0,0,0,0,0,0,1,0,0,0,0,0,1,0,0,1,0
20,1015.8,359.0,1.9,18.5,84.0,0.0,65.91059003773586,0,0,0,0,0,0,1,0,0,0,0,0,0,0,0,0,0,0,0,0,0,0,0,0,0,0,1,0,0,0,0,1,0,0,1,0
23,1015.8,359.0,1.9,18.5,84.0,0.0,65.91059003773586,0,0,0,0,0,0,0,1,0,0,0,0,0,0,0,0,0,0,0,0,0,0,0,0,1,0,0,0,0,0,0,1,0,0,1,0
28,1015.8,359.0,1.9,18.5,84.0,0.0,65.91059003773586,0,0,0,0,0,0,0,1,0,0,0,0,0,0,0,0,0,0,0,0,0,0,0,0,0,1,0,0,0,0,0,1,0,0,1,0
30,1015.8,359.0,1.9,18.5,84.0,0.0,65.91059003773586,0,0,0,0,0,0,0,1,0,0,0,0,0,0,0,0,0,0,0,0,0,0,0,0,0,0,1,0,0,0,0,1,0,0,1,0
34,1015.8,359.0,1.9,18.5,84.0,0.0,65.91059003773586,0,0,0,0,0,0,0,0,1,0,0,0,0,0,0,0,0,0,0,0,0,0,0,0,1,0,0,0,0,0,0,1,0,0,1,0
59,1015.8,359.0,1.9,18.5,84.0,0.0,65.91059003773586,0,0,0,0,0,0,0,0,1,0,0,0,0,0,0,0,0,0,0,0,0,0,0,0,0,1,0,0,0,0,0,1,0,0,1,0
46,1015.8,359.0,1.9,18.5,84.0,0.0,65.91059003773586,0,0,0,0,0,0,0,0,1,0,0,0,0,0,0,0,0,0,0,0,0,0,0,0,0,0,1,0,0,0,0,1,0,0,1,0
44,1015.5,349.0,2.0,18.2,81.0,0.0,64.70591382686568,0,0,0,0,0,0,0,0,0,1,0,0,0,0,0,0,0,0,0,0,0,0,0,0,1,0,0,0,0,0,0,1,0,0,1,0
48,1015.5,349.0,2.0,18.2,81.0,0.0,64.70591382686568,0,0,0,0,0,0,0,0,0,1,0,0,0,0,0,0,0,0,0,0,0,0,0,0,0,1,0,0,0,0,0,1,0,0,1,0
45,1015.5,349.0,2.0,18.2,81.0,0.0,64.70591382686568,0,0,0,0,0,0,0,0,0,1,0,0,0,0,0,0,0,0,0,0,0,0,0,0,0,0,1,0,0,0,0,1,0,0,1,0
53,1015.5,349.0,2.0,18.2,81.0,0.0,64.70591382686568,0,0,0,0,0,0,0,0,0,0,1,0,0,0,0,0,0,0,0,0,0,0,0,0,1,0,0,0,0,0,0,1,0,0,1,0
47,1015.5,349.0,2.0,18.2,81.0,0.0,64.70591382686568,0,0,0,0,0,0,0,0,0,0,1,0,0,0,0,0,0,0,0,0,0,0,0,0,0,1,0,0,0,0,0,1,0,0,1,0
43,1015.5,349.0,2.0,18.2,81.0,0.0,64.70591382686568,0,0,0,0,0,0,0,0,0,0,1,0,0,0,0,0,0,0,0,0,0,0,0,0,0,0,1,0,0,0,0,1,0,0,1,0
43,1015.5,349.0,2.0,18.2,81.0,0.0,64.70591382686568,0,0,0,0,0,0,0,0,0,0,0,1,0,0,0,0,0,0,0,0,0,0,0,0,1,0,0,0,0,0,0,1,0,0,1,0
41,1015.5,349.0,2.0,18.2,81.0,0.0,64.70591382686568,0,0,0,0,0,0,0,0,0,0,0,1,0,0,0,0,0,0,0,0,0,0,0,0,0,1,0,0,0,0,0,1,0,0,1,0
41,1015.5,349.0,2.0,18.2,81.0,0.0,64.70591382686568,0,0,0,0,0,0,0,0,0,0,0,1,0,0,0,0,0,0,0,0,0,0,0,0,0,0,1,0,0,0,0,1,0,0,1,0
24,1016.5,1.0,1.4,18.3,83.0,0.0,67.0229637857678,0,0,0,0,0,0,0,0,0,0,0,0,1,0,0,0,0,0,0,0,0,0,0,0,1,0,0,0,0,0,0,1,0,0,1,0
42,1016.5,1.0,1.4,18.3,83.0,0.0,67.0229637857678,0,0,0,0,0,0,0,0,0,0,0,0,1,0,0,0,0,0,0,0,0,0,0,0,0,1,0,0,0,0,0,1,0,0,1,0
54,1016.5,1.0,1.4,18.3,83.0,0.0,67.0229637857678,0,0,0,0,0,0,0,0,0,0,0,0,1,0,0,0,0,0,0,0,0,0,0,0,0,0,1,0,0,0,0,1,0,0,1,0
58,1016.5,1.0,1.4,18.3,83.0,0.0,67.0229637857678,0,0,0,0,0,0,0,0,0,0,0,0,0,1,0,0,0,0,0,0,0,0,0,0,1,0,0,0,0,0,0,1,0,0,1,0
53,1016.5,1.0,1.4,18.3,83.0,0.0,67.0229637857678,0,0,0,0,0,0,0,0,0,0,0,0,0,1,0,0,0,0,0,0,0,0,0,0,0,1,0,0,0,0,0,1,0,0,1,0
44,1016.5,1.0,1.4,18.3,83.0,0.0,67.0229637857678,0,0,0,0,0,0,0,0,0,0,0,0,0,1,0,0,0,0,0,0,0,0,0,0,0,0,1,0,0,0,0,1,0,0,1,0
66,1016.5,1.0,1.4,18.3,83.0,0.0,67.0229637857678,0,0,0,0,0,0,0,0,0,0,0,0,0,0,1,0,0,0,0,0,0,0,0,0,1,0,0,0,0,0,0,1,0,0,1,0
66,1016.5,1.0,1.4,18.3,83.0,0.0,67.0229637857678,0,0,0,0,0,0,0,0,0,0,0,0,0,0,1,0,0,0,0,0,0,0,0,0,0,1,0,0,0,0,0,1,0,0,1,0
50,1016.5,1.0,1.4,18.3,83.0,0.0,67.0229637857678,0,0,0,0,0,0,0,0,0,0,0,0,0,0,1,0,0,0,0,0,0,0,0,0,0,0,1,0,0,0,0,1,0,0,1,0
76,1015.9,354.0,1.8,18.2,87.0,0.0,65.96112502686569,0,0,0,0,0,0,0,0,0,0,0,0,0,0,0,1,0,0,0,0,0,0,0,0,1,0,0,0,0,0,0,1,0,0,1,0
66,1015.9,354.0,1.8,18.2,87.0,0.0,65.96112502686569,0,0,0,0,0,0,0,0,0,0,0,0,0,0,0,1,0,0,0,0,0,0,0,0,0,1,0,0,0,0,0,1,0,0,1,0
70,1015.9,354.0,1.8,18.2,87.0,0.0,65.96112502686569,0,0,0,0,0,0,0,0,0,0,0,0,0,0,0,1,0,0,0,0,0,0,0,0,0,0,1,0,0,0,0,1,0,0,1,0
63,1015.9,354.0,1.8,18.2,87.0,0.0,65.96112502686569,0,0,0,0,0,0,0,0,0,0,0,0,0,0,0,0,1,0,0,0,0,0,0,0,1,0,0,0,0,0,0,1,0,0,1,0
71,1015.9,354.0,1.8,18.2,87.0,0.0,65.96112502686569,0,0,0,0,0,0,0,0,0,0,0,0,0,0,0,0,1,0,0,0,0,0,0,0,0,1,0,0,0,0,0,1,0,0,1,0
62,1015.9,354.0,1.8,18.2,87.0,0.0,65.96112502686569,0,0,0,0,0,0,0,0,0,0,0,0,0,0,0,0,1,0,0,0,0,0,0,0,0,0,1,0,0,0,0,1,0,0,1,0
44,1015.9,354.0,1.8,18.2,87.0,0.0,65.96112502686569,0,0,0,0,0,0,0,0,0,0,0,0,0,0,0,0,0,1,0,0,0,0,0,0,1,0,0,0,0,0,0,1,0,0,1,0
47,1015.9,354.0,1.8,18.2,87.0,0.0,65.96112502686569,0,0,0,0,0,0,0,0,0,0,0,0,0,0,0,0,0,1,0,0,0,0,0,0,0,1,0,0,0,0,0,1,0,0,1,0
39,1015.9,354.0,1.8,18.2,87.0,0.0,65.96112502686569,0,0,0,0,0,0,0,0,0,0,0,0,0,0,0,0,0,1,0,0,0,0,0,0,0,0,1,0,0,0,0,1,0,0,1,0
35,1015.4,202.0,1.1,18.4,89.0,0.0,68.79453140451128,0,0,0,0,0,0,0,0,0,0,0,0,0,0,0,0,0,0,1,0,0,0,0,0,1,0,0,0,0,0,0,1,0,0,1,0
30,1015.4,202.0,1.1,18.4,89.0,0.0,68.79453140451128,0,0,0,0,0,0,0,0,0,0,0,0,0,0,0,0,0,0,1,0,0,0,0,0,0,1,0,0,0,0,0,1,0,0,1,0
43,1015.4,202.0,1.1,18.4,89.0,0.0,68.79453140451128,0,0,0,0,0,0,0,0,0,0,0,0,0,0,0,0,0,0,1,0,0,0,0,0,0,0,1,0,0,0,0,1,0,0,1,0
43,1015.4,202.0,1.1,18.4,89.0,0.0,68.79453140451128,0,0,0,0,0,0,0,0,0,0,0,0,0,0,0,0,0,0,0,1,0,0,0,0,1,0,0,0,0,0,0,1,0,0,1,0
36,1015.4,202.0,1.1,18.4,89.0,0.0,68.79453140451128,0,0,0,0,0,0,0,0,0,0,0,0,0,0,0,0,0,0,0,1,0,0,0,0,0,1,0,0,0,0,0,1,0,0,1,0
30,1015.4,202.0,1.1,18.4,89.0,0.0,68.79453140451128,0,0,0,0,0,0,0,0,0,0,0,0,0,0,0,0,0,0,0,1,0,0,0,0,0,0,1,0,0,0,0,1,0,0,1,0
32,1015.4,202.0,1.1,18.4,89.0,0.0,68.79453140451128,0,0,0,0,0,0,0,0,0,0,0,0,0,0,0,0,0,0,0,0,1,0,0,0,1,0,0,0,0,0,0,1,0,0,1,0
21,1015.4,202.0,1.1,18.4,89.0,0.0,68.79453140451128,0,0,0,0,0,0,0,0,0,0,0,0,0,0,0,0,0,0,0,0,1,0,0,0,0,1,0,0,0,0,0,1,0,0,1,0
29,1015.4,202.0,1.1,18.4,89.0,0.0,68.79453140451128,0,0,0,0,0,0,0,0,0,0,0,0,0,0,0,0,0,0,0,0,1,0,0,0,0,0,1,0,0,0,0,1,0,0,1,0
15,1015.2,360.0,2.3,18.5,90.0,0.0,65.25234603773585,0,0,0,0,0,0,0,0,0,0,0,0,0,0,0,0,0,0,0,0,0,1,0,0,1,0,0,0,0,0,0,1,0,0,1,0
18,1015.2,360.0,2.3,18.5,90.0,0.0,65.25234603773585,0,0,0,0,0,0,0,0,0,0,0,0,0,0,0,0,0,0,0,0,0,1,0,0,0,1,0,0,0,0,0,1,0,0,1,0
14,1015.2,360.0,2.3,18.5,90.0,0.0,65.25234603773585,0,0,0,0,0,0,0,0,0,0,0,0,0,0,0,0,0,0,0,0,0,1,0,0,0,0,1,0,0,0,0,1,0,0,1,0
13,1015.2,360.0,2.3,18.5,90.0,0.0,65.25234603773585,0,0,0,0,0,0,0,0,0,0,0,0,0,0,0,0,0,0,0,0,0,0,1,0,1,0,0,0,0,0,0,1,0,0,1,0
15,1015.2,360.0,2.3,18.5,90.0,0.0,65.25234603773585,0,0,0,0,0,0,0,0,0,0,0,0,0,0,0,0,0,0,0,0,0,0,1,0,0,1,0,0,0,0,0,1,0,0,1,0
10,1015.2,360.0,2.3,18.5,90.0,0.0,65.25234603773585,0,0,0,0,0,0,0,0,0,0,0,0,0,0,0,0,0,0,0,0,0,0,1,0,0,0,1,0,0,0,0,1,0,0,1,0
8,1015.2,360.0,2.3,18.5,90.0,0.0,65.25234603773585,0,0,0,0,0,0,0,0,0,0,0,0,0,0,0,0,0,0,0,0,0,0,0,1,1,0,0,0,0,0,0,1,0,0,1,0
14,1015.2,360.0,2.3,18.5,90.0,0.0,65.25234603773585,0,0,0,0,0,0,0,0,0,0,0,0,0,0,0,0,0,0,0,0,0,0,0,1,0,1,0,0,0,0,0,1,0,0,1,0
5,1015.2,360.0,2.3,18.5,90.0,0.0,65.25234603773585,0,0,0,0,0,0,0,0,0,0,0,0,0,0,0,0,0,0,0,0,0,0,0,1,0,0,1,0,0,0,0,1,0,0,1,0
8,1016.5,35.0,2.0,19.0,95.0,0.0,67.71254,1,0,0,0,0,0,0,0,0,0,0,0,0,0,0,0,0,0,0,0,0,0,0,0,1,0,0,0,0,0,0,0,1,0,0,1
9,1016.5,35.0,2.0,19.0,95.0,0.0,67.71254,1,0,0,0,0,0,0,0,0,0,0,0,0,0,0,0,0,0,0,0,0,0,0,0,0,1,0,0,0,0,0,0,1,0,0,1
10,1016.5,35.0,2.0,19.0,95.0,0.0,67.71254,1,0,0,0,0,0,0,0,0,0,0,0,0,0,0,0,0,0,0,0,0,0,0,0,0,0,1,0,0,0,0,0,1,0,0,1
9,1016.5,35.0,2.0,19.0,95.0,0.0,67.71254,0,1,0,0,0,0,0,0,0,0,0,0,0,0,0,0,0,0,0,0,0,0,0,0,1,0,0,0,0,0,0,0,1,0,0,1
8,1016.5,35.0,2.0,19.0,95.0,0.0,67.71254,0,1,0,0,0,0,0,0,0,0,0,0,0,0,0,0,0,0,0,0,0,0,0,0,0,1,0,0,0,0,0,0,1,0,0,1
9,1016.5,35.0,2.0,19.0,95.0,0.0,67.71254,0,1,0,0,0,0,0,0,0,0,0,0,0,0,0,0,0,0,0,0,0,0,0,0,0,0,1,0,0,0,0,0,1,0,0,1
11,1016.5,35.0,2.0,19.0,95.0,0.0,67.71254,0,0,1,0,0,0,0,0,0,0,0,0,0,0,0,0,0,0,0,0,0,0,0,0,1,0,0,0,0,0,0,0,1,0,0,1
8,1016.5,35.0,2.0,19.0,95.0,0.0,67.71254,0,0,1,0,0,0,0,0,0,0,0,0,0,0,0,0,0,0,0,0,0,0,0,0,0,1,0,0,0,0,0,0,1,0,0,1
5,1016.5,35.0,2.0,19.0,95.0,0.0,67.71254,0,0,1,0,0,0,0,0,0,0,0,0,0,0,0,0,0,0,0,0,0,0,0,0,0,0,1,0,0,0,0,0,1,0,0,1
6,1015.8,357.0,1.1,19.8,94.0,0.6,72.05626821587302,0,0,0,1,0,0,0,0,0,0,0,0,0,0,0,0,0,0,0,0,0,0,0,0,1,0,0,0,0,0,0,0,1,0,0,1
9,1015.8,357.0,1.1,19.8,94.0,0.6,72.05626821587302,0,0,0,1,0,0,0,0,0,0,0,0,0,0,0,0,0,0,0,0,0,0,0,0,0,1,0,0,0,0,0,0,1,0,0,1
9,1015.8,357.0,1.1,19.8,94.0,0.6,72.05626821587302,0,0,0,1,0,0,0,0,0,0,0,0,0,0,0,0,0,0,0,0,0,0,0,0,0,0,1,0,0,0,0,0,1,0,0,1
9,1015.8,357.0,1.1,19.8,94.0,0.6,72.05626821587302,0,0,0,0,1,0,0,0,0,0,0,0,0,0,0,0,0,0,0,0,0,0,0,0,1,0,0,0,0,0,0,0,1,0,0,1
9,1015.8,357.0,1.1,19.8,94.0,0.6,72.05626821587302,0,0,0,0,1,0,0,0,0,0,0,0,0,0,0,0,0,0,0,0,0,0,0,0,0,1,0,0,0,0,0,0,1,0,0,1
11,1015.8,357.0,1.1,19.8,94.0,0.6,72.05626821587302,0,0,0,0,1,0,0,0,0,0,0,0,0,0,0,0,0,0,0,0,0,0,0,0,0,0,1,0,0,0,0,0,1,0,0,1
10,1015.8,357.0,1.1,19.8,94.0,0.6,72.05626821587302,0,0,0,0,0,1,0,0,0,0,0,0,0,0,0,0,0,0,0,0,0,0,0,0,1,0,0,0,0,0,0,0,1,0,0,1
7,1015.8,357.0,1.1,19.8,94.0,0.6,72.05626821587302,0,0,0,0,0,1,0,0,0,0,0,0,0,0,0,0,0,0,0,0,0,0,0,0,0,1,0,0,0,0,0,0,1,0,0,1
9,1015.8,357.0,1.1,19.8,94.0,0.6,72.05626821587302,0,0,0,0,0,1,0,0,0,0,0,0,0,0,0,0,0,0,0,0,0,0,0,0,0,0,1,0,0,0,0,0,1,0,0,1
10,1013.7,334.0,1.5,20.3,96.0,0.1,71.97786458947371,0,0,0,0,0,0,1,0,0,0,0,0,0,0,0,0,0,0,0,0,0,0,0,0,1,0,0,0,0,0,0,0,1,0,0,1
19,1013.7,334.0,1.5,20.3,96.0,0.1,71.97786458947371,0,0,0,0,0,0,1,0,0,0,0,0,0,0,0,0,0,0,0,0,0,0,0,0,0,1,0,0,0,0,0,0,1,0,0,1
31,1013.7,334.0,1.5,20.3,96.0,0.1,71.97786458947371,0,0,0,0,0,0,1,0,0,0,0,0,0,0,0,0,0,0,0,0,0,0,0,0,0,0,1,0,0,0,0,0,1,0,0,1
39,1013.7,334.0,1.5,20.3,96.0,0.1,71.97786458947371,0,0,0,0,0,0,0,1,0,0,0,0,0,0,0,0,0,0,0,0,0,0,0,0,1,0,0,0,0,0,0,0,1,0,0,1
53,1013.7,334.0,1.5,20.3,96.0,0.1,71.97786458947371,0,0,0,0,0,0,0,1,0,0,0,0,0,0,0,0,0,0,0,0,0,0,0,0,0,1,0,0,0,0,0,0,1,0,0,1
46,1013.7,334.0,1.5,20.3,96.0,0.1,71.97786458947371,0,0,0,0,0,0,0,1,0,0,0,0,0,0,0,0,0,0,0,0,0,0,0,0,0,0,1,0,0,0,0,0,1,0,0,1
44,1013.7,334.0,1.5,20.3,96.0,0.1,71.97786458947371,0,0,0,0,0,0,0,0,1,0,0,0,0,0,0,0,0,0,0,0,0,0,0,0,1,0,0,0,0,0,0,0,1,0,0,1
47,1013.7,334.0,1.5,20.3,96.0,0.1,71.97786458947371,0,0,0,0,0,0,0,0,1,0,0,0,0,0,0,0,0,0,0,0,0,0,0,0,0,1,0,0,0,0,0,0,1,0,0,1
55,1013.7,334.0,1.5,20.3,96.0,0.1,71.97786458947371,0,0,0,0,0,0,0,0,1,0,0,0,0,0,0,0,0,0,0,0,0,0,0,0,0,0,1,0,0,0,0,0,1,0,0,1
70,1013.7,333.0,2.2,20.3,96.0,0.0,69.73786458947369,0,0,0,0,0,0,0,0,0,1,0,0,0,0,0,0,0,0,0,0,0,0,0,0,1,0,0,0,0,0,0,0,1,0,0,1
72,1013.7,333.0,2.2,20.3,96.0,0.0,69.73786458947369,0,0,0,0,0,0,0,0,0,1,0,0,0,0,0,0,0,0,0,0,0,0,0,0,0,1,0,0,0,0,0,0,1,0,0,1
55,1013.7,333.0,2.2,20.3,96.0,0.0,69.73786458947369,0,0,0,0,0,0,0,0,0,1,0,0,0,0,0,0,0,0,0,0,0,0,0,0,0,0,1,0,0,0,0,0,1,0,0,1
60,1013.7,333.0,2.2,20.3,96.0,0.0,69.73786458947369,0,0,0,0,0,0,0,0,0,0,1,0,0,0,0,0,0,0,0,0,0,0,0,0,1,0,0,0,0,0,0,0,1,0,0,1
65,1013.7,333.0,2.2,20.3,96.0,0.0,69.73786458947369,0,0,0,0,0,0,0,0,0,0,1,0,0,0,0,0,0,0,0,0,0,0,0,0,0,1,0,0,0,0,0,0,1,0,0,1
54,1013.7,333.0,2.2,20.3,96.0,0.0,69.73786458947369,0,0,0,0,0,0,0,0,0,0,1,0,0,0,0,0,0,0,0,0,0,0,0,0,0,0,1,0,0,0,0,0,1,0,0,1
59,1013.7,333.0,2.2,20.3,96.0,0.0,69.73786458947369,0,0,0,0,0,0,0,0,0,0,0,1,0,0,0,0,0,0,0,0,0,0,0,0,1,0,0,0,0,0,0,0,1,0,0,1
44,1013.7,333.0,2.2,20.3,96.0,0.0,69.73786458947369,0,0,0,0,0,0,0,0,0,0,0,1,0,0,0,0,0,0,0,0,0,0,0,0,0,1,0,0,0,0,0,0,1,0,0,1
45,1013.7,333.0,2.2,20.3,96.0,0.0,69.73786458947369,0,0,0,0,0,0,0,0,0,0,0,1,0,0,0,0,0,0,0,0,0,0,0,0,0,0,1,0,0,0,0,0,1,0,0,1
43,1014.5,344.0,0.9,20.0,97.0,0.0,73.41596,0,0,0,0,0,0,0,0,0,0,0,0,1,0,0,0,0,0,0,0,0,0,0,0,1,0,0,0,0,0,0,0,1,0,0,1
48,1014.5,344.0,0.9,20.0,97.0,0.0,73.41596,0,0,0,0,0,0,0,0,0,0,0,0,1,0,0,0,0,0,0,0,0,0,0,0,0,1,0,0,0,0,0,0,1,0,0,1
41,1014.5,344.0,0.9,20.0,97.0,0.0,73.41596,0,0,0,0,0,0,0,0,0,0,0,0,1,0,0,0,0,0,0,0,0,0,0,0,0,0,1,0,0,0,0,0,1,0,0,1
63,1014.5,344.0,0.9,20.0,97.0,0.0,73.41596,0,0,0,0,0,0,0,0,0,0,0,0,0,1,0,0,0,0,0,0,0,0,0,0,1,0,0,0,0,0,0,0,1,0,0,1
41,1014.5,344.0,0.9,20.0,97.0,0.0,73.41596,0,0,0,0,0,0,0,0,0,0,0,0,0,1,0,0,0,0,0,0,0,0,0,0,0,1,0,0,0,0,0,0,1,0,0,1
35,1014.5,344.0,0.9,20.0,97.0,0.0,73.41596,0,0,0,0,0,0,0,0,0,0,0,0,0,1,0,0,0,0,0,0,0,0,0,0,0,0,1,0,0,0,0,0,1,0,0,1
56,1014.5,344.0,0.9,20.0,97.0,0.0,73.41596,0,0,0,0,0,0,0,0,0,0,0,0,0,0,1,0,0,0,0,0,0,0,0,0,1,0,0,0,0,0,0,0,1,0,0,1
69,1014.5,344.0,0.9,20.0,97.0,0.0,73.41596,0,0,0,0,0,0,0,0,0,0,0,0,0,0,1,0,0,0,0,0,0,0,0,0,0,1,0,0,0,0,0,0,1,0,0,1
64,1014.5,344.0,0.9,20.0,97.0,0.0,73.41596,0,0,0,0,0,0,0,0,0,0,0,0,0,0,1,0,0,0,0,0,0,0,0,0,0,0,1,0,0,0,0,0,1,0,0,1
37,1013.9,344.0,0.0,19.8,97.0,0.0,75.90132661587302,0,0,0,0,0,0,0,0,0,0,0,0,0,0,0,1,0,0,0,0,0,0,0,0,1,0,0,0,0,0,0,0,1,0,0,1
59,1013.9,344.0,0.0,19.8,97.0,0.0,75.90132661587302,0,0,0,0,0,0,0,0,0,0,0,0,0,0,0,1,0,0,0,0,0,0,0,0,0,1,0,0,0,0,0,0,1,0,0,1
57,1013.9,344.0,0.0,19.8,97.0,0.0,75.90132661587302,0,0,0,0,0,0,0,0,0,0,0,0,0,0,0,1,0,0,0,0,0,0,0,0,0,0,1,0,0,0,0,0,1,0,0,1
57,1013.9,344.0,0.0,19.8,97.0,0.0,75.90132661587302,0,0,0,0,0,0,0,0,0,0,0,0,0,0,0,0,1,0,0,0,0,0,0,0,1,0,0,0,0,0,0,0,1,0,0,1
66,1013.9,344.0,0.0,19.8,97.0,0.0,75.90132661587302,0,0,0,0,0,0,0,0,0,0,0,0,0,0,0,0,1,0,0,0,0,0,0,0,0,1,0,0,0,0,0,0,1,0,0,1
64,1013.9,344.0,0.0,19.8,97.0,0.0,75.90132661587302,0,0,0,0,0,0,0,0,0,0,0,0,0,0,0,0,1,0,0,0,0,0,0,0,0,0,1,0,0,0,0,0,1,0,0,1
66,1013.9,344.0,0.0,19.8,97.0,0.0,75.90132661587302,0,0,0,0,0,0,0,0,0,0,0,0,0,0,0,0,0,1,0,0,0,0,0,0,1,0,0,0,0,0,0,0,1,0,0,1
55,1013.9,344.0,0.0,19.8,97.0,0.0,75.90132661587302,0,0,0,0,0,0,0,0,0,0,0,0,0,0,0,0,0,1,0,0,0,0,0,0,0,1,0,0,0,0,0,0,1,0,0,1
32,1013.9,344.0,0.0,19.8,97.0,0.0,75.90132661587302,0,0,0,0,0,0,0,0,0,0,0,0,0,0,0,0,0,1,0,0,0,0,0,0,0,0,1,0,0,0,0,0,1,0,0,1
33,1012.9,215.0,1.7,19.7,97.0,0.0,70.26403439209486,0,0,0,0,0,0,0,0,0,0,0,0,0,0,0,0,0,0,1,0,0,0,0,0,1,0,0,0,0,0,0,0,1,0,0,1
30,1012.9,215.0,1.7,19.7,97.0,0.0,70.26403439209486,0,0,0,0,0,0,0,0,0,0,0,0,0,0,0,0,0,0,1,0,0,0,0,0,0,1,0,0,0,0,0,0,1,0,0,1
29,1012.9,215.0,1.7,19.7,97.0,0.0,70.26403439209486,0,0,0,0,0,0,0,0,0,0,0,0,0,0,0,0,0,0,1,0,0,0,0,0,0,0,1,0,0,0,0,0,1,0,0,1
20,1012.9,215.0,1.7,19.7,97.0,0.0,70.26403439209486,0,0,0,0,0,0,0,0,0,0,0,0,0,0,0,0,0,0,0,1,0,0,0,0,1,0,0,0,0,0,0,0,1,0,0,1
20,1012.9,215.0,1.7,19.7,97.0,0.0,70.26403439209486,0,0,0,0,0,0,0,0,0,0,0,0,0,0,0,0,0,0,0,1,0,0,0,0,0,1,0,0,0,0,0,0,1,0,0,1
26,1012.9,215.0,1.7,19.7,97.0,0.0,70.26403439209486,0,0,0,0,0,0,0,0,0,0,0,0,0,0,0,0,0,0,0,1,0,0,0,0,0,0,1,0,0,0,0,0,1,0,0,1
22,1012.9,215.0,1.7,19.7,97.0,0.0,70.26403439209486,0,0,0,0,0,0,0,0,0,0,0,0,0,0,0,0,0,0,0,0,1,0,0,0,1,0,0,0,0,0,0,0,1,0,0,1
17,1012.9,215.0,1.7,19.7,97.0,0.0,70.26403439209486,0,0,0,0,0,0,0,0,0,0,0,0,0,0,0,0,0,0,0,0,1,0,0,0,0,1,0,0,0,0,0,0,1,0,0,1
23,1012.9,215.0,1.7,19.7,97.0,0.0,70.26403439209486,0,0,0,0,0,0,0,0,0,0,0,0,0,0,0,0,0,0,0,0,1,0,0,0,0,0,1,0,0,0,0,0,1,0,0,1
21,1012.8,216.0,3.2,19.6,97.0,0.0,65.26675822362205,0,0,0,0,0,0,0,0,0,0,0,0,0,0,0,0,0,0,0,0,0,1,0,0,1,0,0,0,0,0,0,0,1,0,0,1
18,1012.8,216.0,3.2,19.6,97.0,0.0,65.26675822362205,0,0,0,0,0,0,0,0,0,0,0,0,0,0,0,0,0,0,0,0,0,1,0,0,0,1,0,0,0,0,0,0,1,0,0,1
20,1012.8,216.0,3.2,19.6,97.0,0.0,65.26675822362205,0,0,0,0,0,0,0,0,0,0,0,0,0,0,0,0,0,0,0,0,0,1,0,0,0,0,1,0,0,0,0,0,1,0,0,1
16,1012.8,216.0,3.2,19.6,97.0,0.0,65.26675822362205,0,0,0,0,0,0,0,0,0,0,0,0,0,0,0,0,0,0,0,0,0,0,1,0,1,0,0,0,0,0,0,0,1,0,0,1
17,1012.8,216.0,3.2,19.6,97.0,0.0,65.26675822362205,0,0,0,0,0,0,0,0,0,0,0,0,0,0,0,0,0,0,0,0,0,0,1,0,0,1,0,0,0,0,0,0,1,0,0,1
4,1012.8,216.0,3.2,19.6,97.0,0.0,65.26675822362205,0,0,0,0,0,0,0,0,0,0,0,0,0,0,0,0,0,0,0,0,0,0,1,0,0,0,1,0,0,0,0,0,1,0,0,1
15,1012.8,216.0,3.2,19.6,97.0,0.0,65.26675822362205,0,0,0,0,0,0,0,0,0,0,0,0,0,0,0,0,0,0,0,0,0,0,0,1,1,0,0,0,0,0,0,0,1,0,0,1
5,1012.8,216.0,3.2,19.6,97.0,0.0,65.26675822362205,0,0,0,0,0,0,0,0,0,0,0,0,0,0,0,0,0,0,0,0,0,0,0,1,0,1,0,0,0,0,0,0,1,0,0,1
9,1012.8,216.0,3.2,19.6,97.0,0.0,65.26675822362205,0,0,0,0,0,0,0,0,0,0,0,0,0,0,0,0,0,0,0,0,0,0,0,1,0,0,1,0,0,0,0,0,1,0,0,1
10,1013.9,327.0,0.6,20.4,95.0,0.0,74.94435928455285,1,0,0,0,0,0,0,0,0,0,0,0,0,0,0,0,0,0,0,0,0,0,0,0,1,0,0,0,0,0,0,0,0,1,0,1
9,1013.9,327.0,0.6,20.4,95.0,0.0,74.94435928455285,1,0,0,0,0,0,0,0,0,0,0,0,0,0,0,0,0,0,0,0,0,0,0,0,0,1,0,0,0,0,0,0,0,1,0,1
8,1013.9,327.0,0.6,20.4,95.0,0.0,74.94435928455285,1,0,0,0,0,0,0,0,0,0,0,0,0,0,0,0,0,0,0,0,0,0,0,0,0,0,1,0,0,0,0,0,0,1,0,1
7,1013.9,327.0,0.6,20.4,95.0,0.0,74.94435928455285,0,1,0,0,0,0,0,0,0,0,0,0,0,0,0,0,0,0,0,0,0,0,0,0,1,0,0,0,0,0,0,0,0,1,0,1
10,1013.9,327.0,0.6,20.4,95.0,0.0,74.94435928455285,0,1,0,0,0,0,0,0,0,0,0,0,0,0,0,0,0,0,0,0,0,0,0,0,0,1,0,0,0,0,0,0,0,1,0,1
4,1013.9,327.0,0.6,20.4,95.0,0.0,74.94435928455285,0,1,0,0,0,0,0,0,0,0,0,0,0,0,0,0,0,0,0,0,0,0,0,0,0,0,1,0,0,0,0,0,0,1,0,1
6,1013.9,327.0,0.6,20.4,95.0,0.0,74.94435928455285,0,0,1,0,0,0,0,0,0,0,0,0,0,0,0,0,0,0,0,0,0,0,0,0,1,0,0,0,0,0,0,0,0,1,0,1
6,1013.9,327.0,0.6,20.4,95.0,0.0,74.94435928455285,0,0,1,0,0,0,0,0,0,0,0,0,0,0,0,0,0,0,0,0,0,0,0,0,0,1,0,0,0,0,0,0,0,1,0,1
2,1013.9,327.0,0.6,20.4,95.0,0.0,74.94435928455285,0,0,1,0,0,0,0,0,0,0,0,0,0,0,0,0,0,0,0,0,0,0,0,0,0,0,1,0,0,0,0,0,0,1,0,1
6,1013.9,342.0,2.2,24.6,76.0,0.0,75.71294450196079,0,0,0,1,0,0,0,0,0,0,0,0,0,0,0,0,0,0,0,0,0,0,0,0,1,0,0,0,0,0,0,0,0,1,0,1
5,1013.9,342.0,2.2,24.6,76.0,0.0,75.71294450196079,0,0,0,1,0,0,0,0,0,0,0,0,0,0,0,0,0,0,0,0,0,0,0,0,0,1,0,0,0,0,0,0,0,1,0,1
9,1013.9,342.0,2.2,24.6,76.0,0.0,75.71294450196079,0,0,0,1,0,0,0,0,0,0,0,0,0,0,0,0,0,0,0,0,0,0,0,0,0,0,1,0,0,0,0,0,0,1,0,1
9,1013.9,342.0,2.2,24.6,76.0,0.0,75.71294450196079,0,0,0,0,1,0,0,0,0,0,0,0,0,0,0,0,0,0,0,0,0,0,0,0,1,0,0,0,0,0,0,0,0,1,0,1
11,1013.9,342.0,2.2,24.6,76.0,0.0,75.71294450196079,0,0,0,0,1,0,0,0,0,0,0,0,0,0,0,0,0,0,0,0,0,0,0,0,0,1,0,0,0,0,0,0,0,1,0,1
16,1013.9,342.0,2.2,24.6,76.0,0.0,75.71294450196079,0,0,0,0,1,0,0,0,0,0,0,0,0,0,0,0,0,0,0,0,0,0,0,0,0,0,1,0,0,0,0,0,0,1,0,1
4,1013.9,342.0,2.2,24.6,76.0,0.0,75.71294450196079,0,0,0,0,0,1,0,0,0,0,0,0,0,0,0,0,0,0,0,0,0,0,0,0,1,0,0,0,0,0,0,0,0,1,0,1
3,1013.9,342.0,2.2,24.6,76.0,0.0,75.71294450196079,0,0,0,0,0,1,0,0,0,0,0,0,0,0,0,0,0,0,0,0,0,0,0,0,0,1,0,0,0,0,0,0,0,1,0,1
7,1013.9,342.0,2.2,24.6,76.0,0.0,75.71294450196079,0,0,0,0,0,1,0,0,0,0,0,0,0,0,0,0,0,0,0,0,0,0,0,0,0,0,1,0,0,0,0,0,0,1,0,1
6,1011.7,301.0,1.8,26.8,67.0,0.0,79.99331931428571,0,0,0,0,0,0,1,0,0,0,0,0,0,0,0,0,0,0,0,0,0,0,0,0,1,0,0,0,0,0,0,0,0,1,0,1
7,1011.7,301.0,1.8,26.8,67.0,0.0,79.99331931428571,0,0,0,0,0,0,1,0,0,0,0,0,0,0,0,0,0,0,0,0,0,0,0,0,0,1,0,0,0,0,0,0,0,1,0,1
10,1011.7,301.0,1.8,26.8,67.0,0.0,79.99331931428571,0,0,0,0,0,0,1,0,0,0,0,0,0,0,0,0,0,0,0,0,0,0,0,0,0,0,1,0,0,0,0,0,0,1,0,1
19,1011.7,301.0,1.8,26.8,67.0,0.0,79.99331931428571,0,0,0,0,0,0,0,1,0,0,0,0,0,0,0,0,0,0,0,0,0,0,0,0,1,0,0,0,0,0,0,0,0,1,0,1
28,1011.7,301.0,1.8,26.8,67.0,0.0,79.99331931428571,0,0,0,0,0,0,0,1,0,0,0,0,0,0,0,0,0,0,0,0,0,0,0,0,0,1,0,0,0,0,0,0,0,1,0,1
53,1011.7,301.0,1.8,26.8,67.0,0.0,79.99331931428571,0,0,0,0,0,0,0,1,0,0,0,0,0,0,0,0,0,0,0,0,0,0,0,0,0,0,1,0,0,0,0,0,0,1,0,1
29,1011.7,301.0,1.8,26.8,67.0,0.0,79.99331931428571,0,0,0,0,0,0,0,0,1,0,0,0,0,0,0,0,0,0,0,0,0,0,0,0,1,0,0,0,0,0,0,0,0,1,0,1
44,1011.7,301.0,1.8,26.8,67.0,0.0,79.99331931428571,0,0,0,0,0,0,0,0,1,0,0,0,0,0,0,0,0,0,0,0,0,0,0,0,0,1,0,0,0,0,0,0,0,1,0,1
35,1011.7,301.0,1.8,26.8,67.0,0.0,79.99331931428571,0,0,0,0,0,0,0,0,1,0,0,0,0,0,0,0,0,0,0,0,0,0,0,0,0,0,1,0,0,0,0,0,0,1,0,1
51,1011.7,10.0,4.1,24.9,74.0,0.0,69.95151576915423,0,0,0,0,0,0,0,0,0,1,0,0,0,0,0,0,0,0,0,0,0,0,0,0,1,0,0,0,0,0,0,0,0,1,0,1
47,1011.7,10.0,4.1,24.9,74.0,0.0,69.95151576915423,0,0,0,0,0,0,0,0,0,1,0,0,0,0,0,0,0,0,0,0,0,0,0,0,0,1,0,0,0,0,0,0,0,1,0,1
48,1011.7,10.0,4.1,24.9,74.0,0.0,69.95151576915423,0,0,0,0,0,0,0,0,0,1,0,0,0,0,0,0,0,0,0,0,0,0,0,0,0,0,1,0,0,0,0,0,0,1,0,1
38,1011.7,10.0,4.1,24.9,74.0,0.0,69.95151576915423,0,0,0,0,0,0,0,0,0,0,1,0,0,0,0,0,0,0,0,0,0,0,0,0,1,0,0,0,0,0,0,0,0,1,0,1
60,1011.7,10.0,4.1,24.9,74.0,0.0,69.95151576915423,0,0,0,0,0,0,0,0,0,0,1,0,0,0,0,0,0,0,0,0,0,0,0,0,0,1,0,0,0,0,0,0,0,1,0,1
52,1011.7,10.0,4.1,24.9,74.0,0.0,69.95151576915423,0,0,0,0,0,0,0,0,0,0,1,0,0,0,0,0,0,0,0,0,0,0,0,0,0,0,1,0,0,0,0,0,0,1,0,1
50,1011.7,10.0,4.1,24.9,74.0,0.0,69.95151576915423,0,0,0,0,0,0,0,0,0,0,0,1,0,0,0,0,0,0,0,0,0,0,0,0,1,0,0,0,0,0,0,0,0,1,0,1
43,1011.7,10.0,4.1,24.9,74.0,0.0,69.95151576915423,0,0,0,0,0,0,0,0,0,0,0,1,0,0,0,0,0,0,0,0,0,0,0,0,0,1,0,0,0,0,0,0,0,1,0,1
26,1011.7,10.0,4.1,24.9,74.0,0.0,69.95151576915423,0,0,0,0,0,0,0,0,0,0,0,1,0,0,0,0,0,0,0,0,0,0,0,0,0,0,1,0,0,0,0,0,0,1,0,1
53,1013.8,353.0,4.3,22.7,77.0,0.0,65.4928120412556,0,0,0,0,0,0,0,0,0,0,0,0,1,0,0,0,0,0,0,0,0,0,0,0,1,0,0,0,0,0,0,0,0,1,0,1
48,1013.8,353.0,4.3,22.7,77.0,0.0,65.4928120412556,0,0,0,0,0,0,0,0,0,0,0,0,1,0,0,0,0,0,0,0,0,0,0,0,0,1,0,0,0,0,0,0,0,1,0,1
50,1013.8,353.0,4.3,22.7,77.0,0.0,65.4928120412556,0,0,0,0,0,0,0,0,0,0,0,0,1,0,0,0,0,0,0,0,0,0,0,0,0,0,1,0,0,0,0,0,0,1,0,1
61,1013.8,353.0,4.3,22.7,77.0,0.0,65.4928120412556,0,0,0,0,0,0,0,0,0,0,0,0,0,1,0,0,0,0,0,0,0,0,0,0,1,0,0,0,0,0,0,0,0,1,0,1
49,1013.8,353.0,4.3,22.7,77.0,0.0,65.4928120412556,0,0,0,0,0,0,0,0,0,0,0,0,0,1,0,0,0,0,0,0,0,0,0,0,0,1,0,0,0,0,0,0,0,1,0,1
48,1013.8,353.0,4.3,22.7,77.0,0.0,65.4928120412556,0,0,0,0,0,0,0,0,0,0,0,0,0,1,0,0,0,0,0,0,0,0,0,0,0,0,1,0,0,0,0,0,0,1,0,1
51,1013.8,353.0,4.3,22.7,77.0,0.0,65.4928120412556,0,0,0,0,0,0,0,0,0,0,0,0,0,0,1,0,0,0,0,0,0,0,0,0,1,0,0,0,0,0,0,0,0,1,0,1
62,1013.8,353.0,4.3,22.7,77.0,0.0,65.4928120412556,0,0,0,0,0,0,0,0,0,0,0,0,0,0,1,0,0,0,0,0,0,0,0,0,0,1,0,0,0,0,0,0,0,1,0,1
58,1013.8,353.0,4.3,22.7,77.0,0.0,65.4928120412556,0,0,0,0,0,0,0,0,0,0,0,0,0,0,1,0,0,0,0,0,0,0,0,0,0,0,1,0,0,0,0,0,0,1,0,1
58,1014.7,7.0,2.1,21.9,80.0,0.0,71.35673856277057,0,0,0,0,0,0,0,0,0,0,0,0,0,0,0,1,0,0,0,0,0,0,0,0,1,0,0,0,0,0,0,0,0,1,0,1
65,1014.7,7.0,2.1,21.9,80.0,0.0,71.35673856277057,0,0,0,0,0,0,0,0,0,0,0,0,0,0,0,1,0,0,0,0,0,0,0,0,0,1,0,0,0,0,0,0,0,1,0,1
78,1014.7,7.0,2.1,21.9,80.0,0.0,71.35673856277057,0,0,0,0,0,0,0,0,0,0,0,0,0,0,0,1,0,0,0,0,0,0,0,0,0,0,1,0,0,0,0,0,0,1,0,1
69,1014.7,7.0,2.1,21.9,80.0,0.0,71.35673856277057,0,0,0,0,0,0,0,0,0,0,0,0,0,0,0,0,1,0,0,0,0,0,0,0,1,0,0,0,0,0,0,0,0,1,0,1
65,1014.7,7.0,2.1,21.9,80.0,0.0,71.35673856277057,0,0,0,0,0,0,0,0,0,0,0,0,0,0,0,0,1,0,0,0,0,0,0,0,0,1,0,0,0,0,0,0,0,1,0,1
69,1014.7,7.0,2.1,21.9,80.0,0.0,71.35673856277057,0,0,0,0,0,0,0,0,0,0,0,0,0,0,0,0,1,0,0,0,0,0,0,0,0,0,1,0,0,0,0,0,0,1,0,1
70,1014.7,7.0,2.1,21.9,80.0,0.0,71.35673856277057,0,0,0,0,0,0,0,0,0,0,0,0,0,0,0,0,0,1,0,0,0,0,0,0,1,0,0,0,0,0,0,0,0,1,0,1
59,1014.7,7.0,2.1,21.9,80.0,0.0,71.35673856277057,0,0,0,0,0,0,0,0,0,0,0,0,0,0,0,0,0,1,0,0,0,0,0,0,0,1,0,0,0,0,0,0,0,1,0,1
37,1014.7,7.0,2.1,21.9,80.0,0.0,71.35673856277057,0,0,0,0,0,0,0,0,0,0,0,0,0,0,0,0,0,1,0,0,0,0,0,0,0,0,1,0,0,0,0,0,0,1,0,1
39,1014.5,344.0,2.0,21.3,83.0,0.0,70.86947960675106,0,0,0,0,0,0,0,0,0,0,0,0,0,0,0,0,0,0,1,0,0,0,0,0,1,0,0,0,0,0,0,0,0,1,0,1
41,1014.5,344.0,2.0,21.3,83.0,0.0,70.86947960675106,0,0,0,0,0,0,0,0,0,0,0,0,0,0,0,0,0,0,1,0,0,0,0,0,0,1,0,0,0,0,0,0,0,1,0,1
38,1014.5,344.0,2.0,21.3,83.0,0.0,70.86947960675106,0,0,0,0,0,0,0,0,0,0,0,0,0,0,0,0,0,0,1,0,0,0,0,0,0,0,1,0,0,0,0,0,0,1,0,1
33,1014.5,344.0,2.0,21.3,83.0,0.0,70.86947960675106,0,0,0,0,0,0,0,0,0,0,0,0,0,0,0,0,0,0,0,1,0,0,0,0,1,0,0,0,0,0,0,0,0,1,0,1
30,1014.5,344.0,2.0,21.3,83.0,0.0,70.86947960675106,0,0,0,0,0,0,0,0,0,0,0,0,0,0,0,0,0,0,0,1,0,0,0,0,0,1,0,0,0,0,0,0,0,1,0,1
34,1014.5,344.0,2.0,21.3,83.0,0.0,70.86947960675106,0,0,0,0,0,0,0,0,0,0,0,0,0,0,0,0,0,0,0,1,0,0,0,0,0,0,1,0,0,0,0,0,0,1,0,1
32,1014.5,344.0,2.0,21.3,83.0,0.0,70.86947960675106,0,0,0,0,0,0,0,0,0,0,0,0,0,0,0,0,0,0,0,0,1,0,0,0,1,0,0,0,0,0,0,0,0,1,0,1
34,1014.5,344.0,2.0,21.3,83.0,0.0,70.86947960675106,0,0,0,0,0,0,0,0,0,0,0,0,0,0,0,0,0,0,0,0,1,0,0,0,0,1,0,0,0,0,0,0,0,1,0,1
21,1014.5,344.0,2.0,21.3,83.0,0.0,70.86947960675106,0,0,0,0,0,0,0,0,0,0,0,0,0,0,0,0,0,0,0,0,1,0,0,0,0,0,1,0,0,0,0,0,0,1,0,1
24,1014.2,35.0,3.0,20.4,81.0,0.0,65.71687768455284,0,0,0,0,0,0,0,0,0,0,0,0,0,0,0,0,0,0,0,0,0,1,0,0,1,0,0,0,0,0,0,0,0,1,0,1
30,1014.2,35.0,3.0,20.4,81.0,0.0,65.71687768455284,0,0,0,0,0,0,0,0,0,0,0,0,0,0,0,0,0,0,0,0,0,1,0,0,0,1,0,0,0,0,0,0,0,1,0,1
15,1014.2,35.0,3.0,20.4,81.0,0.0,65.71687768455284,0,0,0,0,0,0,0,0,0,0,0,0,0,0,0,0,0,0,0,0,0,1,0,0,0,0,1,0,0,0,0,0,0,1,0,1
18,1014.2,35.0,3.0,20.4,81.0,0.0,65.71687768455284,0,0,0,0,0,0,0,0,0,0,0,0,0,0,0,0,0,0,0,0,0,0,1,0,1,0,0,0,0,0,0,0,0,1,0,1
7,1014.2,35.0,3.0,20.4,81.0,0.0,65.71687768455284,0,0,0,0,0,0,0,0,0,0,0,0,0,0,0,0,0,0,0,0,0,0,1,0,0,1,0,0,0,0,0,0,0,1,0,1
3,1014.2,35.0,3.0,20.4,81.0,0.0,65.71687768455284,0,0,0,0,0,0,0,0,0,0,0,0,0,0,0,0,0,0,0,0,0,0,1,0,0,0,1,0,0,0,0,0,0,1,0,1
9,1014.2,35.0,3.0,20.4,81.0,0.0,65.71687768455284,0,0,0,0,0,0,0,0,0,0,0,0,0,0,0,0,0,0,0,0,0,0,0,1,1,0,0,0,0,0,0,0,0,1,0,1
5,1014.2,35.0,3.0,20.4,81.0,0.0,65.71687768455284,0,0,0,0,0,0,0,0,0,0,0,0,0,0,0,0,0,0,0,0,0,0,0,1,0,1,0,0,0,0,0,0,0,1,0,1
5,1014.2,35.0,3.0,20.4,81.0,0.0,65.71687768455284,0,0,0,0,0,0,0,0,0,0,0,0,0,0,0,0,0,0,0,0,0,0,0,1,0,0,1,0,0,0,0,0,0,1,0,1
13,1015.6,35.0,2.1,20.1,80.0,0.0,67.91276035341366,1,0,0,0,0,0,0,0,0,0,0,0,0,0,0,0,0,0,0,0,0,0,0,0,1,0,0,1,0,0,0,0,0,0,1,0
12,1015.6,35.0,2.1,20.1,80.0,0.0,67.91276035341366,1,0,0,0,0,0,0,0,0,0,0,0,0,0,0,0,0,0,0,0,0,0,0,0,0,1,0,1,0,0,0,0,0,0,1,0
7,1015.6,35.0,2.1,20.1,80.0,0.0,67.91276035341366,1,0,0,0,0,0,0,0,0,0,0,0,0,0,0,0,0,0,0,0,0,0,0,0,0,0,1,1,0,0,0,0,0,0,1,0
6,1015.6,35.0,2.1,20.1,80.0,0.0,67.91276035341366,0,1,0,0,0,0,0,0,0,0,0,0,0,0,0,0,0,0,0,0,0,0,0,0,1,0,0,1,0,0,0,0,0,0,1,0
11,1015.6,35.0,2.1,20.1,80.0,0.0,67.91276035341366,0,1,0,0,0,0,0,0,0,0,0,0,0,0,0,0,0,0,0,0,0,0,0,0,0,1,0,1,0,0,0,0,0,0,1,0
5,1015.6,35.0,2.1,20.1,80.0,0.0,67.91276035341366,0,1,0,0,0,0,0,0,0,0,0,0,0,0,0,0,0,0,0,0,0,0,0,0,0,0,1,1,0,0,0,0,0,0,1,0
4,1015.6,35.0,2.1,20.1,80.0,0.0,67.91276035341366,0,0,1,0,0,0,0,0,0,0,0,0,0,0,0,0,0,0,0,0,0,0,0,0,1,0,0,1,0,0,0,0,0,0,1,0
6,1015.6,35.0,2.1,20.1,80.0,0.0,67.91276035341366,0,0,1,0,0,0,0,0,0,0,0,0,0,0,0,0,0,0,0,0,0,0,0,0,0,1,0,1,0,0,0,0,0,0,1,0
7,1015.6,35.0,2.1,20.1,80.0,0.0,67.91276035341366,0,0,1,0,0,0,0,0,0,0,0,0,0,0,0,0,0,0,0,0,0,0,0,0,0,0,1,1,0,0,0,0,0,0,1,0
7,1015.6,104.0,1.5,19.6,90.0,0.1,69.95337902362205,0,0,0,1,0,0,0,0,0,0,0,0,0,0,0,0,0,0,0,0,0,0,0,0,1,0,0,1,0,0,0,0,0,0,1,0
10,1015.6,104.0,1.5,19.6,90.0,0.1,69.95337902362205,0,0,0,1,0,0,0,0,0,0,0,0,0,0,0,0,0,0,0,0,0,0,0,0,0,1,0,1,0,0,0,0,0,0,1,0
7,1015.6,104.0,1.5,19.6,90.0,0.1,69.95337902362205,0,0,0,1,0,0,0,0,0,0,0,0,0,0,0,0,0,0,0,0,0,0,0,0,0,0,1,1,0,0,0,0,0,0,1,0
14,1015.6,104.0,1.5,19.6,90.0,0.1,69.95337902362205,0,0,0,0,1,0,0,0,0,0,0,0,0,0,0,0,0,0,0,0,0,0,0,0,1,0,0,1,0,0,0,0,0,0,1,0
12,1015.6,104.0,1.5,19.6,90.0,0.1,69.95337902362205,0,0,0,0,1,0,0,0,0,0,0,0,0,0,0,0,0,0,0,0,0,0,0,0,0,1,0,1,0,0,0,0,0,0,1,0
17,1015.6,104.0,1.5,19.6,90.0,0.1,69.95337902362205,0,0,0,0,1,0,0,0,0,0,0,0,0,0,0,0,0,0,0,0,0,0,0,0,0,0,1,1,0,0,0,0,0,0,1,0
2,1015.6,104.0,1.5,19.6,90.0,0.1,69.95337902362205,0,0,0,0,0,1,0,0,0,0,0,0,0,0,0,0,0,0,0,0,0,0,0,0,1,0,0,1,0,0,0,0,0,0,1,0
5,1015.6,104.0,1.5,19.6,90.0,0.1,69.95337902362205,0,0,0,0,0,1,0,0,0,0,0,0,0,0,0,0,0,0,0,0,0,0,0,0,0,1,0,1,0,0,0,0,0,0,1,0
7,1015.6,104.0,1.5,19.6,90.0,0.1,69.95337902362205,0,0,0,0,0,1,0,0,0,0,0,0,0,0,0,0,0,0,0,0,0,0,0,0,0,0,1,1,0,0,0,0,0,0,1,0
13,1013.4,81.0,1.2,21.3,79.0,0.0,72.97425240675106,0,0,0,0,0,0,1,0,0,0,0,0,0,0,0,0,0,0,0,0,0,0,0,0,1,0,0,1,0,0,0,0,0,0,1,0
18,1013.4,81.0,1.2,21.3,79.0,0.0,72.97425240675106,0,0,0,0,0,0,1,0,0,0,0,0,0,0,0,0,0,0,0,0,0,0,0,0,0,1,0,1,0,0,0,0,0,0,1,0
19,1013.4,81.0,1.2,21.3,79.0,0.0,72.97425240675106,0,0,0,0,0,0,1,0,0,0,0,0,0,0,0,0,0,0,0,0,0,0,0,0,0,0,1,1,0,0,0,0,0,0,1,0
45,1013.4,81.0,1.2,21.3,79.0,0.0,72.97425240675106,0,0,0,0,0,0,0,1,0,0,0,0,0,0,0,0,0,0,0,0,0,0,0,0,1,0,0,1,0,0,0,0,0,0,1,0
44,1013.4,81.0,1.2,21.3,79.0,0.0,72.97425240675106,0,0,0,0,0,0,0,1,0,0,0,0,0,0,0,0,0,0,0,0,0,0,0,0,0,1,0,1,0,0,0,0,0,0,1,0
56,1013.4,81.0,1.2,21.3,79.0,0.0,72.97425240675106,0,0,0,0,0,0,0,1,0,0,0,0,0,0,0,0,0,0,0,0,0,0,0,0,0,0,1,1,0,0,0,0,0,0,1,0
50,1013.4,81.0,1.2,21.3,79.0,0.0,72.97425240675106,0,0,0,0,0,0,0,0,1,0,0,0,0,0,0,0,0,0,0,0,0,0,0,0,1,0,0,1,0,0,0,0,0,0,1,0
46,1013.4,81.0,1.2,21.3,79.0,0.0,72.97425240675106,0,0,0,0,0,0,0,0,1,0,0,0,0,0,0,0,0,0,0,0,0,0,0,0,0,1,0,1,0,0,0,0,0,0,1,0
56,1013.4,81.0,1.2,21.3,79.0,0.0,72.97425240675106,0,0,0,0,0,0,0,0,1,0,0,0,0,0,0,0,0,0,0,0,0,0,0,0,0,0,1,1,0,0,0,0,0,0,1,0
43,1013.7,109.0,1.1,20.9,79.0,0.0,72.53031468713692,0,0,0,0,0,0,0,0,0,1,0,0,0,0,0,0,0,0,0,0,0,0,0,0,1,0,0,1,0,0,0,0,0,0,1,0
54,1013.7,109.0,1.1,20.9,79.0,0.0,72.53031468713692,0,0,0,0,0,0,0,0,0,1,0,0,0,0,0,0,0,0,0,0,0,0,0,0,0,1,0,1,0,0,0,0,0,0,1,0
41,1013.7,109.0,1.1,20.9,79.0,0.0,72.53031468713692,0,0,0,0,0,0,0,0,0,1,0,0,0,0,0,0,0,0,0,0,0,0,0,0,0,0,1,1,0,0,0,0,0,0,1,0
46,1013.7,109.0,1.1,20.9,79.0,0.0,72.53031468713692,0,0,0,0,0,0,0,0,0,0,1,0,0,0,0,0,0,0,0,0,0,0,0,0,1,0,0,1,0,0,0,0,0,0,1,0
57,1013.7,109.0,1.1,20.9,79.0,0.0,72.53031468713692,0,0,0,0,0,0,0,0,0,0,1,0,0,0,0,0,0,0,0,0,0,0,0,0,0,1,0,1,0,0,0,0,0,0,1,0
38,1013.7,109.0,1.1,20.9,79.0,0.0,72.53031468713692,0,0,0,0,0,0,0,0,0,0,1,0,0,0,0,0,0,0,0,0,0,0,0,0,0,0,1,1,0,0,0,0,0,0,1,0
29,1013.7,109.0,1.1,20.9,79.0,0.0,72.53031468713692,0,0,0,0,0,0,0,0,0,0,0,1,0,0,0,0,0,0,0,0,0,0,0,0,1,0,0,1,0,0,0,0,0,0,1,0
39,1013.7,109.0,1.1,20.9,79.0,0.0,72.53031468713692,0,0,0,0,0,0,0,0,0,0,0,1,0,0,0,0,0,0,0,0,0,0,0,0,0,1,0,1,0,0,0,0,0,0,1,0
33,1013.7,109.0,1.1,20.9,79.0,0.0,72.53031468713692,0,0,0,0,0,0,0,0,0,0,0,1,0,0,0,0,0,0,0,0,0,0,0,0,0,0,1,1,0,0,0,0,0,0,1,0
32,1014.3,17.0,0.7,19.6,87.0,0.0,72.19050222362205,0,0,0,0,0,0,0,0,0,0,0,0,1,0,0,0,0,0,0,0,0,0,0,0,1,0,0,1,0,0,0,0,0,0,1,0
47,1014.3,17.0,0.7,19.6,87.0,0.0,72.19050222362205,0,0,0,0,0,0,0,0,0,0,0,0,1,0,0,0,0,0,0,0,0,0,0,0,0,1,0,1,0,0,0,0,0,0,1,0
44,1014.3,17.0,0.7,19.6,87.0,0.0,72.19050222362205,0,0,0,0,0,0,0,0,0,0,0,0,1,0,0,0,0,0,0,0,0,0,0,0,0,0,1,1,0,0,0,0,0,0,1,0
35,1014.3,17.0,0.7,19.6,87.0,0.0,72.19050222362205,0,0,0,0,0,0,0,0,0,0,0,0,0,1,0,0,0,0,0,0,0,0,0,0,1,0,0,1,0,0,0,0,0,0,1,0
51,1014.3,17.0,0.7,19.6,87.0,0.0,72.19050222362205,0,0,0,0,0,0,0,0,0,0,0,0,0,1,0,0,0,0,0,0,0,0,0,0,0,1,0,1,0,0,0,0,0,0,1,0
59,1014.3,17.0,0.7,19.6,87.0,0.0,72.19050222362205,0,0,0,0,0,0,0,0,0,0,0,0,0,1,0,0,0,0,0,0,0,0,0,0,0,0,1,1,0,0,0,0,0,0,1,0
41,1014.3,17.0,0.7,19.6,87.0,0.0,72.19050222362205,0,0,0,0,0,0,0,0,0,0,0,0,0,0,1,0,0,0,0,0,0,0,0,0,1,0,0,1,0,0,0,0,0,0,1,0
47,1014.3,17.0,0.7,19.6,87.0,0.0,72.19050222362205,0,0,0,0,0,0,0,0,0,0,0,0,0,0,1,0,0,0,0,0,0,0,0,0,0,1,0,1,0,0,0,0,0,0,1,0
52,1014.3,17.0,0.7,19.6,87.0,0.0,72.19050222362205,0,0,0,0,0,0,0,0,0,0,0,0,0,0,1,0,0,0,0,0,0,0,0,0,0,0,1,1,0,0,0,0,0,0,1,0
46,1014.7,222.0,0.9,18.9,92.0,0.0,70.72085709118774,0,0,0,0,0,0,0,0,0,0,0,0,0,0,0,1,0,0,0,0,0,0,0,0,1,0,0,1,0,0,0,0,0,0,1,0
47,1014.7,222.0,0.9,18.9,92.0,0.0,70.72085709118774,0,0,0,0,0,0,0,0,0,0,0,0,0,0,0,1,0,0,0,0,0,0,0,0,0,1,0,1,0,0,0,0,0,0,1,0
35,1014.7,222.0,0.9,18.9,92.0,0.0,70.72085709118774,0,0,0,0,0,0,0,0,0,0,0,0,0,0,0,1,0,0,0,0,0,0,0,0,0,0,1,1,0,0,0,0,0,0,1,0
63,1014.7,222.0,0.9,18.9,92.0,0.0,70.72085709118774,0,0,0,0,0,0,0,0,0,0,0,0,0,0,0,0,1,0,0,0,0,0,0,0,1,0,0,1,0,0,0,0,0,0,1,0
56,1014.7,222.0,0.9,18.9,92.0,0.0,70.72085709118774,0,0,0,0,0,0,0,0,0,0,0,0,0,0,0,0,1,0,0,0,0,0,0,0,0,1,0,1,0,0,0,0,0,0,1,0
42,1014.7,222.0,0.9,18.9,92.0,0.0,70.72085709118774,0,0,0,0,0,0,0,0,0,0,0,0,0,0,0,0,1,0,0,0,0,0,0,0,0,0,1,1,0,0,0,0,0,0,1,0
43,1014.7,222.0,0.9,18.9,92.0,0.0,70.72085709118774,0,0,0,0,0,0,0,0,0,0,0,0,0,0,0,0,0,1,0,0,0,0,0,0,1,0,0,1,0,0,0,0,0,0,1,0
34,1014.7,222.0,0.9,18.9,92.0,0.0,70.72085709118774,0,0,0,0,0,0,0,0,0,0,0,0,0,0,0,0,0,1,0,0,0,0,0,0,0,1,0,1,0,0,0,0,0,0,1,0
25,1014.7,222.0,0.9,18.9,92.0,0.0,70.72085709118774,0,0,0,0,0,0,0,0,0,0,0,0,0,0,0,0,0,1,0,0,0,0,0,0,0,0,1,1,0,0,0,0,0,0,1,0
22,1014.0,341.0,1.5,19.1,92.0,0.0,69.19157370193051,0,0,0,0,0,0,0,0,0,0,0,0,0,0,0,0,0,0,1,0,0,0,0,0,1,0,0,1,0,0,0,0,0,0,1,0
24,1014.0,341.0,1.5,19.1,92.0,0.0,69.19157370193051,0,0,0,0,0,0,0,0,0,0,0,0,0,0,0,0,0,0,1,0,0,0,0,0,0,1,0,1,0,0,0,0,0,0,1,0
14,1014.0,341.0,1.5,19.1,92.0,0.0,69.19157370193051,0,0,0,0,0,0,0,0,0,0,0,0,0,0,0,0,0,0,1,0,0,0,0,0,0,0,1,1,0,0,0,0,0,0,1,0
26,1014.0,341.0,1.5,19.1,92.0,0.0,69.19157370193051,0,0,0,0,0,0,0,0,0,0,0,0,0,0,0,0,0,0,0,1,0,0,0,0,1,0,0,1,0,0,0,0,0,0,1,0
15,1014.0,341.0,1.5,19.1,92.0,0.0,69.19157370193051,0,0,0,0,0,0,0,0,0,0,0,0,0,0,0,0,0,0,0,1,0,0,0,0,0,1,0,1,0,0,0,0,0,0,1,0
16,1014.0,341.0,1.5,19.1,92.0,0.0,69.19157370193051,0,0,0,0,0,0,0,0,0,0,0,0,0,0,0,0,0,0,0,1,0,0,0,0,0,0,1,1,0,0,0,0,0,0,1,0
11,1014.0,341.0,1.5,19.1,92.0,0.0,69.19157370193051,0,0,0,0,0,0,0,0,0,0,0,0,0,0,0,0,0,0,0,0,1,0,0,0,1,0,0,1,0,0,0,0,0,0,1,0
17,1014.0,341.0,1.5,19.1,92.0,0.0,69.19157370193051,0,0,0,0,0,0,0,0,0,0,0,0,0,0,0,0,0,0,0,0,1,0,0,0,0,1,0,1,0,0,0,0,0,0,1,0
19,1014.0,341.0,1.5,19.1,92.0,0.0,69.19157370193051,0,0,0,0,0,0,0,0,0,0,0,0,0,0,0,0,0,0,0,0,1,0,0,0,0,0,1,1,0,0,0,0,0,0,1,0
17,1013.9,322.0,2.5,19.3,90.0,0.0,66.16928057587549,0,0,0,0,0,0,0,0,0,0,0,0,0,0,0,0,0,0,0,0,0,1,0,0,1,0,0,1,0,0,0,0,0,0,1,0
11,1013.9,322.0,2.5,19.3,90.0,0.0,66.16928057587549,0,0,0,0,0,0,0,0,0,0,0,0,0,0,0,0,0,0,0,0,0,1,0,0,0,1,0,1,0,0,0,0,0,0,1,0
18,1013.9,322.0,2.5,19.3,90.0,0.0,66.16928057587549,0,0,0,0,0,0,0,0,0,0,0,0,0,0,0,0,0,0,0,0,0,1,0,0,0,0,1,1,0,0,0,0,0,0,1,0
12,1013.9,322.0,2.5,19.3,90.0,0.0,66.16928057587549,0,0,0,0,0,0,0,0,0,0,0,0,0,0,0,0,0,0,0,0,0,0,1,0,1,0,0,1,0,0,0,0,0,0,1,0
10,1013.9,322.0,2.5,19.3,90.0,0.0,66.16928057587549,0,0,0,0,0,0,0,0,0,0,0,0,0,0,0,0,0,0,0,0,0,0,1,0,0,1,0,1,0,0,0,0,0,0,1,0
4,1013.9,322.0,2.5,19.3,90.0,0.0,66.16928057587549,0,0,0,0,0,0,0,0,0,0,0,0,0,0,0,0,0,0,0,0,0,0,1,0,0,0,1,1,0,0,0,0,0,0,1,0
1,1013.9,322.0,2.5,19.3,90.0,0.0,66.16928057587549,0,0,0,0,0,0,0,0,0,0,0,0,0,0,0,0,0,0,0,0,0,0,0,1,1,0,0,1,0,0,0,0,0,0,1,0
6,1013.9,322.0,2.5,19.3,90.0,0.0,66.16928057587549,0,0,0,0,0,0,0,0,0,0,0,0,0,0,0,0,0,0,0,0,0,0,0,1,0,1,0,1,0,0,0,0,0,0,1,0
2,1013.9,322.0,2.5,19.3,90.0,0.0,66.16928057587549,0,0,0,0,0,0,0,0,0,0,0,0,0,0,0,0,0,0,0,0,0,0,0,1,0,0,1,1,0,0,0,0,0,0,1,0
