avg_travel_time,hour,minute,weekday,timemap,pressure,wind_direction,wind_speed,temperature,rel_humidity,precipitation,last_20min,SSD,is_workday
197.75,14,0,3,43,1012,91.0,3.6,24.4,72.0,0.0,153.25,70.35120876116504,1
197.5,10,40,3,33,1014,64.0,3.2,23.0,69.0,0.0,136.83,68.62480109090909,3
196.09,6,0,2,19,1009,126.0,1.5,26.5,64.0,0.0,136.83,79.9905587027027,3
195.92,14,20,2,44,1014,320.0,2.4,21.3,91.0,0.5,122.77,70.49993400675106,1
195.83,16,0,2,49,1007,51.0,3.4,22.6,95.0,1.8,122.77,70.31583314285714,1
195.56,19,20,0,59,1014,333.0,2.5,14.1,80.0,0.0,423.01,55.18706397411003,2
195.3,23,40,5,72,1015,354.0,3.3,16.5,64.0,0.0,423.01,55.65855635087719,2
194.92,18,20,6,56,1015,4.0,1.3,15.4,67.0,0.0,423.01,60.30286998918918,2
194.71,12,20,5,38,1014,344.0,0.9,20.0,97.0,0.0,148.88,73.41596,2
193.96,19,0,4,58,1015,202.0,1.1,18.4,89.0,0.0,149.91,68.79453140451128,1
193.03,10,0,5,31,1014,333.0,2.2,20.3,96.0,0.0,129.23,69.73786458947369,2
191.62,16,40,3,51,1014,87.0,1.8,21.5,76.0,0.0,115.96,71.0927354893617,3
191.33,18,20,4,56,1009,317.0,1.8,21.4,88.0,0.0,158.22,72.27281865762713,1
191.17,15,0,4,46,1009,334.0,1.4,21.7,89.0,0.0,123.41,74.2511147141631,1
189.74,14,40,5,45,1008,60.0,2.5,24.4,78.0,0.0,175.53,74.62167916116505,2
188.24,19,0,4,58,1009,317.0,1.8,21.4,88.0,0.0,139.44,72.27281865762713,1
187.96,16,20,5,50,1014,64.0,0.0,19.8,97.0,0.0,131.17,75.90132661587302,2
185.8,17,20,6,53,1008,53.0,1.4,24.4,85.0,0.0,118.33,79.01722796116505,2
184.39,8,20,1,26,1004,96.0,3.6,31.1,63.0,0.0,134.93,81.78337059856115,1
184.11,8,20,2,26,1016,100.0,3.1,22.1,59.0,0.0,117.33,66.08876998951965,1
183.8,13,40,6,42,1008,83.0,2.9,25.2,76.0,0.0,123.16,74.61796085656566,2
183.67,19,0,6,58,1014,344.0,2.0,21.3,83.0,0.0,123.16,70.86947960675106,2
183.33,17,40,6,54,1015,7.0,2.1,21.9,80.0,0.0,153.68,71.35673856277057,2
182.39,19,20,0,59,1008,347.0,1.3,20.8,80.0,0.0,158.48,71.81136608264462,3
182.0,14,40,3,45,1015,85.0,1.5,22.2,74.0,0.0,174.17,73.1488842385965,3
181.96,0,40,0,3,1008,307.0,1.3,24.1,83.0,0.0,174.17,78.507524369378,1
179.67,8,20,1,26,1012,7.0,4.6,26.9,43.0,0.0,147.74,68.00156924419889,1
179.24,18,0,5,55,1008,334.0,0.8,23.5,95.0,0.0,104.69,80.4108611627907,3
178.95,14,40,0,45,1010,302.0,2.3,20.8,92.0,1.1,141.98,69.95523168264461,1
178.87,19,0,4,58,1009,319.0,0.9,20.9,96.0,0.0,113.81,75.08030548713694,1
178.25,11,20,3,35,1015,46.0,2.3,21.3,61.0,0.0,97.66,67.40573000675106,1
177.5,11,0,2,34,1016,39.0,3.7,21.2,57.0,0.0,88.65,62.287488887394964,1
177.36,17,40,0,54,1015,222.0,0.9,18.9,92.0,0.0,130.78,70.72085709118774,1
176.43,8,20,0,26,1005,37.0,4.1,30.3,56.0,0.0,155.16,77.64363054149659,1
175.53,14,20,5,44,1008,60.0,2.5,24.4,78.0,0.0,160.01,74.62167916116505,2
174.79,17,40,5,54,1015,15.0,5.5,18.6,60.0,0.0,105.0,52.08722424242424,2
174.17,14,20,3,44,1015,85.0,1.5,22.2,74.0,0.0,132.2,73.1488842385965,3
173.94,15,40,4,48,1009,334.0,1.4,21.7,89.0,0.0,144.77,74.2511147141631,1
173.09,15,40,1,48,1014,326.0,2.2,20.5,65.0,0.0,134.84,66.69410224489796,1
172.85,16,20,6,50,1015,7.0,2.1,21.9,80.0,0.0,133.51,71.35673856277057,2
172.58,15,20,2,47,1007,51.0,3.4,22.6,95.0,1.8,126.7,70.31583314285714,1
172.53,20,20,0,62,1014,341.0,1.5,19.1,92.0,0.0,126.7,69.19157370193051,1
172.47,20,40,6,63,1014,344.0,2.0,21.3,83.0,0.0,112.66,70.86947960675106,2
171.97,7,0,3,22,1006,355.0,6.9,21.0,95.0,0.1,156.13,55.96472666666668,1
171.22,18,40,1,57,1007,335.0,2.0,20.3,90.0,0.0,92.19,69.71683978947371,3
171.17,18,40,0,57,1011,333.0,2.4,20.2,75.0,0.0,236.77,66.5949015483871,1
170.22,23,0,0,70,1006,87.0,1.5,24.9,90.0,0.0,121.93,80.30185816915423,1
170.18,6,40,2,21,1003,92.0,7.5,26.2,94.0,5.5,121.93,64.17827816170212,1
169.59,17,0,5,52,1014,110.0,0.0,19.8,97.0,0.0,236.97,75.90132661587302,2
169.5,6,0,1,19,1012,7.0,4.6,26.9,43.0,0.0,236.97,68.00156924419889,1
169.23,17,0,1,52,1016,45.0,2.8,20.3,66.0,0.0,118.23,64.51274058947368,1
169.22,9,20,1,29,1005,104.0,4.2,28.7,72.0,0.0,215.11,76.60270441226993,1
168.5,6,20,4,20,1006,164.0,1.0,24.7,80.0,0.0,116.04,80.24837808866995,1
168.23,4,20,1,14,1014,354.0,2.6,23.9,58.0,0.0,130.35,70.87979294407583,1
167.51,16,0,1,49,1014,326.0,2.2,20.5,65.0,0.0,173.09,66.69410224489796,1
167.46,5,20,4,17,1011,331.0,1.8,20.2,92.0,0.3,36.98,70.3816239483871,3
166.91,7,0,3,22,1011,117.0,2.3,28.7,54.0,0.0,119.77,80.14986681226993,1
166.41,14,20,1,44,1014,25.0,1.7,22.1,53.0,0.0,146.81,69.86847638951966,1
166.3,15,40,5,48,1014,25.0,0.0,19.8,97.0,0.0,99.66,75.90132661587302,2
165.81,16,20,2,50,1007,51.0,3.4,22.6,95.0,1.8,195.83,70.31583314285714,1
165.4,9,40,0,30,1006,81.0,2.6,28.9,66.0,0.0,161.01,81.25629581614908,1
165.34,12,20,3,38,1008,10.0,3.1,20.3,97.0,1.5,161.01,66.96803538947367,1
164.12,8,40,1,27,1012,7.0,4.6,26.9,43.0,0.0,179.67,68.00156924419889,1
164.11,23,20,5,71,1013,216.0,3.2,19.6,97.0,0.0,179.67,65.26675822362205,2
163.24,18,0,0,55,1014,333.0,2.5,14.1,80.0,0.0,109.49,55.18706397411003,2
163.23,14,20,5,44,1014,41.0,4.6,20.2,66.0,0.0,106.97,58.5666367483871,2
163.13,6,40,4,21,1016,359.0,1.9,18.5,84.0,0.0,119.93,65.91059003773586,1
162.77,19,40,1,60,1014,327.0,1.4,19.4,74.0,0.0,136.8,68.1735901,1
162.61,20,40,4,63,1015,202.0,1.1,18.4,89.0,0.0,133.56,68.79453140451128,1
162.61,20,20,3,62,1012,33.0,1.1,21.9,84.0,0.0,84.04,75.02069216277057,1
162.07,17,40,0,54,1011,18.0,2.6,21.4,80.0,0.0,66.64,68.79945545762712,1
162.06,13,20,3,41,1012,91.0,3.6,24.4,72.0,0.0,66.64,70.35120876116504,1
161.91,10,0,0,31,1014,109.0,1.1,20.9,79.0,0.0,122.42,72.53031468713692,1
161.73,17,40,6,54,1016,57.0,4.4,17.1,60.0,0.0,22.82,52.853749820788536,2
160.6,19,20,6,59,1014,344.0,2.0,21.3,83.0,0.0,183.67,70.86947960675106,2
160.44,22,0,5,67,1008,324.0,1.1,21.2,93.0,0.0,118.89,74.69144408739496,2
160.01,14,0,5,43,1008,60.0,2.5,24.4,78.0,0.0,99.75,74.62167916116505,2
159.46,6,20,5,20,1007,54.0,3.8,29.6,55.0,0.0,141.2,77.15702784415585,2
159.27,12,20,1,38,1014,25.0,1.7,22.1,53.0,0.0,126.06,69.86847638951966,1
158.71,19,20,3,59,1006,354.0,1.8,19.6,97.0,0.2,126.06,69.74675822362205,1
158.7,9,40,2,30,1013,348.0,1.5,24.9,67.0,0.0,95.51,77.38324096915423,1
158.48,19,0,0,58,1008,347.0,1.3,20.8,80.0,0.0,93.62,71.81136608264462,3
158.22,18,0,4,55,1009,317.0,1.8,21.4,88.0,0.0,138.64,72.27281865762713,1
158.17,6,40,5,21,1007,54.0,3.8,29.6,55.0,0.0,159.46,77.15702784415585,2
158.15,14,20,4,44,1010,80.0,2.5,24.3,77.0,0.0,111.79,74.30557092367151,1
158.12,21,0,0,64,1006,87.0,1.5,24.9,90.0,0.0,108.41,80.30185816915423,1
157.97,8,0,6,25,1014,54.0,3.5,21.7,49.0,0.0,75.47,62.92066671416309,2
157.85,6,40,6,21,1012,301.0,1.8,26.8,67.0,0.0,75.47,79.99331931428571,2
157.46,9,20,1,29,1005,327.0,1.5,23.9,75.0,0.0,113.54,76.49521974407584,3
157.29,9,0,0,28,1014,333.0,2.5,14.1,80.0,0.0,100.68,55.18706397411003,2
157.03,6,20,6,20,1006,85.0,2.9,29.9,58.0,0.0,210.05,81.02897435231787,2
156.81,18,0,3,55,1016,352.0,1.5,19.1,75.0,0.0,117.95,67.3928445019305,1
156.42,10,0,4,31,1006,16.0,3.5,24.1,81.0,0.0,117.02,71.219549169378,1
156.42,15,0,6,46,1015,7.0,2.1,21.9,80.0,0.0,140.84,71.35673856277057,2
156.14,19,40,4,60,1009,319.0,0.9,20.9,96.0,0.0,126.45,75.08030548713694,1
156.13,6,40,3,21,1006,355.0,6.9,21.0,95.0,0.1,126.45,55.96472666666668,1
156.05,19,0,2,58,1006,38.0,5.5,22.0,94.0,1.2,157.13,62.29718539130435,1
155.79,21,0,6,64,1014,35.0,3.0,20.4,81.0,0.0,172.47,65.71687768455284,2
155.65,8,20,5,26,1007,54.0,3.8,29.6,55.0,0.0,129.64,77.15702784415585,2
155.63,21,0,5,64,1008,324.0,1.1,21.2,93.0,0.0,97.46,74.69144408739496,2
155.29,17,0,4,52,1016,354.0,1.8,18.2,87.0,0.0,124.34,65.96112502686569,1
155.16,8,0,0,25,1005,37.0,4.1,30.3,56.0,0.0,86.03,77.64363054149659,1
155.03,8,40,4,27,1008,90.0,2.5,29.5,53.0,0.0,110.46,80.84435567741937,1
154.39,21,20,4,65,1009,284.0,0.7,21.0,96.0,0.0,149.78,75.91744266666667,1
154.25,16,0,4,49,1009,334.0,1.4,21.7,89.0,0.0,173.94,74.2511147141631,1
154.15,19,20,4,59,1015,202.0,1.1,18.4,89.0,0.0,193.96,68.79453140451128,1
153.68,17,20,6,53,1015,7.0,2.1,21.9,80.0,0.0,97.03,71.35673856277057,2
153.47,6,40,6,21,1006,85.0,2.9,29.9,58.0,0.0,157.03,81.02897435231787,2
153.38,10,40,2,33,1013,348.0,1.5,24.9,67.0,0.0,313.19,77.38324096915423,1
153.25,13,40,3,42,1012,91.0,3.6,24.4,72.0,0.0,162.06,70.35120876116504,1
152.95,14,20,0,44,1007,96.0,3.5,26.4,78.0,0.0,112.94,75.25643193118279,1
152.54,10,40,3,33,1006,356.0,4.0,20.6,96.0,1.4,118.22,64.5690044852459,1
152.54,17,40,4,54,1009,334.0,1.4,21.7,89.0,0.0,256.62,74.2511147141631,1
152.44,13,0,4,40,1008,351.0,2.3,22.5,83.0,0.0,131.63,72.22068777777778,1
152.38,7,0,2,22,1003,92.0,7.5,26.2,94.0,5.5,170.18,64.17827816170212,1
152.35,11,0,5,34,1014,333.0,2.2,20.3,96.0,0.0,249.97,69.73786458947369,2
152.2,10,20,0,32,1014,333.0,2.5,14.1,80.0,0.0,97.8,55.18706397411003,2
152.0,21,40,5,66,1013,216.0,3.2,19.6,97.0,0.0,106.14,65.26675822362205,2
151.75,21,40,6,66,1014,333.0,2.5,14.1,80.0,0.0,95.79,55.18706397411003,2
151.7,11,40,2,36,1013,348.0,1.5,24.9,67.0,0.0,115.48,77.38324096915423,1
151.44,13,0,3,40,1017,24.0,2.2,20.3,69.0,0.0,102.44,66.76325298947367,1
151.36,18,20,5,56,1015,340.0,2.4,16.4,73.0,0.0,102.44,59.217620654545456,2
151.21,15,0,0,46,1015,222.0,0.9,18.9,92.0,0.0,120.55,70.72085709118774,1
151.17,15,0,3,46,1014,87.0,1.8,21.5,76.0,0.0,182.0,71.0927354893617,3
150.95,17,40,5,54,1008,73.0,1.5,23.7,82.0,0.0,110.33,76.97265903849765,2
150.79,8,0,5,25,1014,334.0,1.5,20.3,96.0,0.1,86.36,71.97786458947371,2
150.63,15,40,0,48,1011,18.0,2.6,21.4,80.0,0.0,117.98,68.79945545762712,1
150.45,21,40,4,66,1009,284.0,0.7,21.0,96.0,0.0,154.39,75.91744266666667,1
150.44,21,20,0,65,1012,319.0,2.7,19.1,75.0,0.0,121.12,63.5528445019305,1
150.41,5,20,6,17,1009,102.0,2.4,28.5,65.0,0.0,82.45,81.00080878787877,2
150.3,21,20,3,65,1016,352.0,2.5,18.0,89.0,0.3,132.61,63.537913481481475,1
150.13,16,20,0,50,1014,333.0,2.5,14.1,80.0,0.0,139.75,55.18706397411003,2
150.0,22,0,5,67,1013,216.0,3.2,19.6,97.0,0.0,152.0,65.26675822362205,2
149.91,20,20,4,62,1009,319.0,0.9,20.9,96.0,0.0,136.2,75.08030548713694,1
149.91,18,40,4,57,1015,202.0,1.1,18.4,89.0,0.0,215.4,68.79453140451128,1
149.86,10,40,2,33,1009,52.0,2.8,26.5,64.0,0.0,122.08,75.8305587027027,3
149.78,21,0,4,64,1009,284.0,0.7,21.0,96.0,0.0,145.42,75.91744266666667,1
149.77,14,0,4,43,1009,319.0,1.8,20.7,98.0,0.6,131.25,72.02933702386831,3
149.6,16,40,3,51,1008,342.0,2.6,19.9,97.0,0.3,116.03,67.7786350868526,1
149.55,14,0,6,43,1014,353.0,4.3,22.7,77.0,0.0,132.12,65.4928120412556,2
149.32,11,20,6,35,1012,10.0,4.1,24.9,74.0,0.0,131.94,69.95151576915423,2
149.09,13,0,4,40,1016,1.0,1.4,18.3,83.0,0.0,133.13,67.0229637857678,1
148.88,12,0,5,37,1014,344.0,0.9,20.0,97.0,0.0,126.93,73.41596,2
148.84,12,40,3,39,1012,91.0,3.6,24.4,72.0,0.0,134.46,70.35120876116504,1
148.41,22,0,1,67,1017,4.0,1.9,19.2,74.0,0.0,115.78,66.19587276899225,1
148.34,13,20,1,41,1014,25.0,1.7,22.1,53.0,0.0,114.12,69.86847638951966,1
148.25,11,0,0,34,1014,109.0,1.1,20.9,79.0,0.0,117.85,72.53031468713692,1
148.25,10,20,6,32,1014,28.0,5.6,20.4,55.0,0.0,127.09,54.52298328455285,2
148.12,19,0,1,58,1014,327.0,1.4,19.4,74.0,0.0,127.09,68.1735901,1
148.01,11,0,2,34,1009,52.0,2.8,26.5,64.0,0.0,149.86,75.8305587027027,3
148.0,20,40,2,63,1006,38.0,5.5,22.0,94.0,1.2,128.57,62.29718539130435,1
147.98,12,40,6,39,1014,353.0,4.3,22.7,77.0,0.0,143.35,65.4928120412556,2
147.95,16,0,6,49,1008,53.0,1.4,24.4,85.0,0.0,226.28,79.01722796116505,2
147.87,19,0,1,58,1007,335.0,2.0,20.3,90.0,0.0,171.22,69.71683978947371,3
147.74,8,0,1,25,1012,7.0,4.6,26.9,43.0,0.0,171.22,68.00156924419889,1
147.68,17,0,3,52,1017,41.0,1.8,19.8,71.0,0.0,93.67,67.32415381587302,1
147.48,17,40,6,54,1006,358.0,2.3,23.2,93.0,0.0,97.77,74.77753187522936,3
147.38,17,0,6,52,1006,358.0,2.3,23.2,93.0,0.0,121.36,74.77753187522936,3
147.32,7,0,5,22,1010,17.0,3.6,22.1,72.0,0.0,126.04,66.00607278951965,2
147.23,14,20,0,44,1014,17.0,0.7,19.6,87.0,0.0,99.41,72.19050222362205,1
147.09,22,20,5,68,1007,172.0,2.0,23.7,95.0,0.0,103.02,76.96559063849764,3
146.84,13,40,4,42,1010,80.0,2.5,24.3,77.0,0.0,137.64,74.30557092367151,1
146.82,6,20,4,20,1008,90.0,2.5,29.5,53.0,0.0,137.64,80.84435567741937,1
146.81,14,0,1,43,1014,25.0,1.7,22.1,53.0,0.0,141.42,69.86847638951966,1
146.4,9,40,3,30,1015,46.0,2.3,21.3,61.0,0.0,109.39,67.40573000675106,1
146.31,5,40,4,18,1011,222.0,1.7,26.4,68.0,0.0,109.39,79.6929279311828,1
146.15,8,20,0,26,1007,12.0,6.2,26.8,56.0,0.0,123.73,64.44146651428571,1
146.13,17,0,2,52,1017,326.0,1.6,19.3,78.0,0.0,100.07,67.77086297587549,1
146.12,6,0,0,19,1014,333.0,2.5,14.1,80.0,0.0,100.07,55.18706397411003,2
145.89,14,0,4,43,1008,351.0,2.3,22.5,83.0,0.0,132.97,72.22068777777778,1
145.63,10,20,0,32,1008,351.0,5.3,23.8,72.0,0.1,114.69,63.77636914716982,1
145.6,8,20,6,26,1014,54.0,3.5,21.7,49.0,0.0,157.97,62.92066671416309,2
145.42,20,40,4,63,1009,319.0,0.9,20.9,96.0,0.0,149.91,75.08030548713694,1
145.14,12,40,3,39,1008,10.0,3.1,20.3,97.0,1.5,165.34,66.96803538947367,1
145.05,13,20,2,41,1014,320.0,2.4,21.3,91.0,0.5,97.73,70.49993400675106,1
145.0,14,40,1,45,1014,25.0,1.7,22.1,53.0,0.0,166.41,69.86847638951966,1
144.94,7,0,6,22,1006,85.0,2.9,29.9,58.0,0.0,153.47,81.02897435231787,2
144.87,20,20,6,62,1007,11.0,0.9,22.8,87.0,0.0,127.82,77.75602718558558,2
144.77,15,20,4,47,1009,334.0,1.4,21.7,89.0,0.0,191.17,74.2511147141631,1
144.7,21,20,6,65,1007,358.0,0.5,21.8,93.0,0.0,114.98,77.78836322758622,2
144.31,14,40,0,45,1007,96.0,3.5,26.4,78.0,0.0,152.95,75.25643193118279,1
144.22,6,40,0,21,1005,37.0,4.1,30.3,56.0,0.0,117.72,77.64363054149659,1
144.19,6,40,3,21,1013,59.0,1.5,23.9,82.0,0.8,104.18,77.35804254407584,3
143.77,13,0,6,40,1014,353.0,4.3,22.7,77.0,0.0,147.98,65.4928120412556,2
143.76,14,20,4,44,1008,351.0,2.3,22.5,83.0,0.0,145.89,72.22068777777778,1
143.76,15,40,2,48,1017,326.0,1.6,19.3,78.0,0.0,96.16,67.77086297587549,1
143.6,13,20,2,41,1012,59.0,2.0,25.4,72.0,0.0,100.06,77.36503810612246,3
143.49,9,0,0,28,1006,44.0,3.6,24.2,79.0,0.0,111.27,70.8432728,3
143.46,9,40,5,30,1006,78.0,5.2,27.8,64.0,0.0,101.7,70.58597715348839,2
143.44,16,20,5,50,1009,322.0,2.2,24.1,94.0,0.0,104.71,76.99138796937801,3
143.37,16,0,6,49,1006,358.0,2.3,23.2,93.0,0.0,107.38,74.77753187522936,3
143.35,12,20,6,38,1014,353.0,4.3,22.7,77.0,0.0,134.29,65.4928120412556,2
143.21,11,0,6,34,1007,57.0,2.8,28.9,57.0,0.0,125.52,79.34333221614908,2
143.09,12,20,6,38,1016,52.0,6.0,18.8,58.0,0.0,96.96,50.64514960610686,2
142.95,18,20,4,56,1009,319.0,0.9,20.9,96.0,0.0,132.0,75.08030548713694,1
142.78,17,40,4,54,1009,353.0,2.5,20.9,98.0,2.5,90.77,70.18501028713693,3
142.64,18,20,3,56,1013,4.0,1.5,20.9,80.0,0.0,102.66,71.36266708713694,3
142.57,15,40,1,48,1005,70.0,3.1,27.1,87.0,0.0,129.21,79.09623818324023,1
142.56,16,40,6,51,1016,57.0,4.4,17.1,60.0,0.0,123.13,52.853749820788536,2
142.55,14,20,2,44,1017,360.0,1.4,20.4,63.0,0.0,113.41,68.84725848455285,1
142.44,6,40,3,21,1015,48.0,2.3,21.6,63.0,0.0,138.09,68.18904835555556,1
142.26,16,0,1,49,1005,70.0,3.1,27.1,87.0,0.0,142.57,79.09623818324023,1
142.19,18,40,0,57,1014,341.0,1.5,19.1,92.0,0.0,98.47,69.19157370193051,1
142.18,6,40,0,21,1014,333.0,2.5,14.1,80.0,0.0,124.05,55.18706397411003,2
141.98,14,20,0,44,1010,302.0,2.3,20.8,92.0,1.1,128.83,69.95523168264461,1
141.98,19,40,4,60,1008,342.0,4.1,20.4,97.0,2.0,125.92,63.96542808455286,3
141.94,8,20,3,26,1006,355.0,6.9,21.0,95.0,0.1,119.83,55.96472666666668,1
141.87,15,40,0,48,1007,315.0,0.8,25.4,86.0,0.0,138.4,83.00703970612247,1
141.8,13,20,4,41,1008,351.0,2.3,22.5,83.0,0.0,152.44,72.22068777777778,1
141.77,22,20,4,68,1009,284.0,0.7,21.0,96.0,0.0,124.05,75.91744266666667,1
141.59,16,20,1,50,1007,310.0,1.5,22.6,80.0,0.0,124.05,74.61782914285716,3
141.53,10,40,1,33,1005,327.0,1.5,23.9,75.0,0.0,135.62,76.49521974407584,3
141.52,7,0,5,22,1008,222.0,1.4,27.3,75.0,0.0,102.78,83.30020527683615,3
141.48,17,0,6,52,1016,57.0,4.4,17.1,60.0,0.0,142.56,52.853749820788536,2
141.42,13,40,1,42,1014,25.0,1.7,22.1,53.0,0.0,148.34,69.86847638951966,1
141.22,22,20,2,68,1013,320.0,1.6,19.5,96.0,0.0,158.02,70.08223592156861,1
141.2,6,0,5,19,1007,54.0,3.8,29.6,55.0,0.0,125.66,77.15702784415585,2
141.14,14,40,2,45,1012,59.0,2.0,25.4,72.0,0.0,116.83,77.36503810612246,3
141.06,15,20,0,47,1014,333.0,2.5,14.1,80.0,0.0,129.35,55.18706397411003,2
141.04,18,40,2,57,1013,341.0,1.7,20.2,94.0,0.0,129.35,70.92123834838709,1
140.96,2,0,2,7,1010,32.0,0.9,22.7,80.0,0.0,135.93,76.7295036412556,3
140.94,12,0,1,37,1015,105.0,3.5,21.6,70.0,0.0,102.81,65.15333155555557,1
140.9,20,20,2,62,1013,341.0,1.7,20.2,94.0,0.0,148.43,70.92123834838709,1
140.89,19,0,0,58,1006,46.0,1.3,24.7,92.0,0.0,128.91,80.80240848866997,1
140.86,17,40,2,54,1014,310.0,1.0,20.8,93.0,0.0,128.91,74.22722048264463,1
140.84,14,40,6,45,1014,353.0,4.3,22.7,77.0,0.0,91.03,65.4928120412556,2
140.81,18,20,3,56,1016,352.0,1.5,19.1,75.0,0.0,156.81,67.3928445019305,1
140.76,13,0,5,40,1008,60.0,2.5,24.4,78.0,0.0,93.67,74.62167916116505,2
140.73,15,0,6,46,1008,53.0,1.4,24.4,85.0,0.0,344.48,79.01722796116505,2
140.72,13,0,2,40,1017,360.0,1.4,20.4,63.0,0.0,84.22,68.84725848455285,1
140.66,7,20,3,23,1015,48.0,2.3,21.6,63.0,0.0,89.29,68.18904835555556,1
140.0,11,0,4,34,1009,310.0,1.5,20.4,97.0,0.0,112.74,72.28542808455285,3
139.84,18,40,3,57,1006,354.0,1.8,19.6,97.0,0.2,139.32,69.74675822362205,1
139.82,23,0,4,70,1009,284.0,0.7,21.0,96.0,0.0,139.37,75.91744266666667,1
139.8,17,0,2,52,1007,51.0,3.4,22.6,95.0,1.8,139.37,70.31583314285714,1
139.75,16,0,0,49,1014,333.0,2.5,14.1,80.0,0.0,99.33,55.18706397411003,2
139.73,10,20,5,32,1008,99.0,1.1,28.1,74.0,0.0,117.49,85.6544731692308,3
139.7,8,20,5,26,1014,334.0,1.5,20.3,96.0,0.1,150.79,71.97786458947371,2
139.7,12,40,0,39,1010,302.0,2.3,20.8,92.0,1.1,106.06,69.95523168264461,1
139.66,12,20,5,38,1008,60.0,2.5,24.4,78.0,0.0,107.14,74.62167916116505,2
139.61,11,40,1,36,1005,104.0,4.2,28.7,72.0,0.0,110.77,76.60270441226993,1
139.46,10,0,1,31,1013,11.0,4.5,25.4,42.0,0.0,127.43,65.50360610612246,1
139.44,18,40,4,57,1009,317.0,1.8,21.4,88.0,0.0,191.33,72.27281865762713,1
139.43,10,40,4,33,1006,16.0,3.5,24.1,81.0,0.0,121.61,71.219549169378,1
139.37,22,40,4,69,1009,284.0,0.7,21.0,96.0,0.0,141.77,75.91744266666667,1
139.32,18,40,1,57,1016,347.0,2.3,18.8,73.0,0.0,126.37,64.05590160610686,1
139.31,11,20,3,35,1006,356.0,4.0,20.6,96.0,1.4,136.06,64.5690044852459,1
138.97,17,20,3,53,1012,86.0,2.7,23.1,80.0,0.0,120.31,71.73643930593606,1
138.94,10,20,4,32,1016,349.0,2.0,18.2,81.0,0.0,93.44,64.70591382686568,1
138.75,9,40,3,30,1011,91.0,2.6,26.8,57.0,0.0,119.81,76.09527131428571,1
138.74,20,20,6,62,1015,4.0,1.3,15.4,67.0,0.0,91.44,60.30286998918918,2
138.69,15,20,0,47,1015,222.0,0.9,18.9,92.0,0.0,151.21,70.72085709118774,1
138.64,17,40,4,54,1010,82.0,2.0,23.4,79.0,0.0,151.21,74.43045745185185,1
138.59,17,0,1,52,1005,70.0,3.1,27.1,87.0,0.0,125.14,79.09623818324023,1
138.59,16,40,1,51,1014,326.0,2.2,20.5,65.0,0.0,120.1,66.69410224489796,1
138.56,2,20,5,8,1011,2.0,4.2,19.4,94.0,1.0,120.1,61.35155810000001,2
138.5,16,20,1,50,1005,70.0,3.1,27.1,87.0,0.0,142.26,79.09623818324023,1
138.4,15,20,0,47,1007,315.0,0.8,25.4,86.0,0.0,142.26,83.00703970612247,1
138.31,20,40,2,63,1012,84.0,2.0,24.2,86.0,0.0,122.96,76.8337312,3
138.24,8,40,6,27,1012,301.0,1.8,26.8,67.0,0.0,102.82,79.99331931428571,2
138.21,11,20,0,35,1006,81.0,2.6,28.9,66.0,0.0,124.72,81.25629581614908,1
138.21,19,20,1,59,1007,335.0,2.0,20.3,90.0,0.0,147.87,69.71683978947371,3
138.09,6,20,3,20,1015,48.0,2.3,21.6,63.0,0.0,119.71,68.18904835555556,1
138.02,13,40,6,42,1006,9.0,5.9,25.8,79.0,0.0,106.04,66.55469053333333,3
137.96,8,0,4,25,1006,164.0,1.0,24.7,80.0,0.0,118.11,80.24837808866995,1
137.87,12,0,5,37,1009,326.0,0.9,25.1,90.0,0.0,106.03,82.61377433165829,3
137.65,9,0,4,28,1009,310.0,1.5,20.4,97.0,0.0,135.09,72.28542808455285,3
137.64,13,20,4,41,1010,80.0,2.5,24.3,77.0,0.0,113.86,74.30557092367151,1
137.58,15,20,2,47,1014,310.0,1.0,20.8,93.0,0.0,134.26,74.22722048264463,1
137.45,8,20,4,26,1009,299.0,2.5,20.0,96.0,0.0,120.16,68.18688,3
137.43,10,0,3,31,1015,46.0,2.3,21.3,61.0,0.0,146.4,67.40573000675106,1
137.13,11,20,1,35,1013,11.0,4.5,25.4,42.0,0.0,120.7,65.50360610612246,1
136.97,7,40,0,24,1013,81.0,1.2,21.3,79.0,0.0,99.07,72.97425240675106,1
136.93,10,40,5,33,1008,99.0,1.1,28.1,74.0,0.0,139.73,85.6544731692308,3
136.92,8,20,4,26,1006,164.0,1.0,24.7,80.0,0.0,137.96,80.24837808866995,1
136.91,11,20,6,35,1004,235.0,1.4,29.9,66.0,0.0,128.37,86.98958555231786,3
136.91,10,20,1,32,1005,104.0,4.2,28.7,72.0,0.0,115.27,76.60270441226993,1
136.88,16,20,4,50,1016,354.0,1.8,18.2,87.0,0.0,84.48,65.96112502686569,1
136.83,10,20,3,32,1014,64.0,3.2,23.0,69.0,0.0,134.89,68.62480109090909,3
136.8,19,20,1,59,1014,327.0,1.4,19.4,74.0,0.0,148.12,68.1735901,1
136.78,22,20,0,68,1014,322.0,2.5,19.3,90.0,0.0,148.12,66.16928057587549,1
136.71,5,40,6,18,1016,66.0,2.5,21.4,56.0,0.0,188.04,66.37936585762712,2
136.5,12,0,2,37,1006,57.0,3.9,23.1,94.0,3.0,126.39,69.58136170593608,1
136.45,16,0,4,49,1010,82.0,2.0,23.4,79.0,0.0,133.11,74.43045745185185,1
136.45,16,20,0,50,1015,222.0,0.9,18.9,92.0,0.0,134.99,70.72085709118774,1
136.4,8,40,4,27,1006,164.0,1.0,24.7,80.0,0.0,136.92,80.24837808866995,1
136.32,18,0,6,55,1006,5.0,1.0,22.7,91.0,0.0,147.48,77.71737284125561,3
136.3,16,20,0,50,1007,315.0,0.8,25.4,86.0,0.0,115.2,83.00703970612247,1
136.2,20,0,4,61,1009,319.0,0.9,20.9,96.0,0.0,156.14,75.08030548713694,1
136.13,20,0,3,61,1006,354.0,1.8,19.6,97.0,0.2,119.13,69.74675822362205,1
136.11,6,40,4,21,1006,164.0,1.0,24.7,80.0,0.0,168.5,80.24837808866995,1
136.09,15,0,6,46,1016,57.0,4.4,17.1,60.0,0.0,102.94,52.853749820788536,2
136.07,17,40,3,54,1014,87.0,1.8,21.5,76.0,0.0,100.97,71.0927354893617,3
136.06,11,0,3,34,1006,356.0,4.0,20.6,96.0,1.4,152.54,64.5690044852459,1
136.0,8,40,2,27,1003,92.0,7.5,26.2,94.0,5.5,100.91,64.17827816170212,1
135.97,19,0,0,58,1011,333.0,2.4,20.2,75.0,0.0,171.17,66.5949015483871,1
135.68,18,40,6,57,1007,11.0,0.9,22.8,87.0,0.0,121.72,77.75602718558558,2
135.62,10,20,1,32,1005,327.0,1.5,23.9,75.0,0.0,121.72,76.49521974407584,3
135.38,9,40,1,30,1005,104.0,4.2,28.7,72.0,0.0,169.22,76.60270441226993,1
135.38,9,0,6,28,1014,28.0,5.6,20.4,55.0,0.0,169.22,54.52298328455285,2
135.36,18,0,0,55,1008,347.0,1.3,20.8,80.0,0.0,125.12,71.81136608264462,3
135.34,8,0,5,25,1008,222.0,1.4,27.3,75.0,0.0,120.05,83.30020527683615,3
135.33,10,0,0,31,1006,81.0,2.6,28.9,66.0,0.0,165.4,81.25629581614908,1
135.31,16,0,3,49,1017,41.0,1.8,19.8,71.0,0.0,119.7,67.32415381587302,1
135.28,16,20,5,50,1008,73.0,1.5,23.7,82.0,0.0,125.74,76.97265903849765,2
135.15,12,40,1,39,1014,25.0,1.7,22.1,53.0,0.0,159.27,69.86847638951966,1
135.14,5,40,0,18,1016,104.0,1.5,19.6,90.0,0.1,159.27,69.95337902362205,1
135.09,8,40,4,27,1009,299.0,2.5,20.0,96.0,0.0,137.45,68.18688,3
135.01,10,0,3,31,1011,91.0,2.6,26.8,57.0,0.0,138.75,76.09527131428571,1
134.99,8,0,4,25,1008,90.0,2.5,29.5,53.0,0.0,102.36,80.84435567741937,1
134.99,16,0,0,49,1015,222.0,0.9,18.9,92.0,0.0,76.92,70.72085709118774,1
134.93,17,40,3,54,1008,342.0,2.6,19.9,97.0,0.3,214.16,67.7786350868526,1
134.93,8,0,1,25,1004,96.0,3.6,31.1,63.0,0.0,241.25,81.78337059856115,1
134.92,7,40,1,24,1013,64.0,3.0,23.8,50.0,0.0,127.86,68.43263954716981,1
134.91,9,0,6,28,1012,10.0,4.1,24.9,74.0,0.0,138.24,69.95151576915423,2
134.89,10,0,3,31,1014,64.0,3.2,23.0,69.0,0.0,120.66,68.62480109090909,3
134.87,7,0,1,22,1006,329.0,1.3,24.5,71.0,0.0,88.94,77.77500834146342,3
134.84,15,20,1,47,1014,326.0,2.2,20.5,65.0,0.0,120.18,66.69410224489796,1
134.7,15,0,5,46,1008,73.0,1.5,23.7,82.0,0.0,189.74,76.97265903849765,2
134.7,20,20,1,62,1004,56.0,1.7,26.2,95.0,1.2,97.41,82.86990136170213,1
134.56,13,40,0,42,1014,17.0,0.7,19.6,87.0,0.0,111.03,72.19050222362205,1
134.51,12,20,1,38,1015,105.0,3.5,21.6,70.0,0.0,140.94,65.15333155555557,1
134.46,22,20,5,68,1013,216.0,3.2,19.6,97.0,0.0,150.0,65.26675822362205,2
134.46,12,20,3,38,1012,91.0,3.6,24.4,72.0,0.0,150.0,70.35120876116504,1
134.41,13,20,0,41,1007,96.0,3.5,26.4,78.0,0.0,106.09,75.25643193118279,1
134.29,12,0,6,37,1014,353.0,4.3,22.7,77.0,0.0,128.16,65.4928120412556,2
134.26,15,0,2,46,1014,310.0,1.0,20.8,93.0,0.0,104.7,74.22722048264463,1
134.12,6,40,6,21,1004,208.0,2.3,32.8,52.0,0.0,73.19,87.47100737049179,3
134.12,9,0,5,28,1014,333.0,2.2,20.3,96.0,0.0,133.95,69.73786458947369,2
134.0,16,20,4,50,1010,82.0,2.0,23.4,79.0,0.0,136.45,74.43045745185185,1
133.95,8,40,5,27,1014,334.0,1.5,20.3,96.0,0.1,139.7,71.97786458947371,2
133.93,16,0,0,49,1008,62.0,3.1,23.1,76.0,0.0,98.27,69.97503290593608,3
133.82,7,0,1,22,1012,7.0,4.6,26.9,43.0,0.0,101.12,68.00156924419889,1
133.63,18,0,1,55,1014,327.0,1.4,19.4,74.0,0.0,116.77,68.1735901,1
133.57,18,40,2,57,1016,327.0,1.9,18.9,83.0,0.0,132.6,66.57513349118774,1
133.56,20,20,4,62,1015,202.0,1.1,18.4,89.0,0.0,133.25,68.79453140451128,1
133.53,23,20,6,71,1007,358.0,0.5,21.8,93.0,0.0,103.68,77.78836322758622,2
133.51,16,0,6,49,1015,7.0,2.1,21.9,80.0,0.0,120.06,71.35673856277057,2
133.5,19,40,2,60,1012,84.0,2.0,24.2,86.0,0.0,126.08,76.8337312,3
133.5,18,20,5,56,1007,325.0,1.4,21.9,91.0,0.0,112.88,74.87261096277057,2
133.38,19,0,5,58,1007,325.0,1.4,21.9,91.0,0.0,126.31,74.87261096277057,2
133.28,9,0,1,28,1013,87.0,2.4,23.0,56.0,0.0,87.59,69.62495709090909,1
133.28,4,20,5,14,1011,5.0,5.5,20.3,81.0,0.0,87.59,57.525302589473675,2
133.25,20,0,4,61,1015,202.0,1.1,18.4,89.0,0.0,141.14,68.79453140451128,1
133.18,8,40,3,27,1011,117.0,2.3,28.7,54.0,0.0,128.09,80.14986681226993,1
133.13,12,40,4,39,1016,1.0,1.4,18.3,83.0,0.0,114.07,67.0229637857678,1
133.11,15,40,4,48,1010,82.0,2.0,23.4,79.0,0.0,124.63,74.43045745185185,1
132.97,13,40,4,42,1008,351.0,2.3,22.5,83.0,0.0,141.8,72.22068777777778,1
132.84,13,0,1,40,1006,330.0,1.3,22.9,78.0,0.0,116.72,75.59367449411766,3
132.78,11,40,6,36,1007,57.0,2.8,28.9,57.0,0.0,99.58,79.34333221614908,2
132.72,21,0,3,64,1006,354.0,1.8,19.6,97.0,0.2,104.41,69.74675822362205,1
132.62,13,20,0,41,1014,333.0,2.5,14.1,80.0,0.0,103.97,55.18706397411003,2
132.61,21,0,3,64,1016,352.0,2.5,18.0,89.0,0.3,111.42,63.537913481481475,1
132.6,18,20,2,56,1016,327.0,1.9,18.9,83.0,0.0,127.47,66.57513349118774,1
132.59,19,0,5,58,1013,215.0,1.7,19.7,97.0,0.0,103.7,70.26403439209486,2
132.54,12,40,6,39,1016,52.0,6.0,18.8,58.0,0.0,143.09,50.64514960610686,2
132.51,15,40,4,48,1009,353.0,2.5,20.9,98.0,2.5,112.81,70.18501028713693,3
132.5,13,20,2,41,1017,360.0,1.4,20.4,63.0,0.0,140.72,68.84725848455285,1
132.43,9,20,2,29,1016,39.0,3.7,21.2,57.0,0.0,101.15,62.287488887394964,1
132.41,14,20,5,44,1014,344.0,0.9,20.0,97.0,0.0,369.3,73.41596,2
132.38,22,20,1,68,1008,250.0,1.4,19.9,90.0,0.0,80.23,70.8576202868526,3
132.34,14,40,5,45,1014,344.0,0.9,20.0,97.0,0.0,132.41,73.41596,2
132.26,15,0,3,46,1012,86.0,2.7,23.1,80.0,0.0,131.84,71.73643930593606,1
132.2,14,0,3,43,1015,85.0,1.5,22.2,74.0,0.0,124.69,73.1488842385965,3
132.16,16,0,3,49,1008,342.0,2.6,19.9,97.0,0.3,129.72,67.7786350868526,1
132.12,13,40,6,42,1014,353.0,4.3,22.7,77.0,0.0,112.56,65.4928120412556,2
132.11,9,0,6,28,1004,235.0,1.4,29.9,66.0,0.0,92.98,86.98958555231786,3
132.08,19,0,6,58,1015,4.0,1.3,15.4,67.0,0.0,235.62,60.30286998918918,2
132.06,9,20,0,29,1006,44.0,3.6,24.2,79.0,0.0,143.49,70.8432728,3
132.06,10,20,6,32,1004,235.0,1.4,29.9,66.0,0.0,103.61,86.98958555231786,3
132.05,14,0,0,43,1008,29.0,1.8,24.0,78.0,0.0,103.09,76.09627961904762,3
132.0,18,0,4,55,1009,319.0,0.9,20.9,96.0,0.0,152.54,75.08030548713694,1
131.94,11,0,6,34,1012,10.0,4.1,24.9,74.0,0.0,111.56,69.95151576915423,2
131.89,3,0,1,10,1007,344.0,2.0,23.1,74.0,0.0,78.81,73.2543297059361,3
131.88,13,20,5,41,1014,344.0,0.9,20.0,97.0,0.0,250.88,73.41596,2
131.84,14,40,3,45,1012,91.0,3.6,24.4,72.0,0.0,126.57,70.35120876116504,1
131.79,9,40,2,30,1009,52.0,2.8,26.5,64.0,0.0,127.37,75.8305587027027,3
131.75,14,0,1,43,1015,105.0,3.5,21.6,70.0,0.0,106.54,65.15333155555557,1
131.72,15,20,5,47,1015,15.0,5.5,18.6,60.0,0.0,116.77,52.08722424242424,2
131.63,12,40,4,39,1008,351.0,2.3,22.5,83.0,0.0,116.73,72.22068777777778,1
131.56,20,0,5,61,1013,215.0,1.7,19.7,97.0,0.0,121.98,70.26403439209486,2
131.31,18,0,3,55,1012,33.0,1.1,21.9,84.0,0.0,108.64,75.02069216277057,1
131.25,13,40,4,42,1009,319.0,1.8,20.7,98.0,0.6,119.34,72.02933702386831,3
131.17,16,0,5,49,1014,86.0,0.0,19.8,97.0,0.0,166.3,75.90132661587302,2
131.16,11,20,6,35,1014,28.0,5.6,20.4,55.0,0.0,112.73,54.52298328455285,2
131.03,12,0,0,37,1014,17.0,0.7,19.6,87.0,0.0,100.05,72.19050222362205,1
131.01,15,20,6,47,1006,358.0,2.3,23.2,93.0,0.0,122.51,74.77753187522936,3
130.99,18,0,1,55,1007,335.0,2.0,20.3,90.0,0.0,111.96,69.71683978947371,3
130.99,16,20,6,50,1006,358.0,2.3,23.2,93.0,0.0,143.37,74.77753187522936,3
130.92,9,0,1,28,1013,11.0,4.5,25.4,42.0,0.0,164.12,65.50360610612246,1
130.89,19,20,3,59,1012,33.0,1.1,21.9,84.0,0.0,101.74,75.02069216277057,1
130.78,17,20,0,53,1015,222.0,0.9,18.9,92.0,0.0,82.56,70.72085709118774,1
130.77,12,0,4,37,1010,80.0,2.5,24.3,77.0,0.0,119.98,74.30557092367151,1
130.73,9,20,4,29,1008,96.0,4.5,27.2,61.0,0.0,124.29,71.2951962786517,1
130.7,19,0,0,58,1014,341.0,1.5,19.1,92.0,0.0,142.19,69.19157370193051,1
130.56,5,40,4,18,1018,2.0,1.6,18.8,82.0,0.0,168.14,67.23835280610686,1
130.49,21,0,4,64,1015,360.0,2.3,18.5,90.0,0.0,162.61,65.25234603773585,1
130.38,9,40,3,30,1006,356.0,4.0,20.6,96.0,1.4,87.43,64.5690044852459,1
130.36,17,20,2,53,1007,51.0,3.4,22.6,95.0,1.8,139.8,70.31583314285714,1
130.35,4,0,1,13,1014,354.0,2.6,23.9,58.0,0.0,110.65,70.87979294407583,1
130.23,20,20,2,62,1016,327.0,1.9,18.9,83.0,0.0,89.78,66.57513349118774,1
130.17,19,0,2,58,1012,84.0,2.0,24.2,86.0,0.0,124.75,76.8337312,3
130.06,18,0,2,55,1013,341.0,1.7,20.2,94.0,0.0,140.86,70.92123834838709,1
130.03,17,40,6,54,1008,53.0,1.4,24.4,85.0,0.0,185.8,79.01722796116505,2
130.02,6,40,0,21,1013,81.0,1.2,21.3,79.0,0.0,75.72,72.97425240675106,1
130.01,6,40,6,21,1014,54.0,3.5,21.7,49.0,0.0,75.72,62.92066671416309,2
129.89,10,0,0,31,1006,44.0,3.6,24.2,79.0,0.0,127.22,70.8432728,3
129.75,21,40,1,66,1003,28.0,2.9,26.4,94.0,0.0,127.22,79.29403833118279,1
129.72,15,40,3,48,1008,342.0,2.6,19.9,97.0,0.3,126.35,67.7786350868526,1
129.66,21,20,0,65,1008,303.0,1.9,20.7,88.0,0.0,140.74,70.59308502386831,3
129.64,8,0,5,25,1007,54.0,3.8,29.6,55.0,0.0,100.63,77.15702784415585,2
129.59,21,20,3,65,1006,354.0,1.8,19.6,97.0,0.2,132.72,69.74675822362205,1
129.58,23,0,3,70,1012,25.0,2.3,20.1,81.0,0.0,132.72,67.38220395341366,3
129.48,14,20,4,44,1009,319.0,1.8,20.7,98.0,0.6,149.77,72.02933702386831,3
129.48,21,0,3,64,1011,324.0,1.7,20.5,92.0,0.0,101.17,71.28834824489796,1
129.41,15,0,1,46,1007,310.0,1.5,22.6,80.0,0.0,116.91,74.61782914285716,3
129.36,9,0,4,28,1006,16.0,3.5,24.1,81.0,0.0,136.4,71.219549169378,1
129.35,15,0,0,46,1014,333.0,2.5,14.1,80.0,0.0,98.79,55.18706397411003,2
129.23,9,40,5,30,1014,333.0,2.2,20.3,96.0,0.0,126.34,69.73786458947369,2
129.21,15,20,1,47,1005,70.0,3.1,27.1,87.0,0.0,104.7,79.09623818324023,1
129.19,7,0,1,22,1013,64.0,3.0,23.8,50.0,0.0,73.47,68.43263954716981,1
129.09,10,0,2,31,1009,52.0,2.8,26.5,64.0,0.0,131.79,75.8305587027027,3
129.05,5,0,3,16,1013,187.0,2.5,26.4,62.0,0.0,103.71,76.33882553118279,1
128.94,10,40,0,33,1014,333.0,2.5,14.1,80.0,0.0,152.2,55.18706397411003,2
128.91,13,20,2,41,1006,57.0,3.9,23.1,94.0,3.0,106.85,69.58136170593608,1
128.91,8,40,0,27,1007,12.0,6.2,26.8,56.0,0.0,146.15,64.44146651428571,1
128.91,18,40,0,57,1006,46.0,1.3,24.7,92.0,0.0,146.15,80.80240848866997,1
128.84,16,40,6,51,1015,7.0,2.1,21.9,80.0,0.0,172.85,71.35673856277057,2
128.83,14,0,0,43,1010,302.0,2.3,20.8,92.0,1.1,127.77,69.95523168264461,1
128.59,19,40,1,60,1016,347.0,2.3,18.8,73.0,0.0,128.57,64.05590160610686,1
128.57,20,20,2,62,1006,38.0,5.5,22.0,94.0,1.2,110.32,62.29718539130435,1
128.57,19,20,1,59,1016,347.0,2.3,18.8,73.0,0.0,109.64,64.05590160610686,1
128.45,15,0,4,46,1010,82.0,2.0,23.4,79.0,0.0,187.93,74.43045745185185,1
128.42,18,20,0,56,1008,347.0,1.3,20.8,80.0,0.0,135.36,71.81136608264462,3
128.37,11,0,6,34,1004,235.0,1.4,29.9,66.0,0.0,102.79,86.98958555231786,3
128.25,12,20,5,38,1009,326.0,0.9,25.1,90.0,0.0,137.87,82.61377433165829,3
128.24,16,20,2,50,1012,8.0,3.3,24.7,76.0,0.0,123.07,72.38370128866995,3
128.14,14,0,1,43,1006,330.0,1.3,22.9,78.0,0.0,85.9,75.59367449411766,3
128.12,10,0,1,31,1013,87.0,2.4,23.0,56.0,0.0,93.94,69.62495709090909,1
128.1,8,0,6,25,1006,85.0,2.9,29.9,58.0,0.0,75.41,81.02897435231787,2
128.09,15,20,6,47,1015,7.0,2.1,21.9,80.0,0.0,156.42,71.35673856277057,2
128.09,8,20,3,26,1011,117.0,2.3,28.7,54.0,0.0,123.65,80.14986681226993,1
128.01,18,20,4,56,1008,342.0,4.1,20.4,97.0,2.0,120.7,63.96542808455286,3
127.97,12,20,4,38,1010,80.0,2.5,24.3,77.0,0.0,130.77,74.30557092367151,1
127.86,7,20,1,23,1013,64.0,3.0,23.8,50.0,0.0,129.19,68.43263954716981,1
127.82,20,0,6,61,1007,11.0,0.9,22.8,87.0,0.0,129.19,77.75602718558558,2
127.77,13,40,0,42,1010,302.0,2.3,20.8,92.0,1.1,124.98,69.95523168264461,1
127.73,21,40,5,66,1007,172.0,2.0,23.7,95.0,0.0,87.16,76.96559063849764,3
127.61,10,0,2,31,1013,348.0,1.5,24.9,67.0,0.0,158.7,77.38324096915423,1
127.47,18,0,2,55,1016,327.0,1.9,18.9,83.0,0.0,110.97,66.57513349118774,1
127.43,9,40,1,30,1013,11.0,4.5,25.4,42.0,0.0,117.32,65.50360610612246,1
127.39,13,20,3,41,1008,10.0,3.1,20.3,97.0,1.5,117.32,66.96803538947367,1
127.37,9,20,2,29,1009,52.0,2.8,26.5,64.0,0.0,113.78,75.8305587027027,3
127.27,9,40,2,30,1004,53.0,5.1,24.7,93.0,1.3,98.1,68.76857768866995,1
127.25,10,0,5,31,1006,78.0,5.2,27.8,64.0,0.0,143.46,70.58597715348839,2
127.22,9,40,0,30,1006,44.0,3.6,24.2,79.0,0.0,132.06,70.8432728,3
127.11,19,0,3,58,1016,352.0,1.5,19.1,75.0,0.0,108.18,67.3928445019305,1
127.1,8,20,1,26,1013,64.0,3.0,23.8,50.0,0.0,86.56,68.43263954716981,1
127.09,10,0,6,31,1014,28.0,5.6,20.4,55.0,0.0,230.32,54.52298328455285,2
127.03,17,20,0,53,1014,333.0,2.5,14.1,80.0,0.0,126.05,55.18706397411003,2
127.02,17,0,2,52,1012,8.0,3.3,24.7,76.0,0.0,100.03,72.38370128866995,3
127.01,9,40,0,30,1014,333.0,2.5,14.1,80.0,0.0,105.35,55.18706397411003,2
126.93,11,40,5,36,1014,333.0,2.2,20.3,96.0,0.0,102.47,69.73786458947369,2
126.91,11,40,4,36,1009,310.0,1.5,20.4,97.0,0.0,109.24,72.28542808455285,3
126.88,20,0,4,61,1008,342.0,4.1,20.4,97.0,2.0,141.98,63.96542808455286,3
126.86,16,0,2,49,1017,326.0,1.6,19.3,78.0,0.0,143.76,67.77086297587549,1
126.83,3,20,6,11,1007,220.0,2.9,30.1,64.0,0.0,143.76,82.27749762147654,3
126.79,15,0,5,46,1014,190.0,0.0,19.8,97.0,0.0,132.34,75.90132661587302,2
126.77,7,20,5,23,1014,334.0,1.5,20.3,96.0,0.1,115.07,71.97786458947371,2
126.7,15,0,2,46,1007,51.0,3.4,22.6,95.0,1.8,112.93,70.31583314285714,1
126.57,14,20,3,44,1012,91.0,3.6,24.4,72.0,0.0,197.75,70.35120876116504,1
126.45,19,20,4,59,1009,319.0,0.9,20.9,96.0,0.0,178.87,75.08030548713694,1
126.39,11,40,2,36,1004,53.0,5.1,24.7,93.0,1.3,121.81,68.76857768866995,1
126.37,18,20,1,56,1016,347.0,2.3,18.8,73.0,0.0,204.27,64.05590160610686,1
126.36,6,40,2,21,1016,100.0,3.1,22.1,59.0,0.0,204.27,66.08876998951965,1
126.35,15,20,3,47,1008,342.0,2.6,19.9,97.0,0.3,112.4,67.7786350868526,1
126.34,9,20,5,29,1014,333.0,2.2,20.3,96.0,0.0,134.12,69.73786458947369,2
126.33,20,40,6,63,1006,5.0,1.0,22.7,91.0,0.0,111.47,77.71737284125561,3
126.31,18,40,5,57,1007,325.0,1.4,21.9,91.0,0.0,133.5,74.87261096277057,2
126.26,19,0,6,58,1007,11.0,0.9,22.8,87.0,0.0,135.68,77.75602718558558,2
126.09,7,0,4,22,1016,359.0,1.9,18.5,84.0,0.0,163.13,65.91059003773586,1
126.08,19,20,2,59,1012,84.0,2.0,24.2,86.0,0.0,130.17,76.8337312,3
126.06,12,0,1,37,1014,25.0,1.7,22.1,53.0,0.0,122.74,69.86847638951966,1
126.05,17,0,0,52,1014,333.0,2.5,14.1,80.0,0.0,105.88,55.18706397411003,2
126.05,3,0,5,10,1009,193.0,1.3,27.8,64.0,0.0,480.42,83.06597715348839,2
126.04,6,40,5,21,1010,17.0,3.6,22.1,72.0,0.0,480.42,66.00607278951965,2
126.04,23,0,0,70,1008,303.0,1.9,20.7,88.0,0.0,83.01,70.59308502386831,3
126.0,19,40,4,60,1009,317.0,1.8,21.4,88.0,0.0,83.01,72.27281865762713,1
125.98,10,20,0,32,1006,44.0,3.6,24.2,79.0,0.0,129.89,70.8432728,3
125.97,17,0,3,52,1008,342.0,2.6,19.9,97.0,0.3,149.6,67.7786350868526,1
125.96,7,0,4,22,1006,164.0,1.0,24.7,80.0,0.0,136.11,80.24837808866995,1
125.93,13,20,1,41,1006,40.0,3.4,27.4,85.0,0.0,98.75,78.45149636363634,1
125.92,19,20,4,59,1008,342.0,4.1,20.4,97.0,2.0,203.67,63.96542808455286,3
125.82,15,40,2,48,1014,310.0,1.0,20.8,93.0,0.0,137.58,74.22722048264463,1
125.78,6,0,1,19,1013,64.0,3.0,23.8,50.0,0.0,90.51,68.43263954716981,1
125.74,16,0,5,49,1008,73.0,1.5,23.7,82.0,0.0,115.57,76.97265903849765,2
125.67,20,20,5,62,1015,340.0,2.4,16.4,73.0,0.0,192.92,59.217620654545456,2
125.66,5,40,5,18,1009,193.0,1.3,27.8,64.0,0.0,192.92,83.06597715348839,2
125.58,9,0,0,28,1008,351.0,5.3,23.8,72.0,0.1,128.91,63.77636914716982,1
125.56,6,40,0,21,1006,35.0,2.6,25.4,72.0,0.0,105.38,75.44503810612245,3
125.52,10,40,6,33,1007,57.0,2.8,28.9,57.0,0.0,114.46,79.34333221614908,2
125.48,13,20,6,41,1016,52.0,6.0,18.8,58.0,0.0,122.75,50.64514960610686,2
125.41,20,40,2,63,1016,327.0,1.9,18.9,83.0,0.0,130.23,66.57513349118774,1
125.4,13,20,5,41,1014,41.0,4.6,20.2,66.0,0.0,105.53,58.5666367483871,2
125.27,22,20,6,68,1006,11.0,2.7,22.6,90.0,0.0,283.85,71.96316514285716,3
125.17,21,20,2,65,1013,320.0,1.6,19.5,96.0,0.0,100.21,70.08223592156861,1
125.14,16,40,1,51,1005,70.0,3.1,27.1,87.0,0.0,138.5,79.09623818324023,1
125.12,10,40,4,33,1016,349.0,2.0,18.2,81.0,0.0,138.94,64.70591382686568,1
125.12,9,40,0,30,1008,351.0,5.3,23.8,72.0,0.1,138.94,63.77636914716982,1
125.12,17,40,0,54,1008,62.0,3.1,23.1,76.0,0.0,98.59,69.97503290593608,3
125.04,12,0,4,37,1008,351.0,2.3,22.5,83.0,0.0,124.09,72.22068777777778,1
124.98,13,20,0,41,1010,302.0,2.3,20.8,92.0,1.1,124.09,69.95523168264461,1
124.97,21,0,3,64,1012,25.0,2.3,20.1,81.0,0.0,107.88,67.38220395341366,3
124.97,16,40,3,51,1012,86.0,2.7,23.1,80.0,0.0,120.29,71.73643930593606,1
124.89,6,40,4,21,1009,299.0,2.5,20.0,96.0,0.0,79.97,68.18688,3
124.83,9,40,5,30,1008,99.0,1.1,28.1,74.0,0.0,123.62,85.6544731692308,3
124.75,18,40,2,57,1012,84.0,2.0,24.2,86.0,0.0,115.79,76.8337312,3
124.72,11,0,0,34,1006,81.0,2.6,28.9,66.0,0.0,100.32,81.25629581614908,1
124.69,13,40,3,42,1015,85.0,1.5,22.2,74.0,0.0,112.94,73.1488842385965,3
124.63,15,20,4,47,1010,82.0,2.0,23.4,79.0,0.0,128.45,74.43045745185185,1
124.34,8,40,5,27,1007,54.0,3.8,29.6,55.0,0.0,155.65,77.15702784415585,2
124.34,16,40,4,51,1016,354.0,1.8,18.2,87.0,0.0,136.88,65.96112502686569,1
124.29,18,20,1,56,1004,56.0,1.7,26.2,95.0,1.2,121.61,82.86990136170213,1
124.29,9,0,4,28,1008,96.0,4.5,27.2,61.0,0.0,155.03,71.2951962786517,1
124.25,9,20,6,29,1007,57.0,2.8,28.9,57.0,0.0,122.01,79.34333221614908,2
124.11,7,20,3,23,1013,59.0,1.5,23.9,82.0,0.8,93.2,77.35804254407584,3
124.1,10,20,6,32,1012,10.0,4.1,24.9,74.0,0.0,103.33,69.95151576915423,2
124.09,11,40,4,36,1006,16.0,3.5,24.1,81.0,0.0,117.8,71.219549169378,1
124.08,8,40,1,27,1006,329.0,1.3,24.5,71.0,0.0,122.98,77.77500834146342,3
124.05,6,20,0,20,1014,333.0,2.5,14.1,80.0,0.0,146.12,55.18706397411003,2
124.05,22,0,4,67,1009,284.0,0.7,21.0,96.0,0.0,150.45,75.91744266666667,1
124.04,14,40,5,45,1009,326.0,0.9,25.1,90.0,0.0,107.44,82.61377433165829,3
124.02,5,40,2,18,1004,65.0,4.3,27.9,86.0,0.0,107.44,76.68534831812865,1
124.02,13,40,3,42,1017,24.0,2.2,20.3,69.0,0.0,115.55,66.76325298947367,1
123.89,18,0,2,55,1012,84.0,2.0,24.2,86.0,0.0,114.28,76.8337312,3
123.84,17,0,5,52,1008,73.0,1.5,23.7,82.0,0.0,101.85,76.97265903849765,2
123.8,20,20,0,62,1006,46.0,1.3,24.7,92.0,0.0,101.85,80.80240848866997,1
123.8,7,0,1,22,1004,96.0,3.6,31.1,63.0,0.0,199.33,81.78337059856115,1
123.73,8,0,0,25,1007,12.0,6.2,26.8,56.0,0.0,110.87,64.44146651428571,1
123.65,8,0,3,25,1011,117.0,2.3,28.7,54.0,0.0,111.39,80.14986681226993,1
123.62,9,20,5,29,1008,99.0,1.1,28.1,74.0,0.0,105.89,85.6544731692308,3
123.53,9,0,5,28,1006,78.0,5.2,27.8,64.0,0.0,124.34,70.58597715348839,2
123.49,10,20,4,32,1009,310.0,1.5,20.4,97.0,0.0,92.84,72.28542808455285,3
123.41,14,40,4,45,1008,351.0,2.3,22.5,83.0,0.0,143.76,72.22068777777778,1
123.16,13,20,6,41,1008,83.0,2.9,25.2,76.0,0.0,95.59,74.61796085656566,2
123.13,16,20,6,50,1016,57.0,4.4,17.1,60.0,0.0,95.59,52.853749820788536,2
123.12,12,20,2,38,1012,59.0,2.0,25.4,72.0,0.0,88.71,77.36503810612246,3
123.1,15,40,2,48,1012,8.0,3.3,24.7,76.0,0.0,108.99,72.38370128866995,3
123.07,16,0,2,49,1012,8.0,3.3,24.7,76.0,0.0,123.1,72.38370128866995,3
123.05,19,40,3,60,1013,4.0,1.5,20.9,80.0,0.0,118.18,71.36266708713694,3
122.98,8,20,1,26,1006,329.0,1.3,24.5,71.0,0.0,79.33,77.77500834146342,3
122.96,20,20,2,62,1012,84.0,2.0,24.2,86.0,0.0,82.1,76.8337312,3
122.93,12,20,3,38,1017,24.0,2.2,20.3,69.0,0.0,103.22,66.76325298947367,1
122.92,10,40,3,33,1015,46.0,2.3,21.3,61.0,0.0,121.1,67.40573000675106,1
122.77,14,0,2,43,1014,320.0,2.4,21.3,91.0,0.5,92.27,70.49993400675106,1
122.75,13,0,6,40,1016,52.0,6.0,18.8,58.0,0.0,132.54,50.64514960610686,2
122.74,11,40,1,36,1013,11.0,4.5,25.4,42.0,0.0,137.13,65.50360610612246,1
122.51,15,0,6,46,1006,358.0,2.3,23.2,93.0,0.0,191.95,74.77753187522936,3
122.45,20,20,4,62,1009,317.0,1.8,21.4,88.0,0.0,110.8,72.27281865762713,1
122.42,9,40,0,30,1014,109.0,1.1,20.9,79.0,0.0,108.23,72.53031468713692,1
122.4,9,40,6,30,1004,235.0,1.4,29.9,66.0,0.0,117.56,86.98958555231786,3
122.36,21,0,2,64,1006,29.0,4.1,21.5,95.0,0.5,148.0,65.9088814893617,1
122.19,17,0,1,52,1014,326.0,2.2,20.5,65.0,0.0,138.59,66.69410224489796,1
122.15,13,0,4,40,1009,319.0,1.8,20.7,98.0,0.6,94.1,72.02933702386831,3
122.08,10,20,2,32,1009,52.0,2.8,26.5,64.0,0.0,129.09,75.8305587027027,3
122.05,5,40,4,18,1007,323.0,2.3,22.4,86.0,0.0,404.44,72.38138763893805,1
122.01,9,0,6,28,1007,57.0,2.8,28.9,57.0,0.0,93.78,79.34333221614908,2
121.98,19,40,5,60,1013,215.0,1.7,19.7,97.0,0.0,108.81,70.26403439209486,2
121.97,11,0,4,34,1008,96.0,4.5,27.2,61.0,0.0,114.58,71.2951962786517,1
121.93,22,40,0,69,1006,87.0,1.5,24.9,90.0,0.0,114.87,80.30185816915423,1
121.88,8,0,4,25,1016,359.0,1.9,18.5,84.0,0.0,106.9,65.91059003773586,1
121.84,16,40,4,51,1009,353.0,2.5,20.9,98.0,2.5,105.95,70.18501028713693,3
121.81,11,20,2,35,1004,53.0,5.1,24.7,93.0,1.3,75.62,68.76857768866995,1
121.73,9,0,3,28,1006,356.0,4.0,20.6,96.0,1.4,100.23,64.5690044852459,1
121.72,18,20,6,56,1007,11.0,0.9,22.8,87.0,0.0,115.38,77.75602718558558,2
121.63,20,40,6,63,1007,11.0,0.9,22.8,87.0,0.0,144.87,77.75602718558558,2
121.63,22,40,5,69,1008,324.0,1.1,21.2,93.0,0.0,107.37,74.69144408739496,2
121.62,6,20,2,20,1009,126.0,1.5,26.5,64.0,0.0,196.09,79.9905587027027,3
121.61,10,20,4,32,1006,16.0,3.5,24.1,81.0,0.0,156.42,71.219549169378,1
121.61,18,0,1,55,1004,56.0,1.7,26.2,95.0,1.2,97.87,82.86990136170213,1
121.53,4,40,0,15,1008,15.0,4.5,24.4,67.0,0.0,97.87,66.84581676116505,1
121.47,22,40,5,69,1007,172.0,2.0,23.7,95.0,0.0,147.09,76.96559063849764,3
121.44,15,0,0,46,1011,18.0,2.6,21.4,80.0,0.0,178.95,68.79945545762712,1
121.36,9,20,6,29,1012,10.0,4.1,24.9,74.0,0.0,134.91,69.95151576915423,2
121.36,16,40,6,51,1006,358.0,2.3,23.2,93.0,0.0,130.99,74.77753187522936,3
121.23,20,40,2,63,1013,341.0,1.7,20.2,94.0,0.0,140.9,70.92123834838709,1
121.16,17,0,4,52,1009,353.0,2.5,20.9,98.0,2.5,121.84,70.18501028713693,3
121.12,21,0,0,64,1012,319.0,2.7,19.1,75.0,0.0,118.27,63.5528445019305,1
121.12,13,20,1,41,1006,330.0,1.3,22.9,78.0,0.0,132.84,75.59367449411766,3
121.1,10,20,3,32,1015,46.0,2.3,21.3,61.0,0.0,137.43,67.40573000675106,1
121.02,1,40,3,6,1008,345.0,2.3,21.5,97.0,3.1,154.35,71.89794948936171,1
120.98,20,40,5,63,1008,334.0,0.8,23.5,95.0,0.0,110.25,80.4108611627907,3
120.87,10,20,3,32,1011,91.0,2.6,26.8,57.0,0.0,135.01,76.09527131428571,1
120.83,12,0,2,37,1017,360.0,1.4,20.4,63.0,0.0,104.02,68.84725848455285,1
120.7,18,0,4,55,1008,342.0,4.1,20.4,97.0,2.0,142.78,63.96542808455286,3
120.7,11,0,1,34,1013,11.0,4.5,25.4,42.0,0.0,120.36,65.50360610612246,1
120.66,9,40,3,30,1014,64.0,3.2,23.0,69.0,0.0,102.44,68.62480109090909,3
120.55,14,40,0,45,1014,17.0,0.7,19.6,87.0,0.0,147.23,72.19050222362205,1
120.48,11,40,4,36,1016,349.0,2.0,18.2,81.0,0.0,115.22,64.70591382686568,1
120.48,12,20,6,38,1008,83.0,2.9,25.2,76.0,0.0,112.24,74.61796085656566,2
120.44,14,0,6,43,1006,9.0,5.9,25.8,79.0,0.0,138.02,66.55469053333333,3
120.36,10,40,1,33,1013,11.0,4.5,25.4,42.0,0.0,115.81,65.50360610612246,1
120.32,22,0,4,67,1015,360.0,2.3,18.5,90.0,0.0,115.81,65.25234603773585,1
120.31,17,0,3,52,1012,86.0,2.7,23.1,80.0,0.0,124.97,71.73643930593606,1
120.29,16,20,3,50,1012,86.0,2.7,23.1,80.0,0.0,216.68,71.73643930593606,1
120.29,9,20,1,29,1013,87.0,2.4,23.0,56.0,0.0,133.28,69.62495709090909,1
120.18,15,0,1,46,1014,326.0,2.2,20.5,65.0,0.0,145.0,66.69410224489796,1
120.16,8,0,4,25,1009,299.0,2.5,20.0,96.0,0.0,96.91,68.18688,3
120.15,20,0,6,61,1014,344.0,2.0,21.3,83.0,0.0,96.91,70.86947960675106,2
120.14,8,40,4,27,1016,359.0,1.9,18.5,84.0,0.0,111.75,65.91059003773586,1
120.1,16,20,1,50,1014,326.0,2.2,20.5,65.0,0.0,167.51,66.69410224489796,1
120.09,15,20,1,47,1016,45.0,2.8,20.3,66.0,0.0,167.51,64.51274058947368,1
120.09,10,20,5,32,1006,78.0,5.2,27.8,64.0,0.0,127.25,70.58597715348839,2
120.06,15,40,6,48,1015,7.0,2.1,21.9,80.0,0.0,128.09,71.35673856277057,2
120.05,7,40,5,24,1008,222.0,1.4,27.3,75.0,0.0,93.58,83.30020527683615,3
120.02,7,20,5,23,1007,54.0,3.8,29.6,55.0,0.0,117.53,77.15702784415585,2
119.98,11,40,4,36,1008,96.0,4.5,27.2,61.0,0.0,93.86,71.2951962786517,1
119.94,9,40,6,30,1007,57.0,2.8,28.9,57.0,0.0,124.25,79.34333221614908,2
119.93,6,20,4,20,1016,359.0,1.9,18.5,84.0,0.0,112.75,65.91059003773586,1
119.93,21,20,4,65,1009,319.0,1.7,20.7,93.0,0.0,110.89,71.79121102386831,1
119.93,6,40,4,21,1008,90.0,2.5,29.5,53.0,0.0,146.82,80.84435567741937,1
119.83,8,0,3,25,1006,355.0,6.9,21.0,95.0,0.1,100.25,55.96472666666668,1
119.81,9,20,3,29,1011,91.0,2.6,26.8,57.0,0.0,95.44,76.09527131428571,1
119.79,10,40,1,33,1005,104.0,4.2,28.7,72.0,0.0,136.91,76.60270441226993,1
119.77,6,40,3,21,1011,117.0,2.3,28.7,54.0,0.0,117.09,80.14986681226993,1
119.71,6,0,3,19,1015,48.0,2.3,21.6,63.0,0.0,117.09,68.18904835555556,1
119.7,15,40,3,48,1017,41.0,1.8,19.8,71.0,0.0,110.57,67.32415381587302,1
119.6,16,40,4,51,1010,82.0,2.0,23.4,79.0,0.0,134.0,74.43045745185185,1
119.55,3,0,1,10,1006,72.0,3.0,28.5,77.0,0.0,96.62,80.76064078787876,1
119.52,21,0,1,64,1017,4.0,1.9,19.2,74.0,0.0,82.29,66.19587276899225,1
119.43,8,20,3,26,1015,48.0,2.3,21.6,63.0,0.0,117.33,68.18904835555556,1
119.39,21,0,1,64,1003,28.0,2.9,26.4,94.0,0.0,115.46,79.29403833118279,1
119.34,13,20,4,41,1009,319.0,1.8,20.7,98.0,0.6,122.15,72.02933702386831,3
119.31,10,40,2,33,1004,53.0,5.1,24.7,93.0,1.3,116.42,68.76857768866995,1
119.3,6,40,2,21,1013,328.0,3.0,26.2,56.0,0.0,116.42,73.57659656170213,1
119.19,11,0,4,34,1016,349.0,2.0,18.2,81.0,0.0,125.12,64.70591382686568,1
119.13,19,40,3,60,1006,354.0,1.8,19.6,97.0,0.2,158.71,69.74675822362205,1
119.12,12,0,0,37,1008,29.0,1.8,24.0,78.0,0.0,106.29,76.09627961904762,3
119.1,12,40,1,39,1006,40.0,3.4,27.4,85.0,0.0,112.94,78.45149636363634,1
119.1,14,0,0,43,1014,333.0,2.5,14.1,80.0,0.0,90.37,55.18706397411003,2
119.08,21,40,6,66,1007,358.0,0.5,21.8,93.0,0.0,144.7,77.78836322758622,2
119.04,18,20,3,56,1012,33.0,1.1,21.9,84.0,0.0,131.31,75.02069216277057,1
119.02,21,0,0,64,1014,322.0,2.5,19.3,90.0,0.0,89.99,66.16928057587549,1
118.9,0,40,5,3,1016,35.0,2.0,19.0,95.0,0.0,119.7,67.71254,2
118.89,17,20,1,53,1005,70.0,3.1,27.1,87.0,0.0,138.59,79.09623818324023,1
118.87,5,40,0,18,1008,15.0,4.5,24.4,67.0,0.0,138.59,66.84581676116505,1
118.86,15,20,5,47,1009,322.0,2.2,24.1,94.0,0.0,91.05,76.99138796937801,3
118.81,4,0,0,13,1008,15.0,4.5,24.4,67.0,0.0,111.49,66.84581676116505,1
118.67,11,40,3,36,1014,64.0,3.2,23.0,69.0,0.0,90.14,68.62480109090909,3
118.57,23,20,0,71,1008,303.0,1.9,20.7,88.0,0.0,126.04,70.59308502386831,3
118.51,20,20,5,62,1007,325.0,1.4,21.9,91.0,0.0,116.97,74.87261096277057,2
118.49,12,0,4,37,1009,319.0,1.8,20.7,98.0,0.6,126.91,72.02933702386831,3
118.43,17,20,5,53,1014,126.0,0.0,19.8,97.0,0.0,169.59,75.90132661587302,2
118.41,21,0,0,64,1014,333.0,2.5,14.1,80.0,0.0,101.22,55.18706397411003,2
118.38,20,40,1,63,1007,335.0,2.0,20.3,90.0,0.0,91.29,69.71683978947371,3
118.33,17,0,6,52,1008,53.0,1.4,24.4,85.0,0.0,115.09,79.01722796116505,2
118.32,20,40,5,63,1013,215.0,1.7,19.7,97.0,0.0,92.39,70.26403439209486,2
118.27,20,40,0,63,1011,333.0,2.4,20.2,75.0,0.0,90.91,66.5949015483871,1
118.23,16,40,1,51,1016,45.0,2.8,20.3,66.0,0.0,93.09,64.51274058947368,1
118.22,10,20,3,32,1006,356.0,4.0,20.6,96.0,1.4,93.09,64.5690044852459,1
118.21,9,20,6,29,1014,28.0,5.6,20.4,55.0,0.0,135.38,54.52298328455285,2
118.18,19,20,3,59,1013,4.0,1.5,20.9,80.0,0.0,135.38,71.36266708713694,3
118.18,0,40,2,3,1016,219.0,0.7,21.7,69.0,0.0,69.16,74.1858907141631,1
118.11,7,40,4,24,1006,164.0,1.0,24.7,80.0,0.0,301.38,80.24837808866995,1
118.06,8,20,6,26,1004,208.0,2.3,32.8,52.0,0.0,104.74,87.47100737049179,3
117.98,15,20,0,47,1011,18.0,2.6,21.4,80.0,0.0,121.44,68.79945545762712,1
117.85,10,40,0,33,1014,109.0,1.1,20.9,79.0,0.0,88.98,72.53031468713692,1
117.8,11,20,4,35,1006,16.0,3.5,24.1,81.0,0.0,109.16,71.219549169378,1
117.8,11,20,5,35,1008,99.0,1.1,28.1,74.0,0.0,113.76,85.6544731692308,3
117.73,14,0,1,43,1006,40.0,3.4,27.4,85.0,0.0,108.63,78.45149636363634,1
117.72,6,20,0,20,1005,37.0,4.1,30.3,56.0,0.0,108.63,77.64363054149659,1
117.66,21,0,5,64,1015,354.0,3.3,16.5,64.0,0.0,99.92,55.65855635087719,2
117.64,6,40,5,21,1014,334.0,1.5,20.3,96.0,0.1,99.92,71.97786458947371,2
117.59,17,0,0,52,1007,315.0,0.8,25.4,86.0,0.0,83.96,83.00703970612247,1
117.58,10,40,0,33,1008,351.0,5.3,23.8,72.0,0.1,145.63,63.77636914716982,1
117.56,9,20,6,29,1004,235.0,1.4,29.9,66.0,0.0,132.11,86.98958555231786,3
117.53,7,0,5,22,1007,54.0,3.8,29.6,55.0,0.0,158.17,77.15702784415585,2
117.53,23,0,5,70,1007,172.0,2.0,23.7,95.0,0.0,121.47,76.96559063849764,3
117.49,10,0,5,31,1008,99.0,1.1,28.1,74.0,0.0,124.83,85.6544731692308,3
117.43,7,20,4,23,1008,90.0,2.5,29.5,53.0,0.0,116.25,80.84435567741937,1
117.35,12,40,1,39,1015,105.0,3.5,21.6,70.0,0.0,134.51,65.15333155555557,1
117.33,8,0,3,25,1015,48.0,2.3,21.6,63.0,0.0,102.54,68.18904835555556,1
117.33,8,0,2,25,1016,100.0,3.1,22.1,59.0,0.0,102.54,66.08876998951965,1
117.32,9,20,1,29,1013,11.0,4.5,25.4,42.0,0.0,130.92,65.50360610612246,1
117.24,18,0,6,55,1014,344.0,2.0,21.3,83.0,0.0,183.33,70.86947960675106,2
117.1,11,0,5,34,1011,357.0,3.2,20.5,80.0,0.0,149.18,65.15757224489796,2
117.09,6,20,3,20,1011,117.0,2.3,28.7,54.0,0.0,149.18,80.14986681226993,1
117.03,18,0,5,55,1013,215.0,1.7,19.7,97.0,0.0,208.65,70.26403439209486,2
117.02,9,40,4,30,1006,16.0,3.5,24.1,81.0,0.0,111.08,71.219549169378,1
117.0,13,40,2,42,1012,59.0,2.0,25.4,72.0,0.0,143.6,77.36503810612246,3
116.97,20,0,5,61,1007,325.0,1.4,21.9,91.0,0.0,115.76,74.87261096277057,2
116.97,11,0,0,34,1006,44.0,3.6,24.2,79.0,0.0,110.09,70.8432728,3
116.92,16,40,2,51,1014,310.0,1.0,20.8,93.0,0.0,46.11,74.22722048264463,1
116.91,14,40,1,45,1006,330.0,1.3,22.9,78.0,0.0,103.91,75.59367449411766,3
116.83,14,20,2,44,1012,59.0,2.0,25.4,72.0,0.0,112.1,77.36503810612246,3
116.77,15,0,5,46,1015,15.0,5.5,18.6,60.0,0.0,92.39,52.08722424242424,2
116.77,17,40,1,54,1014,326.0,2.2,20.5,65.0,0.0,100.91,66.69410224489796,1
116.76,7,20,2,23,1009,126.0,1.5,26.5,64.0,0.0,87.75,79.9905587027027,3
116.73,12,20,4,38,1008,351.0,2.3,22.5,83.0,0.0,125.04,72.22068777777778,1
116.72,12,40,1,39,1006,330.0,1.3,22.9,78.0,0.0,104.31,75.59367449411766,3
116.63,18,40,6,57,1006,5.0,1.0,22.7,91.0,0.0,89.03,77.71737284125561,3
116.57,0,40,6,3,1009,195.0,1.1,23.4,87.0,0.0,112.02,78.28199665185187,2
116.45,14,0,6,43,1016,52.0,6.0,18.8,58.0,0.0,104.41,50.64514960610686,2
116.42,10,20,2,32,1004,53.0,5.1,24.7,93.0,1.3,100.75,68.76857768866995,1
116.34,6,0,5,19,1010,17.0,3.6,22.1,72.0,0.0,100.75,66.00607278951965,2
116.25,7,0,4,22,1008,90.0,2.5,29.5,53.0,0.0,119.93,80.84435567741937,1
116.25,7,40,6,24,1012,301.0,1.8,26.8,67.0,0.0,112.56,79.99331931428571,2
116.22,15,20,1,47,1007,310.0,1.5,22.6,80.0,0.0,129.41,74.61782914285716,3
116.22,21,20,2,65,1013,37.0,2.7,22.8,82.0,0.0,99.31,71.3997231855856,3
116.08,14,0,2,43,1006,57.0,3.9,23.1,94.0,3.0,108.67,69.58136170593608,1
116.04,6,0,4,19,1006,164.0,1.0,24.7,80.0,0.0,122.05,80.24837808866995,1
116.03,16,20,3,50,1008,342.0,2.6,19.9,97.0,0.3,132.16,67.7786350868526,1
116.03,10,40,3,33,1011,91.0,2.6,26.8,57.0,0.0,120.87,76.09527131428571,1
115.97,9,40,4,30,1016,349.0,2.0,18.2,81.0,0.0,108.19,64.70591382686568,1
115.96,16,20,3,50,1014,87.0,1.8,21.5,76.0,0.0,108.81,71.0927354893617,3
115.88,19,40,3,60,1016,352.0,1.5,19.1,75.0,0.0,120.76,67.3928445019305,1
115.88,7,20,6,23,1004,208.0,2.3,32.8,52.0,0.0,71.39,87.47100737049179,3
115.85,11,40,3,36,1011,91.0,2.6,26.8,57.0,0.0,100.56,76.09527131428571,1
115.81,10,20,1,32,1013,11.0,4.5,25.4,42.0,0.0,139.46,65.50360610612246,1
115.79,18,20,2,56,1012,84.0,2.0,24.2,86.0,0.0,123.89,76.8337312,3
115.78,21,40,1,66,1017,4.0,1.9,19.2,74.0,0.0,123.89,66.19587276899225,1
115.76,19,40,5,60,1007,325.0,1.4,21.9,91.0,0.0,123.89,74.87261096277057,2
115.57,15,40,5,48,1008,73.0,1.5,23.7,82.0,0.0,95.67,76.97265903849765,2
115.55,13,20,3,41,1017,24.0,2.2,20.3,69.0,0.0,151.44,66.76325298947367,1
115.48,11,20,2,35,1013,348.0,1.5,24.9,67.0,0.0,104.15,77.38324096915423,1
115.46,20,40,1,63,1004,56.0,1.7,26.2,95.0,1.2,134.7,82.86990136170213,1
115.43,12,20,2,38,1006,57.0,3.9,23.1,94.0,3.0,136.5,69.58136170593608,1
115.41,8,20,0,26,1013,81.0,1.2,21.3,79.0,0.0,108.63,72.97425240675106,1
115.39,9,0,2,28,1004,53.0,5.1,24.7,93.0,1.3,136.0,68.76857768866995,1
115.39,9,0,0,28,1006,81.0,2.6,28.9,66.0,0.0,114.98,81.25629581614908,1
115.38,18,0,6,55,1007,11.0,0.9,22.8,87.0,0.0,130.03,77.75602718558558,2
115.37,20,0,0,61,1008,347.0,1.3,20.8,80.0,0.0,109.62,71.81136608264462,3
115.3,14,40,3,45,1008,10.0,3.1,20.3,97.0,1.5,108.64,66.96803538947367,1
115.27,10,0,1,31,1005,104.0,4.2,28.7,72.0,0.0,135.38,76.60270441226993,1
115.22,11,20,4,35,1016,349.0,2.0,18.2,81.0,0.0,119.19,64.70591382686568,1
115.22,17,20,1,53,1007,310.0,1.5,22.6,80.0,0.0,105.02,74.61782914285716,3
115.2,16,0,0,49,1007,315.0,0.8,25.4,86.0,0.0,141.87,83.00703970612247,1
115.18,11,40,0,36,1008,351.0,5.3,23.8,72.0,0.1,95.97,63.77636914716982,1
115.16,6,40,0,21,1007,12.0,6.2,26.8,56.0,0.0,95.97,64.44146651428571,1
115.13,19,20,1,59,1004,56.0,1.7,26.2,95.0,1.2,95.97,82.86990136170213,1
115.09,16,40,6,51,1008,53.0,1.4,24.4,85.0,0.0,113.93,79.01722796116505,2
115.07,7,0,5,22,1014,334.0,1.5,20.3,96.0,0.1,117.64,71.97786458947371,2
115.05,13,40,5,42,1014,41.0,4.6,20.2,66.0,0.0,125.4,58.5666367483871,2
114.98,21,0,6,64,1007,358.0,0.5,21.8,93.0,0.0,121.63,77.78836322758622,2
114.98,8,40,0,27,1005,37.0,4.1,30.3,56.0,0.0,176.43,77.64363054149659,1
114.92,21,0,5,64,1007,172.0,2.0,23.7,95.0,0.0,120.98,76.96559063849764,3
114.87,22,20,0,68,1006,87.0,1.5,24.9,90.0,0.0,110.99,80.30185816915423,1
114.86,12,40,0,39,1008,29.0,1.8,24.0,78.0,0.0,107.55,76.09627961904762,3
114.85,20,0,5,61,1008,334.0,0.8,23.5,95.0,0.0,87.72,80.4108611627907,3
114.69,10,0,0,31,1008,351.0,5.3,23.8,72.0,0.1,125.12,63.77636914716982,1
114.61,23,20,6,71,1006,11.0,2.7,22.6,90.0,0.0,184.1,71.96316514285716,3
114.59,8,40,0,27,1013,81.0,1.2,21.3,79.0,0.0,115.41,72.97425240675106,1
114.58,10,40,4,33,1008,96.0,4.5,27.2,61.0,0.0,79.91,71.2951962786517,1
114.58,16,0,4,49,1009,353.0,2.5,20.9,98.0,2.5,132.51,70.18501028713693,3
114.52,22,20,2,68,1013,37.0,2.7,22.8,82.0,0.0,132.51,71.3997231855856,3
114.46,10,20,6,32,1007,57.0,2.8,28.9,57.0,0.0,109.49,79.34333221614908,2
114.45,0,0,5,1,1009,57.0,0.1,22.3,93.0,0.0,249.0,80.04969962466959,3
114.45,16,20,5,50,1015,15.0,5.5,18.6,60.0,0.0,107.75,52.08722424242424,2
114.28,17,40,2,54,1012,8.0,3.3,24.7,76.0,0.0,101.64,72.38370128866995,3
114.25,0,40,3,3,1008,345.0,2.3,21.5,97.0,3.1,172.1,71.89794948936171,1
114.12,13,0,1,40,1014,25.0,1.7,22.1,53.0,0.0,135.15,69.86847638951966,1
114.07,12,20,4,38,1016,1.0,1.4,18.3,83.0,0.0,103.18,67.0229637857678,1
114.06,19,40,6,60,1006,5.0,1.0,22.7,91.0,0.0,87.49,77.71737284125561,3
114.05,11,20,0,35,1006,44.0,3.6,24.2,79.0,0.0,116.97,70.8432728,3
113.98,10,0,4,31,1008,96.0,4.5,27.2,61.0,0.0,126.23,71.2951962786517,1
113.93,16,20,6,50,1008,53.0,1.4,24.4,85.0,0.0,147.95,79.01722796116505,2
113.86,13,0,4,40,1010,80.0,2.5,24.3,77.0,0.0,92.67,74.30557092367151,1
113.84,7,20,2,23,1013,328.0,3.0,26.2,56.0,0.0,129.85,73.57659656170213,1
113.81,18,40,4,57,1009,319.0,0.9,20.9,96.0,0.0,142.95,75.08030548713694,1
113.78,9,0,2,28,1009,52.0,2.8,26.5,64.0,0.0,88.77,75.8305587027027,3
113.76,11,0,5,34,1008,99.0,1.1,28.1,74.0,0.0,136.93,85.6544731692308,3
113.72,14,40,3,45,1017,24.0,2.2,20.3,69.0,0.0,86.85,66.76325298947367,1
113.7,21,20,4,65,1015,360.0,2.3,18.5,90.0,0.0,130.49,65.25234603773585,1
113.54,9,0,1,28,1005,327.0,1.5,23.9,75.0,0.0,124.08,76.49521974407584,3
113.53,7,40,6,24,1004,208.0,2.3,32.8,52.0,0.0,115.88,87.47100737049179,3
113.41,14,0,2,43,1017,360.0,1.4,20.4,63.0,0.0,115.88,68.84725848455285,1
113.36,18,20,5,56,1013,215.0,1.7,19.7,97.0,0.0,117.03,70.26403439209486,2
113.22,23,40,2,72,1013,37.0,2.7,22.8,82.0,0.0,82.09,71.3997231855856,3
113.21,15,0,2,46,1012,8.0,3.3,24.7,76.0,0.0,141.14,72.38370128866995,3
112.97,13,20,0,41,1008,29.0,1.8,24.0,78.0,0.0,109.13,76.09627961904762,3
112.94,13,20,3,41,1015,85.0,1.5,22.2,74.0,0.0,96.93,73.1488842385965,3
112.94,14,0,0,43,1007,96.0,3.5,26.4,78.0,0.0,110.98,75.25643193118279,1
112.94,12,20,1,38,1006,40.0,3.4,27.4,85.0,0.0,110.98,78.45149636363634,1
112.93,14,40,2,45,1006,57.0,3.9,23.1,94.0,3.0,108.03,69.58136170593608,1
112.88,18,0,5,55,1007,325.0,1.4,21.9,91.0,0.0,150.95,74.87261096277057,2
112.81,15,20,4,47,1009,353.0,2.5,20.9,98.0,2.5,110.07,70.18501028713693,3
112.8,13,20,5,41,1008,60.0,2.5,24.4,78.0,0.0,140.76,74.62167916116505,2
112.79,14,20,6,44,1006,9.0,5.9,25.8,79.0,0.0,120.44,66.55469053333333,3
112.75,8,0,6,25,1012,301.0,1.8,26.8,67.0,0.0,116.25,79.99331931428571,2
112.75,6,0,4,19,1016,359.0,1.9,18.5,84.0,0.0,130.56,65.91059003773586,1
112.74,10,40,4,33,1009,310.0,1.5,20.4,97.0,0.0,123.49,72.28542808455285,3
112.73,11,0,6,34,1014,28.0,5.6,20.4,55.0,0.0,112.51,54.52298328455285,2
112.66,20,20,6,62,1014,344.0,2.0,21.3,83.0,0.0,120.15,70.86947960675106,2
112.66,19,40,0,60,1011,333.0,2.4,20.2,75.0,0.0,120.15,66.5949015483871,1
112.63,16,40,1,51,1007,310.0,1.5,22.6,80.0,0.0,141.59,74.61782914285716,3
112.56,13,20,6,41,1014,353.0,4.3,22.7,77.0,0.0,143.77,65.4928120412556,2
112.56,7,20,6,23,1012,301.0,1.8,26.8,67.0,0.0,107.09,79.99331931428571,2
112.51,10,40,6,33,1014,28.0,5.6,20.4,55.0,0.0,148.25,54.52298328455285,2
112.4,15,0,3,46,1008,342.0,2.6,19.9,97.0,0.3,115.3,67.7786350868526,1
112.24,12,0,6,37,1008,83.0,2.9,25.2,76.0,0.0,132.78,74.61796085656566,2
112.12,22,0,3,67,1012,25.0,2.3,20.1,81.0,0.0,81.0,67.38220395341366,3
112.1,14,0,2,43,1012,59.0,2.0,25.4,72.0,0.0,117.0,77.36503810612246,3
111.96,17,40,1,54,1007,310.0,1.5,22.6,80.0,0.0,115.22,74.61782914285716,3
111.89,20,0,3,61,1013,4.0,1.5,20.9,80.0,0.0,123.05,71.36266708713694,3
111.88,7,0,0,22,1014,333.0,2.5,14.1,80.0,0.0,142.18,55.18706397411003,2
111.8,22,0,0,67,1012,319.0,2.7,19.1,75.0,0.0,142.18,63.5528445019305,1
111.79,14,0,4,43,1010,80.0,2.5,24.3,77.0,0.0,146.84,74.30557092367151,1
111.75,8,20,4,26,1016,359.0,1.9,18.5,84.0,0.0,121.88,65.91059003773586,1
111.69,12,20,0,38,1007,96.0,3.5,26.4,78.0,0.0,97.77,75.25643193118279,1
111.56,10,40,6,33,1012,10.0,4.1,24.9,74.0,0.0,124.1,69.95151576915423,2
111.53,17,20,1,53,1016,45.0,2.8,20.3,66.0,0.0,169.23,64.51274058947368,1
111.5,16,20,2,50,1017,326.0,1.6,19.3,78.0,0.0,126.86,67.77086297587549,1
111.47,20,20,6,62,1006,5.0,1.0,22.7,91.0,0.0,111.22,77.71737284125561,3
111.46,3,40,4,12,1011,222.0,1.7,26.4,68.0,0.0,111.22,79.6929279311828,1
111.42,20,40,3,63,1016,352.0,1.5,19.1,75.0,0.0,110.93,67.3928445019305,1
111.27,8,40,0,27,1006,35.0,2.6,25.4,72.0,0.0,94.72,75.44503810612245,3
111.24,0,20,5,2,1009,35.0,0.1,22.3,93.0,0.0,114.45,80.04969962466959,3
111.23,21,20,6,65,1006,11.0,2.7,22.6,90.0,0.0,114.45,71.96316514285716,3
111.22,20,0,6,61,1006,5.0,1.0,22.7,91.0,0.0,114.06,77.71737284125561,3
111.17,21,40,2,66,1013,37.0,2.7,22.8,82.0,0.0,116.22,71.3997231855856,3
111.09,14,0,4,43,1016,1.0,1.4,18.3,83.0,0.0,100.06,67.0229637857678,1
111.09,13,0,1,40,1015,105.0,3.5,21.6,70.0,0.0,117.35,65.15333155555557,1
111.08,9,20,4,29,1006,16.0,3.5,24.1,81.0,0.0,129.36,71.219549169378,1
111.03,13,20,0,41,1014,17.0,0.7,19.6,87.0,0.0,109.77,72.19050222362205,1
110.99,22,0,0,67,1006,87.0,1.5,24.9,90.0,0.0,109.77,80.30185816915423,1
110.98,8,40,3,27,1015,48.0,2.3,21.6,63.0,0.0,119.43,68.18904835555556,1
110.98,13,40,0,42,1007,96.0,3.5,26.4,78.0,0.0,134.41,75.25643193118279,1
110.97,17,40,2,54,1017,326.0,1.6,19.3,78.0,0.0,161.0,67.77086297587549,1
110.93,20,20,3,62,1016,352.0,1.5,19.1,75.0,0.0,101.13,67.3928445019305,1
110.91,17,0,4,52,1010,82.0,2.0,23.4,79.0,0.0,119.6,74.43045745185185,1
110.89,13,20,4,41,1016,1.0,1.4,18.3,83.0,0.0,149.09,67.0229637857678,1
110.89,21,0,4,64,1009,319.0,1.7,20.7,93.0,0.0,92.96,71.79121102386831,1
110.87,7,40,0,24,1007,12.0,6.2,26.8,56.0,0.0,95.5,64.44146651428571,1
110.85,21,40,6,66,1014,35.0,3.0,20.4,81.0,0.0,106.95,65.71687768455284,2
110.82,8,20,6,26,1006,85.0,2.9,29.9,58.0,0.0,128.1,81.02897435231787,2
110.8,20,0,4,61,1009,317.0,1.8,21.4,88.0,0.0,126.0,72.27281865762713,1
110.77,11,20,1,35,1005,104.0,4.2,28.7,72.0,0.0,126.0,76.60270441226993,1
110.75,12,20,3,38,1015,85.0,1.5,22.2,74.0,0.0,75.82,73.1488842385965,3
110.7,3,40,2,12,1015,17.0,2.4,25.2,59.0,0.0,75.82,74.04217845656565,1
110.57,15,20,3,47,1017,41.0,1.8,19.8,71.0,0.0,94.35,67.32415381587302,1
110.54,14,40,4,45,1009,319.0,1.8,20.7,98.0,0.6,129.48,72.02933702386831,3
110.46,8,20,4,26,1008,90.0,2.5,29.5,53.0,0.0,134.99,80.84435567741937,1
110.33,17,20,5,53,1008,73.0,1.5,23.7,82.0,0.0,123.84,76.97265903849765,2
110.32,20,0,2,61,1006,38.0,5.5,22.0,94.0,1.2,123.84,62.29718539130435,1
110.25,20,20,5,62,1008,334.0,0.8,23.5,95.0,0.0,114.85,80.4108611627907,3
110.09,10,40,0,33,1006,44.0,3.6,24.2,79.0,0.0,125.98,70.8432728,3
110.07,15,0,4,46,1009,353.0,2.5,20.9,98.0,2.5,110.54,70.18501028713693,3
109.87,18,40,3,57,1013,4.0,1.5,20.9,80.0,0.0,142.64,71.36266708713694,3
109.87,22,40,1,69,1014,330.0,1.0,18.6,80.0,0.0,142.64,68.56701624242424,1
109.78,19,0,2,58,1013,341.0,1.7,20.2,94.0,0.0,141.04,70.92123834838709,1
109.77,13,0,0,40,1014,17.0,0.7,19.6,87.0,0.0,98.69,72.19050222362205,1
109.72,11,40,5,36,1011,357.0,3.2,20.5,80.0,0.0,116.59,65.15757224489796,2
109.71,18,40,5,57,1015,340.0,2.4,16.4,73.0,0.0,151.36,59.217620654545456,2
109.67,9,0,5,28,1011,357.0,3.2,20.5,80.0,0.0,101.6,65.15757224489796,2
109.64,19,0,1,58,1016,347.0,2.3,18.8,73.0,0.0,139.32,64.05590160610686,1
109.62,19,40,0,60,1008,347.0,1.3,20.8,80.0,0.0,182.39,71.81136608264462,3
109.49,10,0,6,31,1007,57.0,2.8,28.9,57.0,0.0,119.94,79.34333221614908,2
109.49,12,20,4,38,1009,319.0,1.8,20.7,98.0,0.6,118.49,72.02933702386831,3
109.47,5,0,5,16,1016,357.0,1.1,19.8,94.0,0.6,118.49,72.05626821587302,2
109.46,11,40,5,36,1006,78.0,5.2,27.8,64.0,0.0,213.37,70.58597715348839,2
109.39,9,20,3,29,1015,46.0,2.3,21.3,61.0,0.0,213.37,67.40573000675106,1
109.32,7,20,0,23,1005,37.0,4.1,30.3,56.0,0.0,213.37,77.64363054149659,1
109.29,15,40,1,48,1007,310.0,1.5,22.6,80.0,0.0,116.22,74.61782914285716,3
109.24,11,20,4,35,1009,310.0,1.5,20.4,97.0,0.0,140.0,72.28542808455285,3
109.18,11,0,0,34,1014,333.0,2.5,14.1,80.0,0.0,128.94,55.18706397411003,2
109.16,11,0,4,34,1006,16.0,3.5,24.1,81.0,0.0,139.43,71.219549169378,1
109.14,21,40,1,66,1008,250.0,1.4,19.9,90.0,0.0,86.72,70.8576202868526,3
109.13,13,0,0,40,1008,29.0,1.8,24.0,78.0,0.0,114.86,76.09627961904762,3
109.1,20,0,0,61,1014,333.0,2.5,14.1,80.0,0.0,123.9,55.18706397411003,2
109.05,11,20,0,35,1014,333.0,2.5,14.1,80.0,0.0,109.18,55.18706397411003,2
108.99,15,20,2,47,1012,8.0,3.3,24.7,76.0,0.0,113.21,72.38370128866995,3
108.81,16,0,3,49,1014,87.0,1.8,21.5,76.0,0.0,99.32,71.0927354893617,3
108.8,12,40,2,39,1012,59.0,2.0,25.4,72.0,0.0,123.12,77.36503810612246,3
108.8,1,40,5,6,1009,59.0,0.1,22.3,93.0,0.0,123.12,80.04969962466959,3
108.7,14,20,1,44,1006,40.0,3.4,27.4,85.0,0.0,117.73,78.45149636363634,1
108.67,13,40,2,42,1006,57.0,3.9,23.1,94.0,3.0,128.91,69.58136170593608,1
108.64,14,20,3,44,1008,10.0,3.1,20.3,97.0,1.5,84.03,66.96803538947367,1
108.64,17,40,3,54,1012,86.0,2.7,23.1,80.0,0.0,138.97,71.73643930593606,1
108.63,8,0,0,25,1013,81.0,1.2,21.3,79.0,0.0,136.97,72.97425240675106,1
108.63,13,40,1,42,1006,40.0,3.4,27.4,85.0,0.0,125.93,78.45149636363634,1
108.57,20,0,1,61,1016,347.0,2.3,18.8,73.0,0.0,128.59,64.05590160610686,1
108.52,11,0,3,34,1014,64.0,3.2,23.0,69.0,0.0,197.5,68.62480109090909,3
108.5,14,0,3,43,1017,24.0,2.2,20.3,69.0,0.0,124.02,66.76325298947367,1
108.49,23,0,1,70,1017,4.0,1.9,19.2,74.0,0.0,124.02,66.19587276899225,1
108.48,18,40,1,57,1004,56.0,1.7,26.2,95.0,1.2,124.29,82.86990136170213,1
108.41,20,40,0,63,1006,46.0,1.3,24.7,92.0,0.0,123.8,80.80240848866997,1
108.35,21,0,1,64,1014,330.0,1.0,18.6,80.0,0.0,123.8,68.56701624242424,1
108.33,13,0,6,40,1006,9.0,5.9,25.8,79.0,0.0,101.15,66.55469053333333,3
108.23,9,20,0,29,1014,109.0,1.1,20.9,79.0,0.0,64.78,72.53031468713692,1
108.22,19,40,1,60,1004,56.0,1.7,26.2,95.0,1.2,115.13,82.86990136170213,1
108.19,9,20,4,29,1016,349.0,2.0,18.2,81.0,0.0,67.84,64.70591382686568,1
108.05,11,40,0,36,1006,81.0,2.6,28.9,66.0,0.0,138.21,81.25629581614908,1
108.03,14,20,2,44,1006,57.0,3.9,23.1,94.0,3.0,116.08,69.58136170593608,1
107.97,21,20,1,65,1014,330.0,1.0,18.6,80.0,0.0,108.35,68.56701624242424,1
107.94,23,20,5,71,1008,324.0,1.1,21.2,93.0,0.0,108.35,74.69144408739496,2
107.91,5,40,3,18,1015,53.0,4.7,25.2,69.0,0.0,74.89,67.96205045656566,3
107.91,6,40,2,21,1009,126.0,1.5,26.5,64.0,0.0,121.62,79.9905587027027,3
107.89,23,20,4,71,1009,284.0,0.7,21.0,96.0,0.0,139.82,75.91744266666667,1
107.88,20,40,3,63,1013,4.0,1.5,20.9,80.0,0.0,94.59,71.36266708713694,3
107.8,23,20,1,71,1003,28.0,2.9,26.4,94.0,0.0,94.59,79.29403833118279,1
107.75,16,0,5,49,1015,15.0,5.5,18.6,60.0,0.0,93.33,52.08722424242424,2
107.72,16,40,0,51,1008,62.0,3.1,23.1,76.0,0.0,80.49,69.97503290593608,3
107.7,22,20,1,68,1003,28.0,2.9,26.4,94.0,0.0,80.49,79.29403833118279,1
107.57,4,0,2,13,1010,340.0,1.5,25.4,68.0,0.0,141.54,78.45018050612245,3
107.56,10,0,2,31,1016,39.0,3.7,21.2,57.0,0.0,141.54,62.287488887394964,1
107.55,17,20,3,53,1017,41.0,1.8,19.8,71.0,0.0,147.68,67.32415381587302,1
107.55,12,20,0,38,1008,29.0,1.8,24.0,78.0,0.0,119.12,76.09627961904762,3
107.44,14,20,5,44,1009,326.0,0.9,25.1,90.0,0.0,222.41,82.61377433165829,3
107.42,9,40,4,30,1009,310.0,1.5,20.4,97.0,0.0,86.96,72.28542808455285,3
107.4,15,40,1,48,1016,45.0,2.8,20.3,66.0,0.0,120.09,64.51274058947368,1
107.38,15,40,6,48,1006,358.0,2.3,23.2,93.0,0.0,131.01,74.77753187522936,3
107.38,5,40,5,18,1010,188.0,1.1,25.1,82.0,0.0,90.75,80.9527855316583,3
107.37,22,20,5,68,1008,324.0,1.1,21.2,93.0,0.0,160.44,74.69144408739496,2
107.32,5,20,1,17,1006,72.0,3.0,28.5,77.0,0.0,155.41,80.76064078787876,1
107.26,7,0,6,22,1014,54.0,3.5,21.7,49.0,0.0,130.01,62.92066671416309,2
107.14,12,0,5,37,1008,60.0,2.5,24.4,78.0,0.0,109.46,74.62167916116505,2
107.12,12,40,5,39,1009,326.0,0.9,25.1,90.0,0.0,128.25,82.61377433165829,3
107.09,7,0,6,22,1012,301.0,1.8,26.8,67.0,0.0,157.85,79.99331931428571,2
107.04,11,40,3,36,1015,46.0,2.3,21.3,61.0,0.0,178.25,67.40573000675106,1
106.97,14,0,5,43,1014,41.0,4.6,20.2,66.0,0.0,115.05,58.5666367483871,2
106.95,21,20,6,65,1014,35.0,3.0,20.4,81.0,0.0,155.79,65.71687768455284,2
106.9,7,40,4,24,1016,359.0,1.9,18.5,84.0,0.0,104.41,65.91059003773586,1
106.85,13,0,2,40,1006,57.0,3.9,23.1,94.0,3.0,101.01,69.58136170593608,1
106.77,1,20,0,5,1016,35.0,2.1,20.1,80.0,0.0,53.89,67.91276035341366,1
106.75,7,20,0,23,1014,333.0,2.5,14.1,80.0,0.0,111.88,55.18706397411003,2
106.6,9,20,5,29,1011,357.0,3.2,20.5,80.0,0.0,109.67,65.15757224489796,2
106.54,13,40,1,42,1015,105.0,3.5,21.6,70.0,0.0,101.64,65.15333155555557,1
106.44,10,20,2,32,1016,39.0,3.7,21.2,57.0,0.0,107.56,62.287488887394964,1
106.43,14,20,1,44,1015,105.0,3.5,21.6,70.0,0.0,131.75,65.15333155555557,1
106.4,9,40,1,30,1005,327.0,1.5,23.9,75.0,0.0,157.46,76.49521974407584,3
106.35,7,20,4,23,1009,299.0,2.5,20.0,96.0,0.0,83.97,68.18688,3
106.29,11,40,0,36,1006,44.0,3.6,24.2,79.0,0.0,114.05,70.8432728,3
106.22,23,40,2,72,1006,29.0,4.1,21.5,95.0,0.5,137.03,65.9088814893617,1
106.22,7,40,1,24,1006,329.0,1.3,24.5,71.0,0.0,95.83,77.77500834146342,3
106.13,8,40,2,27,1016,100.0,3.1,22.1,59.0,0.0,184.11,66.08876998951965,1
106.1,22,40,6,69,1006,11.0,2.7,22.6,90.0,0.0,125.27,71.96316514285716,3
106.1,1,20,5,5,1011,2.0,4.2,19.4,94.0,1.0,125.27,61.35155810000001,2
106.09,13,0,0,40,1007,96.0,3.5,26.4,78.0,0.0,103.02,75.25643193118279,1
106.06,12,20,0,38,1010,302.0,2.3,20.8,92.0,1.1,103.9,69.95523168264461,1
106.04,13,20,6,41,1006,9.0,5.9,25.8,79.0,0.0,108.33,66.55469053333333,3
106.03,11,40,5,36,1008,99.0,1.1,28.1,74.0,0.0,117.8,85.6544731692308,3
105.95,16,20,4,50,1009,353.0,2.5,20.9,98.0,2.5,114.58,70.18501028713693,3
105.89,9,0,5,28,1008,99.0,1.1,28.1,74.0,0.0,105.58,85.6544731692308,3
105.88,22,20,0,68,1008,303.0,1.9,20.7,88.0,0.0,74.12,70.59308502386831,3
105.88,16,40,0,51,1014,333.0,2.5,14.1,80.0,0.0,150.13,55.18706397411003,2
105.66,17,20,5,53,1009,322.0,2.2,24.1,94.0,0.0,101.71,76.99138796937801,3
105.58,8,40,5,27,1008,222.0,1.4,27.3,75.0,0.0,103.02,83.30020527683615,3
105.56,15,20,3,47,1014,87.0,1.8,21.5,76.0,0.0,151.17,71.0927354893617,3
105.53,13,0,5,40,1014,41.0,4.6,20.2,66.0,0.0,101.49,58.5666367483871,2
105.42,5,20,1,17,1014,354.0,2.6,23.9,58.0,0.0,202.78,70.87979294407583,1
105.38,6,20,0,20,1006,35.0,2.6,25.4,72.0,0.0,101.94,75.44503810612245,3
105.35,9,20,0,29,1014,333.0,2.5,14.1,80.0,0.0,157.29,55.18706397411003,2
105.24,5,0,6,16,1007,220.0,2.9,30.1,64.0,0.0,95.7,82.27749762147654,3
105.13,5,40,1,18,1006,72.0,3.0,28.5,77.0,0.0,107.32,80.76064078787876,1
105.11,13,40,5,42,1009,326.0,0.9,25.1,90.0,0.0,91.62,82.61377433165829,3
105.02,17,0,1,52,1007,310.0,1.5,22.6,80.0,0.0,112.63,74.61782914285716,3
104.93,14,40,2,45,1017,360.0,1.4,20.4,63.0,0.0,142.55,68.84725848455285,1
104.74,8,0,6,25,1004,208.0,2.3,32.8,52.0,0.0,113.53,87.47100737049179,3
104.71,15,40,5,48,1009,322.0,2.2,24.1,94.0,0.0,118.86,76.99138796937801,3
104.71,16,0,5,49,1009,322.0,2.2,24.1,94.0,0.0,104.71,76.99138796937801,3
104.7,23,20,1,71,1014,330.0,1.0,18.6,80.0,0.0,104.71,68.56701624242424,1
104.7,15,0,1,46,1005,70.0,3.1,27.1,87.0,0.0,104.71,79.09623818324023,1
104.7,14,40,2,45,1014,320.0,2.4,21.3,91.0,0.5,195.92,70.49993400675106,1
104.69,12,20,0,38,1014,17.0,0.7,19.6,87.0,0.0,131.03,72.19050222362205,1
104.69,17,40,5,54,1009,322.0,2.2,24.1,94.0,0.0,105.66,76.99138796937801,3
104.67,1,0,4,4,1012,38.0,3.3,20.3,83.0,0.0,131.97,64.78564418947369,3
104.41,13,40,6,42,1016,52.0,6.0,18.8,58.0,0.0,125.48,50.64514960610686,2
104.41,7,20,4,23,1016,359.0,1.9,18.5,84.0,0.0,126.09,65.91059003773586,1
104.41,20,40,3,63,1006,354.0,1.8,19.6,97.0,0.2,126.09,69.74675822362205,1
104.31,12,20,1,38,1006,330.0,1.3,22.9,78.0,0.0,100.04,75.59367449411766,3
104.18,6,20,3,20,1013,59.0,1.5,23.9,82.0,0.8,229.3,77.35804254407584,3
104.15,11,0,2,34,1013,348.0,1.5,24.9,67.0,0.0,153.38,77.38324096915423,1
104.06,18,40,5,57,1008,334.0,0.8,23.5,95.0,0.0,86.1,80.4108611627907,3
104.02,11,40,2,36,1016,39.0,3.7,21.2,57.0,0.0,64.19,62.287488887394964,1
103.97,13,0,0,40,1014,333.0,2.5,14.1,80.0,0.0,101.86,55.18706397411003,2
103.94,15,20,6,47,1016,57.0,4.4,17.1,60.0,0.0,136.09,52.853749820788536,2
103.91,14,20,1,44,1006,330.0,1.3,22.9,78.0,0.0,128.14,75.59367449411766,3
103.9,12,0,0,37,1010,302.0,2.3,20.8,92.0,1.1,115.18,69.95523168264461,1
103.82,0,20,2,2,1005,46.0,3.4,26.9,91.0,0.0,114.69,78.2816524441989,1
103.76,2,40,1,9,1013,341.0,3.5,21.1,68.0,0.0,128.15,63.98836985439331,1
103.71,4,40,3,15,1013,187.0,2.5,26.4,62.0,0.0,101.28,76.33882553118279,1
103.7,18,40,5,57,1013,215.0,1.7,19.7,97.0,0.0,113.36,70.26403439209486,2
103.61,10,0,6,31,1004,235.0,1.4,29.9,66.0,0.0,122.4,86.98958555231786,3
103.59,8,40,3,27,1013,59.0,1.5,23.9,82.0,0.8,101.16,77.35804254407584,3
103.58,22,40,5,69,1013,216.0,3.2,19.6,97.0,0.0,134.46,65.26675822362205,2
103.51,11,0,1,34,1005,327.0,1.5,23.9,75.0,0.0,141.53,76.49521974407584,3
103.41,7,40,0,24,1014,333.0,2.5,14.1,80.0,0.0,106.75,55.18706397411003,2
103.33,0,0,6,1,1009,195.0,1.1,23.4,87.0,0.0,106.75,78.28199665185187,2
103.33,10,0,6,31,1012,10.0,4.1,24.9,74.0,0.0,97.2,69.95151576915423,2
103.22,7,40,3,24,1013,59.0,1.5,23.9,82.0,0.8,124.11,77.35804254407584,3
103.22,12,0,3,37,1017,24.0,2.2,20.3,69.0,0.0,107.04,66.76325298947367,1
103.18,12,0,4,37,1016,1.0,1.4,18.3,83.0,0.0,120.48,67.0229637857678,1
103.09,13,40,0,42,1008,29.0,1.8,24.0,78.0,0.0,112.97,76.09627961904762,3
103.06,8,0,2,25,1009,126.0,1.5,26.5,64.0,0.0,86.16,79.9905587027027,3
103.06,8,0,3,25,1013,59.0,1.5,23.9,82.0,0.8,103.22,77.35804254407584,3
103.02,8,20,5,26,1008,222.0,1.4,27.3,75.0,0.0,135.34,83.30020527683615,3
103.02,22,0,5,67,1007,172.0,2.0,23.7,95.0,0.0,127.73,76.96559063849764,3
103.02,12,40,0,39,1007,96.0,3.5,26.4,78.0,0.0,111.69,75.25643193118279,1
103.0,15,40,3,48,1012,86.0,2.7,23.1,80.0,0.0,94.59,71.73643930593606,1
102.97,21,40,0,66,1014,333.0,2.5,14.1,80.0,0.0,144.56,55.18706397411003,2
102.94,14,40,6,45,1016,52.0,6.0,18.8,58.0,0.0,95.97,50.64514960610686,2
102.84,15,20,0,47,1008,62.0,3.1,23.1,76.0,0.0,86.41,69.97503290593608,3
102.82,8,20,6,26,1012,301.0,1.8,26.8,67.0,0.0,112.75,79.99331931428571,2
102.81,11,40,1,36,1013,87.0,2.4,23.0,56.0,0.0,97.47,69.62495709090909,1
102.79,10,40,6,33,1004,235.0,1.4,29.9,66.0,0.0,132.06,86.98958555231786,3
102.78,6,40,5,21,1008,222.0,1.4,27.3,75.0,0.0,100.39,83.30020527683615,3
102.69,4,40,5,15,1011,5.0,5.5,20.3,81.0,0.0,133.28,57.525302589473675,2
102.67,3,20,5,11,1010,188.0,1.1,25.1,82.0,0.0,105.62,80.9527855316583,3
102.66,18,0,3,55,1013,4.0,1.5,20.9,80.0,0.0,136.07,71.36266708713694,3
102.55,11,20,0,35,1014,109.0,1.1,20.9,79.0,0.0,148.25,72.53031468713692,1
102.54,7,40,3,24,1015,48.0,2.3,21.6,63.0,0.0,140.66,68.18904835555556,1
102.51,20,20,0,62,1008,347.0,1.3,20.8,80.0,0.0,115.37,71.81136608264462,3
102.5,16,40,0,51,1011,18.0,2.6,21.4,80.0,0.0,115.37,68.79945545762712,1
102.47,11,20,5,35,1014,333.0,2.2,20.3,96.0,0.0,152.35,69.73786458947369,2
102.44,9,20,3,29,1014,64.0,3.2,23.0,69.0,0.0,101.03,68.62480109090909,3
102.44,12,40,3,39,1017,24.0,2.2,20.3,69.0,0.0,122.93,66.76325298947367,1
102.36,7,40,4,24,1008,90.0,2.5,29.5,53.0,0.0,117.43,80.84435567741937,1
102.16,5,40,0,18,1008,174.0,1.6,28.5,57.0,0.0,111.21,82.44092078787878,1
102.11,23,40,3,72,1012,25.0,2.3,20.1,81.0,0.0,96.11,67.38220395341366,3
101.95,21,0,2,64,1016,14.0,2.3,19.3,79.0,0.0,125.41,65.63739777587547,1
101.94,6,0,0,19,1006,35.0,2.6,25.4,72.0,0.0,85.33,75.44503810612245,3
101.86,12,40,0,39,1014,333.0,2.5,14.1,80.0,0.0,88.18,55.18706397411003,2
101.77,19,40,0,60,1006,46.0,1.3,24.7,92.0,0.0,90.32,80.80240848866997,1
101.71,17,0,5,52,1009,322.0,2.2,24.1,94.0,0.0,98.0,76.99138796937801,3
101.7,9,20,5,29,1006,78.0,5.2,27.8,64.0,0.0,123.53,70.58597715348839,2
101.64,13,20,1,41,1015,105.0,3.5,21.6,70.0,0.0,111.09,65.15333155555557,1
101.64,17,20,2,53,1012,8.0,3.3,24.7,76.0,0.0,127.02,72.38370128866995,3
101.6,8,40,5,27,1010,17.0,3.6,22.1,72.0,0.0,83.81,66.00607278951965,2
101.49,12,40,5,39,1014,41.0,4.6,20.2,66.0,0.0,86.37,58.5666367483871,2
101.42,6,0,4,19,1009,299.0,2.5,20.0,96.0,0.0,141.32,68.18688,3
101.35,14,20,0,44,1008,29.0,1.8,24.0,78.0,0.0,132.05,76.09627961904762,3
101.22,20,40,0,63,1014,333.0,2.5,14.1,80.0,0.0,101.03,55.18706397411003,2
101.17,20,40,3,63,1012,33.0,1.1,21.9,84.0,0.0,162.61,75.02069216277057,1
101.16,8,20,3,26,1013,59.0,1.5,23.9,82.0,0.8,103.06,77.35804254407584,3
101.15,9,0,2,28,1016,39.0,3.7,21.2,57.0,0.0,106.13,62.287488887394964,1
101.15,12,40,6,39,1006,9.0,5.9,25.8,79.0,0.0,97.19,66.55469053333333,3
101.13,20,0,3,61,1016,352.0,1.5,19.1,75.0,0.0,115.88,67.3928445019305,1
101.12,6,40,1,21,1012,7.0,4.6,26.9,43.0,0.0,115.88,68.00156924419889,1
101.09,19,20,5,59,1008,334.0,0.8,23.5,95.0,0.0,115.88,80.4108611627907,3
101.07,0,20,0,2,1014,333.0,2.5,14.1,80.0,0.0,115.88,55.18706397411003,2
101.03,20,20,0,62,1014,333.0,2.5,14.1,80.0,0.0,109.1,55.18706397411003,2
101.03,9,0,3,28,1014,64.0,3.2,23.0,69.0,0.0,103.59,68.62480109090909,3
101.01,12,40,2,39,1006,57.0,3.9,23.1,94.0,3.0,115.43,69.58136170593608,1
100.97,17,20,3,53,1014,87.0,1.8,21.5,76.0,0.0,90.69,71.0927354893617,3
100.91,17,20,1,53,1014,326.0,2.2,20.5,65.0,0.0,122.19,66.69410224489796,1
100.91,8,20,2,26,1003,92.0,7.5,26.2,94.0,5.5,99.48,64.17827816170212,1
100.75,10,0,2,31,1004,53.0,5.1,24.7,93.0,1.3,127.27,68.76857768866995,1
100.69,4,20,3,14,1018,39.0,3.7,21.4,64.0,0.0,127.27,63.45272905762712,1
100.69,4,0,3,13,1015,53.0,4.7,25.2,69.0,0.0,127.27,67.96205045656566,3
100.68,8,40,0,27,1014,333.0,2.5,14.1,80.0,0.0,89.38,55.18706397411003,2
100.63,7,40,5,24,1007,54.0,3.8,29.6,55.0,0.0,120.02,77.15702784415585,2
100.59,21,40,3,66,1006,354.0,1.8,19.6,97.0,0.2,129.59,69.74675822362205,1
100.56,11,20,3,35,1011,91.0,2.6,26.8,57.0,0.0,96.69,76.09527131428571,1
100.43,3,0,3,10,1015,53.0,4.7,25.2,69.0,0.0,71.01,67.96205045656566,3
100.39,6,20,5,20,1008,222.0,1.4,27.3,75.0,0.0,91.2,83.30020527683615,3
100.32,10,40,0,33,1006,81.0,2.6,28.9,66.0,0.0,62.17,81.25629581614908,1
100.25,6,0,2,19,1016,100.0,3.1,22.1,59.0,0.0,142.28,66.08876998951965,1
100.23,8,40,3,27,1006,355.0,6.9,21.0,95.0,0.1,141.94,55.96472666666668,1
100.07,16,40,2,51,1017,326.0,1.6,19.3,78.0,0.0,111.5,67.77086297587549,1
100.06,13,0,2,40,1012,59.0,2.0,25.4,72.0,0.0,108.8,77.36503810612246,3
100.06,13,40,4,42,1016,1.0,1.4,18.3,83.0,0.0,110.89,67.0229637857678,1
100.05,13,0,5,40,1009,326.0,0.9,25.1,90.0,0.0,107.12,82.61377433165829,3
100.05,11,40,0,36,1014,109.0,1.1,20.9,79.0,0.0,102.55,72.53031468713692,1
100.04,12,0,1,37,1006,330.0,1.3,22.9,78.0,0.0,238.08,75.59367449411766,3
100.03,16,40,2,51,1012,8.0,3.3,24.7,76.0,0.0,128.24,72.38370128866995,3
99.92,20,40,5,63,1015,340.0,2.4,16.4,73.0,0.0,125.67,59.217620654545456,2
99.88,3,40,1,12,1015,45.0,3.5,21.2,66.0,0.0,123.11,63.94847768739496,1
99.82,7,40,0,24,1006,35.0,2.6,25.4,72.0,0.0,96.09,75.44503810612245,3
99.75,13,40,5,42,1008,60.0,2.5,24.4,78.0,0.0,112.8,74.62167916116505,2
99.68,21,20,4,65,1008,355.0,4.8,20.0,97.0,1.9,82.12,60.93596000000001,3
99.67,22,0,5,67,1015,354.0,3.3,16.5,64.0,0.0,82.12,55.65855635087719,2
99.66,15,20,5,47,1014,354.0,0.0,19.8,97.0,0.0,126.79,75.90132661587302,2
99.62,6,0,0,19,1007,12.0,6.2,26.8,56.0,0.0,118.87,64.44146651428571,1
99.58,11,20,6,35,1007,57.0,2.8,28.9,57.0,0.0,143.21,79.34333221614908,2
99.48,8,0,2,25,1003,92.0,7.5,26.2,94.0,5.5,85.82,64.17827816170212,1
99.41,14,0,0,43,1014,17.0,0.7,19.6,87.0,0.0,134.56,72.19050222362205,1
99.33,15,40,0,48,1014,333.0,2.5,14.1,80.0,0.0,141.06,55.18706397411003,2
99.32,15,40,3,48,1014,87.0,1.8,21.5,76.0,0.0,105.56,71.0927354893617,3
99.31,21,0,2,64,1013,37.0,2.7,22.8,82.0,0.0,138.31,71.3997231855856,3
99.06,23,20,2,71,1016,14.0,2.3,19.3,79.0,0.0,204.93,65.63739777587547,1
99.04,19,40,0,60,1014,341.0,1.5,19.1,92.0,0.0,204.93,69.19157370193051,1
98.79,14,40,0,45,1014,333.0,2.5,14.1,80.0,0.0,94.22,55.18706397411003,2
98.75,13,0,1,40,1006,40.0,3.4,27.4,85.0,0.0,119.1,78.45149636363634,1
98.69,12,40,0,39,1014,17.0,0.7,19.6,87.0,0.0,104.69,72.19050222362205,1
98.6,8,0,0,25,1014,333.0,2.5,14.1,80.0,0.0,103.41,55.18706397411003,2
98.59,17,20,0,53,1008,62.0,3.1,23.1,76.0,0.0,75.01,69.97503290593608,3
98.58,7,0,0,22,1006,35.0,2.6,25.4,72.0,0.0,125.56,75.44503810612245,3
98.48,19,40,1,60,1007,335.0,2.0,20.3,90.0,0.0,138.21,69.71683978947371,3
98.47,18,20,0,56,1014,341.0,1.5,19.1,92.0,0.0,138.21,69.19157370193051,1
98.45,3,20,6,11,1016,66.0,2.5,21.4,56.0,0.0,138.21,66.37936585762712,2
98.39,12,0,5,37,1014,41.0,4.6,20.2,66.0,0.0,109.72,58.5666367483871,2
98.36,4,0,5,13,1010,188.0,1.1,25.1,82.0,0.0,109.72,80.9527855316583,3
98.28,10,20,5,32,1011,357.0,3.2,20.5,80.0,0.0,94.69,65.15757224489796,2
98.27,15,40,0,48,1008,62.0,3.1,23.1,76.0,0.0,102.84,69.97503290593608,3
98.19,8,40,2,27,1013,328.0,3.0,26.2,56.0,0.0,94.63,73.57659656170213,1
98.19,23,40,4,72,1009,319.0,1.7,20.7,93.0,0.0,94.63,71.79121102386831,1
98.11,22,0,1,67,1014,330.0,1.0,18.6,80.0,0.0,77.02,68.56701624242424,1
98.09,21,40,3,66,1011,324.0,1.7,20.5,92.0,0.0,95.34,71.28834824489796,1
98.0,16,40,5,51,1009,322.0,2.2,24.1,94.0,0.0,143.44,76.99138796937801,3
97.97,23,40,2,72,1013,320.0,1.6,19.5,96.0,0.0,95.58,70.08223592156861,1
97.91,11,0,1,34,1013,87.0,2.4,23.0,56.0,0.0,53.3,69.62495709090909,1
97.89,23,20,0,71,1012,319.0,2.7,19.1,75.0,0.0,53.3,63.5528445019305,1
97.87,17,40,1,54,1005,70.0,3.1,27.1,87.0,0.0,118.89,79.09623818324023,1
97.8,10,0,0,31,1014,333.0,2.5,14.1,80.0,0.0,127.01,55.18706397411003,2
97.8,1,0,0,4,1008,329.0,2.8,22.2,76.0,0.0,127.01,69.2230426385965,1
97.78,0,40,5,3,1009,329.0,0.1,22.3,93.0,0.0,111.24,80.04969962466959,3
97.77,12,0,0,37,1007,96.0,3.5,26.4,78.0,0.0,108.05,75.25643193118279,1
97.77,17,20,6,53,1006,358.0,2.3,23.2,93.0,0.0,147.38,74.77753187522936,3
97.73,13,0,2,40,1014,320.0,2.4,21.3,91.0,0.5,93.96,70.49993400675106,1
97.67,12,40,3,39,1015,85.0,1.5,22.2,74.0,0.0,110.75,73.1488842385965,3
97.66,11,0,3,34,1015,46.0,2.3,21.3,61.0,0.0,122.92,67.40573000675106,1
97.54,23,20,0,71,1014,322.0,2.5,19.3,90.0,0.0,100.97,66.16928057587549,1
97.52,15,40,6,48,1016,57.0,4.4,17.1,60.0,0.0,103.94,52.853749820788536,2
97.47,11,20,1,35,1013,87.0,2.4,23.0,56.0,0.0,97.91,69.62495709090909,1
97.46,20,40,5,63,1007,325.0,1.4,21.9,91.0,0.0,118.51,74.87261096277057,2
97.46,9,40,5,30,1011,357.0,3.2,20.5,80.0,0.0,106.6,65.15757224489796,2
97.41,20,0,1,61,1004,56.0,1.7,26.2,95.0,1.2,108.22,82.86990136170213,1
97.33,5,20,2,17,1018,46.0,2.9,20.9,68.0,0.0,115.1,65.53443828713692,1
97.2,9,40,6,30,1012,10.0,4.1,24.9,74.0,0.0,121.36,69.95151576915423,2
97.19,12,20,6,38,1006,9.0,5.9,25.8,79.0,0.0,78.9,66.55469053333333,3
97.08,1,20,1,5,1007,79.0,2.1,26.2,86.0,0.0,100.54,80.40529256170213,1
97.03,17,0,6,52,1015,7.0,2.1,21.9,80.0,0.0,128.84,71.35673856277057,2
96.97,1,40,1,6,1013,341.0,3.5,21.1,68.0,0.0,128.84,63.98836985439331,1
96.96,12,0,6,37,1016,52.0,6.0,18.8,58.0,0.0,92.02,50.64514960610686,2
96.93,13,0,3,40,1015,85.0,1.5,22.2,74.0,0.0,97.67,73.1488842385965,3
96.92,7,20,1,23,1012,7.0,4.6,26.9,43.0,0.0,133.82,68.00156924419889,1
96.91,7,40,4,24,1009,299.0,2.5,20.0,96.0,0.0,106.35,68.18688,3
96.88,17,0,0,52,1011,18.0,2.6,21.4,80.0,0.0,102.5,68.79945545762712,1
96.85,10,20,1,32,1013,87.0,2.4,23.0,56.0,0.0,128.12,69.62495709090909,1
96.69,11,0,3,34,1011,91.0,2.6,26.8,57.0,0.0,116.03,76.09527131428571,1
96.68,19,20,2,59,1013,341.0,1.7,20.2,94.0,0.0,109.78,70.92123834838709,1
96.57,20,40,0,63,1008,347.0,1.3,20.8,80.0,0.0,102.51,71.81136608264462,3
96.42,21,20,2,65,1016,14.0,2.3,19.3,79.0,0.0,101.95,65.63739777587547,1
96.37,20,0,1,61,1014,327.0,1.4,19.4,74.0,0.0,162.77,68.1735901,1
96.16,15,20,2,47,1017,326.0,1.6,19.3,78.0,0.0,67.62,67.77086297587549,1
96.12,22,20,2,68,1016,14.0,2.3,19.3,79.0,0.0,120.85,65.63739777587547,1
96.11,23,20,3,71,1012,25.0,2.3,20.1,81.0,0.0,129.58,67.38220395341366,3
96.09,7,20,0,23,1006,35.0,2.6,25.4,72.0,0.0,98.58,75.44503810612245,3
96.05,6,20,1,20,1013,64.0,3.0,23.8,50.0,0.0,125.78,68.43263954716981,1
96.0,21,20,0,65,1006,87.0,1.5,24.9,90.0,0.0,158.12,80.30185816915423,1
95.97,11,20,0,35,1008,351.0,5.3,23.8,72.0,0.1,158.12,63.77636914716982,1
95.97,14,20,6,44,1016,52.0,6.0,18.8,58.0,0.0,116.45,50.64514960610686,2
95.83,7,20,1,23,1006,329.0,1.3,24.5,71.0,0.0,134.87,77.77500834146342,3
95.79,21,20,6,65,1014,333.0,2.5,14.1,80.0,0.0,73.95,55.18706397411003,2
95.71,0,0,0,1,1016,35.0,2.1,20.1,80.0,0.0,185.19,67.91276035341366,1
95.69,5,40,2,18,1015,17.0,2.4,25.2,59.0,0.0,66.25,74.04217845656565,1
95.67,15,20,5,47,1008,73.0,1.5,23.7,82.0,0.0,134.7,76.97265903849765,2
95.59,13,0,6,40,1008,83.0,2.9,25.2,76.0,0.0,131.71,74.61796085656566,2
95.58,23,20,2,71,1013,320.0,1.6,19.5,96.0,0.0,131.71,70.08223592156861,1
95.57,6,20,1,20,1006,329.0,1.3,24.5,71.0,0.0,94.34,77.77500834146342,3
95.51,21,20,5,65,1015,354.0,3.3,16.5,64.0,0.0,117.66,55.65855635087719,2
95.51,9,20,2,29,1013,348.0,1.5,24.9,67.0,0.0,117.66,77.38324096915423,1
95.5,7,20,0,23,1007,12.0,6.2,26.8,56.0,0.0,85.53,64.44146651428571,1
95.44,9,0,3,28,1011,91.0,2.6,26.8,57.0,0.0,133.18,76.09527131428571,1
95.34,21,20,3,65,1011,324.0,1.7,20.5,92.0,0.0,129.48,71.28834824489796,1
95.22,2,40,3,9,1014,281.0,1.5,20.7,91.0,0.0,95.61,72.20796062386832,1
94.97,8,20,2,26,1009,126.0,1.5,26.5,64.0,0.0,103.06,79.9905587027027,3
94.86,16,0,0,49,1011,18.0,2.6,21.4,80.0,0.0,150.63,68.79945545762712,1
94.72,8,20,0,26,1006,35.0,2.6,25.4,72.0,0.0,83.05,75.44503810612245,3
94.69,10,0,5,31,1011,357.0,3.2,20.5,80.0,0.0,97.46,65.15757224489796,2
94.63,8,20,2,26,1013,328.0,3.0,26.2,56.0,0.0,273.82,73.57659656170213,1
94.61,4,20,3,14,1008,359.0,5.1,21.6,96.0,0.4,273.82,63.020669155555574,1
94.59,15,20,3,47,1012,86.0,2.7,23.1,80.0,0.0,132.26,71.73643930593606,1
94.59,20,20,3,62,1013,4.0,1.5,20.9,80.0,0.0,111.89,71.36266708713694,3
94.45,22,20,4,68,1009,319.0,1.7,20.7,93.0,0.0,79.96,71.79121102386831,1
94.45,7,20,2,23,1003,92.0,7.5,26.2,94.0,5.5,152.38,64.17827816170212,1
94.35,15,0,3,46,1017,41.0,1.8,19.8,71.0,0.0,113.72,67.32415381587302,1
94.34,6,0,1,19,1006,329.0,1.3,24.5,71.0,0.0,113.72,77.77500834146342,3
94.32,19,20,5,59,1015,340.0,2.4,16.4,73.0,0.0,113.72,59.217620654545456,2
94.23,1,40,3,6,1017,74.0,2.0,19.8,78.0,0.0,113.72,67.44262341587303,1
94.22,14,20,0,44,1014,333.0,2.5,14.1,80.0,0.0,119.1,55.18706397411003,2
94.1,12,40,4,39,1009,319.0,1.8,20.7,98.0,0.6,109.49,72.02933702386831,3
94.07,20,0,1,61,1007,335.0,2.0,20.3,90.0,0.0,98.48,69.71683978947371,3
94.0,18,40,3,57,1012,33.0,1.1,21.9,84.0,0.0,119.04,75.02069216277057,1
93.96,12,40,2,39,1014,320.0,2.4,21.3,91.0,0.5,75.43,70.49993400675106,1
93.94,9,40,1,30,1013,87.0,2.4,23.0,56.0,0.0,120.29,69.62495709090909,1
93.86,11,20,4,35,1008,96.0,4.5,27.2,61.0,0.0,121.97,71.2951962786517,1
93.78,8,40,6,27,1006,85.0,2.9,29.9,58.0,0.0,110.82,81.02897435231787,2
93.71,20,20,1,62,1016,347.0,2.3,18.8,73.0,0.0,108.57,64.05590160610686,1
93.67,16,40,3,51,1017,41.0,1.8,19.8,71.0,0.0,108.57,67.32415381587302,1
93.67,12,40,5,39,1008,60.0,2.5,24.4,78.0,0.0,139.66,74.62167916116505,2
93.62,18,40,0,57,1008,347.0,1.3,20.8,80.0,0.0,128.42,71.81136608264462,3
93.58,7,20,5,23,1008,222.0,1.4,27.3,75.0,0.0,141.52,83.30020527683615,3
93.56,5,0,3,16,1008,359.0,5.1,21.6,96.0,0.4,141.52,63.020669155555574,1
93.44,10,0,4,31,1016,349.0,2.0,18.2,81.0,0.0,115.97,64.70591382686568,1
93.41,22,20,3,68,1016,352.0,2.5,18.0,89.0,0.3,115.97,63.537913481481475,1
93.41,11,40,0,36,1014,333.0,2.5,14.1,80.0,0.0,109.05,55.18706397411003,2
93.41,7,20,3,23,1011,117.0,2.3,28.7,54.0,0.0,166.91,80.14986681226993,1
93.33,15,40,5,48,1015,15.0,5.5,18.6,60.0,0.0,131.72,52.08722424242424,2
93.32,0,20,6,2,1014,327.0,0.6,20.4,95.0,0.0,131.72,74.94435928455285,2
93.2,7,0,3,22,1013,59.0,1.5,23.9,82.0,0.8,144.19,77.35804254407584,3
93.09,16,20,1,50,1016,45.0,2.8,20.3,66.0,0.0,85.3,64.51274058947368,1
92.98,8,40,6,27,1004,208.0,2.3,32.8,52.0,0.0,118.06,87.47100737049179,3
92.96,20,40,4,63,1009,317.0,1.8,21.4,88.0,0.0,122.45,72.27281865762713,1
92.84,10,0,4,31,1009,310.0,1.5,20.4,97.0,0.0,107.42,72.28542808455285,3
92.75,4,40,5,15,1010,188.0,1.1,25.1,82.0,0.0,77.65,80.9527855316583,3
92.74,2,40,5,9,1009,96.0,0.1,22.3,93.0,0.0,82.11,80.04969962466959,3
92.67,12,40,4,39,1010,80.0,2.5,24.3,77.0,0.0,127.97,74.30557092367151,1
92.48,20,20,4,62,1008,342.0,4.1,20.4,97.0,2.0,126.88,63.96542808455286,3
92.39,14,40,5,45,1014,41.0,4.6,20.2,66.0,0.0,163.23,58.5666367483871,2
92.39,20,20,5,62,1013,215.0,1.7,19.7,97.0,0.0,131.56,70.26403439209486,2
92.33,0,20,4,2,1017,46.0,3.0,18.4,88.0,0.0,131.56,62.61126900451129,1
92.27,13,40,2,42,1014,320.0,2.4,21.3,91.0,0.5,145.05,70.49993400675106,1
92.19,18,20,1,56,1007,335.0,2.0,20.3,90.0,0.0,130.99,69.71683978947371,3
92.02,11,40,6,36,1014,28.0,5.6,20.4,55.0,0.0,131.16,54.52298328455285,2
91.76,22,40,4,69,1009,319.0,1.7,20.7,93.0,0.0,94.45,71.79121102386831,1
91.73,23,0,1,70,1008,250.0,1.4,19.9,90.0,0.0,94.45,70.8576202868526,3
91.62,13,20,5,41,1009,326.0,0.9,25.1,90.0,0.0,100.05,82.61377433165829,3
91.44,20,0,6,61,1015,4.0,1.3,15.4,67.0,0.0,135.74,60.30286998918918,2
91.34,8,0,5,25,1010,17.0,3.6,22.1,72.0,0.0,135.74,66.00607278951965,2
91.29,20,20,1,62,1007,335.0,2.0,20.3,90.0,0.0,94.07,69.71683978947371,3
91.23,23,40,0,72,1008,303.0,1.9,20.7,88.0,0.0,118.57,70.59308502386831,3
91.23,0,40,1,3,1008,330.0,2.3,21.6,84.0,0.0,118.57,70.60189795555556,3
91.21,4,40,4,15,1007,323.0,2.3,22.4,86.0,0.0,81.02,72.38138763893805,1
91.2,6,0,5,19,1008,222.0,1.4,27.3,75.0,0.0,107.38,83.30020527683615,3
91.05,15,0,5,46,1009,322.0,2.2,24.1,94.0,0.0,124.04,76.99138796937801,3
91.03,14,20,6,44,1014,353.0,4.3,22.7,77.0,0.0,149.55,65.4928120412556,2
90.91,20,20,0,62,1011,333.0,2.4,20.2,75.0,0.0,67.86,66.5949015483871,1
90.89,8,40,1,27,1004,96.0,3.6,31.1,63.0,0.0,184.39,81.78337059856115,1
90.88,3,40,3,12,1008,359.0,5.1,21.6,96.0,0.4,184.39,63.020669155555574,1
90.77,17,20,4,53,1009,353.0,2.5,20.9,98.0,2.5,121.16,70.18501028713693,3
90.75,5,20,5,17,1010,188.0,1.1,25.1,82.0,0.0,90.31,80.9527855316583,3
90.69,17,0,3,52,1014,87.0,1.8,21.5,76.0,0.0,191.62,71.0927354893617,3
90.61,7,20,6,23,1014,54.0,3.5,21.7,49.0,0.0,107.26,62.92066671416309,2
90.51,5,40,1,18,1015,45.0,3.5,21.2,66.0,0.0,107.26,63.94847768739496,1
90.37,13,40,0,42,1014,333.0,2.5,14.1,80.0,0.0,132.62,55.18706397411003,2
90.32,19,20,0,59,1006,46.0,1.3,24.7,92.0,0.0,140.89,80.80240848866997,1
90.31,5,0,5,16,1010,188.0,1.1,25.1,82.0,0.0,92.75,80.9527855316583,3
90.31,12,0,2,37,1014,320.0,2.4,21.3,91.0,0.5,151.7,70.49993400675106,1
90.14,11,20,3,35,1014,64.0,3.2,23.0,69.0,0.0,108.52,68.62480109090909,3
89.99,20,40,0,63,1014,341.0,1.5,19.1,92.0,0.0,172.53,69.19157370193051,1
89.78,20,0,2,61,1016,327.0,1.9,18.9,83.0,0.0,75.29,66.57513349118774,1
89.68,23,0,3,70,1016,352.0,2.5,18.0,89.0,0.3,164.68,63.537913481481475,1
89.53,7,0,2,22,1016,100.0,3.1,22.1,59.0,0.0,126.36,66.08876998951965,1
89.49,22,20,3,68,1012,25.0,2.3,20.1,81.0,0.0,112.12,67.38220395341366,3
89.38,8,20,0,26,1014,333.0,2.5,14.1,80.0,0.0,98.6,55.18706397411003,2
89.29,7,0,3,22,1015,48.0,2.3,21.6,63.0,0.0,142.44,68.18904835555556,1
89.08,5,0,0,16,1014,333.0,2.5,14.1,80.0,0.0,142.44,55.18706397411003,2
89.03,18,20,6,56,1006,5.0,1.0,22.7,91.0,0.0,136.32,77.71737284125561,3
88.98,10,20,0,32,1014,109.0,1.1,20.9,79.0,0.0,161.91,72.53031468713692,1
88.94,6,40,1,21,1006,329.0,1.3,24.5,71.0,0.0,95.57,77.77500834146342,3
88.84,23,40,5,72,1013,216.0,3.2,19.6,97.0,0.0,164.11,65.26675822362205,2
88.77,8,40,2,27,1009,126.0,1.5,26.5,64.0,0.0,94.97,79.9905587027027,3
88.71,12,0,2,37,1012,59.0,2.0,25.4,72.0,0.0,130.9,77.36503810612246,3
88.65,10,40,2,33,1016,39.0,3.7,21.2,57.0,0.0,106.44,62.287488887394964,1
88.56,21,20,3,65,1012,25.0,2.3,20.1,81.0,0.0,124.97,67.38220395341366,3
88.24,7,0,0,22,1013,81.0,1.2,21.3,79.0,0.0,130.02,72.97425240675106,1
88.18,12,20,0,38,1014,333.0,2.5,14.1,80.0,0.0,83.23,55.18706397411003,2
88.06,19,40,2,60,1013,341.0,1.7,20.2,94.0,0.0,96.68,70.92123834838709,1
87.89,19,40,3,60,1012,33.0,1.1,21.9,84.0,0.0,130.89,75.02069216277057,1
87.75,7,0,2,22,1009,126.0,1.5,26.5,64.0,0.0,107.91,79.9905587027027,3
87.72,19,40,5,60,1008,334.0,0.8,23.5,95.0,0.0,101.09,80.4108611627907,3
87.59,8,40,1,27,1013,64.0,3.0,23.8,50.0,0.0,127.1,68.43263954716981,1
87.49,19,20,6,59,1006,5.0,1.0,22.7,91.0,0.0,65.03,77.71737284125561,3
87.47,14,40,0,45,1008,29.0,1.8,24.0,78.0,0.0,101.35,76.09627961904762,3
87.43,9,20,3,29,1006,356.0,4.0,20.6,96.0,1.4,121.73,64.5690044852459,1
87.16,21,20,5,65,1007,172.0,2.0,23.7,95.0,0.0,114.92,76.96559063849764,3
86.96,23,40,1,72,1003,28.0,2.9,26.4,94.0,0.0,107.8,79.29403833118279,1
86.96,9,20,4,29,1009,310.0,1.5,20.4,97.0,0.0,137.65,72.28542808455285,3
86.85,14,20,3,44,1017,24.0,2.2,20.3,69.0,0.0,108.5,66.76325298947367,1
86.67,21,40,6,66,1006,11.0,2.7,22.6,90.0,0.0,111.23,71.96316514285716,3
86.56,8,0,1,25,1013,64.0,3.0,23.8,50.0,0.0,134.92,68.43263954716981,1
86.41,15,0,0,46,1008,62.0,3.1,23.1,76.0,0.0,87.47,69.97503290593608,3
86.38,3,20,3,11,1015,53.0,4.7,25.2,69.0,0.0,100.43,67.96205045656566,3
86.37,12,20,5,38,1014,41.0,4.6,20.2,66.0,0.0,98.39,58.5666367483871,2
86.36,7,40,5,24,1014,334.0,1.5,20.3,96.0,0.1,126.77,71.97786458947371,2
86.16,7,40,2,24,1009,126.0,1.5,26.5,64.0,0.0,116.76,79.9905587027027,3
86.1,18,20,5,56,1008,334.0,0.8,23.5,95.0,0.0,179.24,80.4108611627907,3
86.03,7,40,0,24,1005,37.0,4.1,30.3,56.0,0.0,109.32,77.64363054149659,1
85.9,13,40,1,42,1006,330.0,1.3,22.9,78.0,0.0,121.12,75.59367449411766,3
85.82,7,40,2,24,1003,92.0,7.5,26.2,94.0,5.5,94.45,64.17827816170212,1
85.62,1,20,5,5,1016,35.0,2.0,19.0,95.0,0.0,72.91,67.71254,2
85.53,7,0,0,22,1007,12.0,6.2,26.8,56.0,0.0,115.16,64.44146651428571,1
85.44,23,0,4,70,1008,355.0,4.8,20.0,97.0,1.9,115.16,60.93596000000001,3
85.33,5,40,0,18,1008,10.0,1.9,23.6,79.0,0.0,115.16,75.133499035514,3
85.3,16,0,1,49,1016,45.0,2.8,20.3,66.0,0.0,107.4,64.51274058947368,1
84.84,0,0,1,1,1013,341.0,3.5,21.1,68.0,0.0,206.88,63.98836985439331,1
84.48,16,0,4,49,1016,354.0,1.8,18.2,87.0,0.0,77.5,65.96112502686569,1
84.22,12,40,2,39,1017,360.0,1.4,20.4,63.0,0.0,82.99,68.84725848455285,1
84.11,11,40,6,36,1004,235.0,1.4,29.9,66.0,0.0,136.91,86.98958555231786,3
84.04,20,0,3,61,1012,33.0,1.1,21.9,84.0,0.0,87.89,75.02069216277057,1
84.03,14,0,3,43,1008,10.0,3.1,20.3,97.0,1.5,87.89,66.96803538947367,1
83.97,7,0,4,22,1009,299.0,2.5,20.0,96.0,0.0,124.89,68.18688,3
83.96,16,40,0,51,1007,315.0,0.8,25.4,86.0,0.0,136.3,83.00703970612247,1
83.81,8,20,5,26,1010,17.0,3.6,22.1,72.0,0.0,91.34,66.00607278951965,2
83.56,2,20,0,8,1014,333.0,2.5,14.1,80.0,0.0,65.73,55.18706397411003,2
83.42,3,20,6,11,1009,102.0,2.4,28.5,65.0,0.0,91.25,81.00080878787877,2
83.23,12,0,0,37,1014,333.0,2.5,14.1,80.0,0.0,93.41,55.18706397411003,2
83.05,8,0,0,25,1006,35.0,2.6,25.4,72.0,0.0,99.82,75.44503810612245,3
83.01,22,40,0,69,1008,303.0,1.9,20.7,88.0,0.0,105.88,70.59308502386831,3
83.0,0,20,0,2,1007,13.0,2.6,22.4,85.0,0.0,105.88,71.30358123893805,3
82.99,12,20,2,38,1017,360.0,1.4,20.4,63.0,0.0,120.83,68.84725848455285,1
82.56,17,0,0,52,1015,222.0,0.9,18.9,92.0,0.0,38.68,70.72085709118774,1
82.45,5,0,6,16,1009,102.0,2.4,28.5,65.0,0.0,38.68,81.00080878787877,2
82.41,23,20,0,71,1014,333.0,2.5,14.1,80.0,0.0,119.02,55.18706397411003,2
82.29,20,40,1,63,1016,347.0,2.3,18.8,73.0,0.0,93.71,64.05590160610686,1
82.12,21,0,4,64,1008,355.0,4.8,20.0,97.0,1.9,93.71,60.93596000000001,3
82.11,2,20,5,8,1009,355.0,0.1,22.3,93.0,0.0,93.71,80.04969962466959,3
82.1,20,0,2,61,1012,84.0,2.0,24.2,86.0,0.0,133.5,76.8337312,3
82.09,23,20,2,71,1013,37.0,2.7,22.8,82.0,0.0,133.5,71.3997231855856,3
81.95,6,0,5,19,1014,334.0,1.5,20.3,96.0,0.1,203.33,71.97786458947371,2
81.94,0,0,4,1,1012,335.0,0.7,22.7,84.0,0.0,203.33,77.8450924412556,1
81.92,23,40,1,72,1008,250.0,1.4,19.9,90.0,0.0,203.33,70.8576202868526,3
81.53,3,40,1,12,1007,344.0,2.0,23.1,74.0,0.0,98.2,73.2543297059361,3
81.45,11,20,2,35,1009,52.0,2.8,26.5,64.0,0.0,148.01,75.8305587027027,3
81.23,19,0,2,58,1016,327.0,1.9,18.9,83.0,0.0,133.57,66.57513349118774,1
81.19,1,20,2,5,1005,46.0,3.4,26.9,91.0,0.0,133.57,78.2816524441989,1
81.02,4,20,4,14,1007,323.0,2.3,22.4,86.0,0.0,72.41,72.38138763893805,1
81.0,21,40,3,66,1012,25.0,2.3,20.1,81.0,0.0,88.56,67.38220395341366,3
80.86,23,20,6,71,1014,35.0,3.0,20.4,81.0,0.0,104.52,65.71687768455284,2
80.82,3,20,5,11,1009,193.0,1.3,27.8,64.0,0.0,126.05,83.06597715348839,2
80.49,16,20,0,50,1008,62.0,3.1,23.1,76.0,0.0,133.93,69.97503290593608,3
80.23,22,0,1,67,1008,250.0,1.4,19.9,90.0,0.0,109.14,70.8576202868526,3
80.04,5,20,5,17,1011,5.0,5.5,20.3,81.0,0.0,96.6,57.525302589473675,2
79.97,6,20,4,20,1009,299.0,2.5,20.0,96.0,0.0,101.42,68.18688,3
79.91,10,20,4,32,1008,96.0,4.5,27.2,61.0,0.0,113.98,71.2951962786517,1
79.44,18,0,0,55,1006,46.0,1.3,24.7,92.0,0.0,341.11,80.80240848866997,1
79.33,8,0,1,25,1006,329.0,1.3,24.5,71.0,0.0,106.22,77.77500834146342,3
78.9,12,0,6,37,1006,9.0,5.9,25.8,79.0,0.0,84.11,66.55469053333333,3
78.38,4,20,0,14,1008,10.0,1.9,23.6,79.0,0.0,122.12,75.133499035514,3
77.77,1,0,1,4,1008,330.0,2.3,21.6,84.0,0.0,91.23,70.60189795555556,3
77.7,23,40,4,72,1008,355.0,4.8,20.0,97.0,1.9,91.23,60.93596000000001,3
77.65,4,20,5,14,1010,188.0,1.1,25.1,82.0,0.0,98.36,80.9527855316583,3
77.5,15,40,4,48,1016,354.0,1.8,18.2,87.0,0.0,140.09,65.96112502686569,1
77.42,4,20,4,14,1011,331.0,1.8,20.2,92.0,0.3,140.09,70.3816239483871,3
77.01,5,0,0,16,1008,10.0,1.9,23.6,79.0,0.0,128.92,75.133499035514,3
76.92,15,40,0,48,1015,222.0,0.9,18.9,92.0,0.0,138.69,70.72085709118774,1
76.19,3,40,0,12,1008,10.0,1.9,23.6,79.0,0.0,80.81,75.133499035514,3
75.82,12,0,3,37,1015,85.0,1.5,22.2,74.0,0.0,118.67,73.1488842385965,3
75.72,6,20,0,20,1013,81.0,1.2,21.3,79.0,0.0,118.67,72.97425240675106,1
75.67,23,40,6,72,1006,11.0,2.7,22.6,90.0,0.0,114.61,71.96316514285716,3
75.62,11,0,2,34,1004,53.0,5.1,24.7,93.0,1.3,119.31,68.76857768866995,1
75.47,7,40,6,24,1014,54.0,3.5,21.7,49.0,0.0,90.61,62.92066671416309,2
75.43,12,20,2,38,1014,320.0,2.4,21.3,91.0,0.5,90.31,70.49993400675106,1
75.42,23,40,4,72,1015,360.0,2.3,18.5,90.0,0.0,90.31,65.25234603773585,1
75.41,7,40,6,24,1006,85.0,2.9,29.9,58.0,0.0,90.31,81.02897435231787,2
75.13,23,20,3,71,1016,352.0,2.5,18.0,89.0,0.3,89.68,63.537913481481475,1
75.05,1,20,4,5,1012,38.0,3.3,20.3,83.0,0.0,104.67,64.78564418947369,3
75.05,5,0,4,16,1018,2.0,1.6,18.8,82.0,0.0,104.67,67.23835280610686,1
75.01,17,0,0,52,1008,62.0,3.1,23.1,76.0,0.0,107.72,69.97503290593608,3
74.89,5,20,3,17,1015,53.0,4.7,25.2,69.0,0.0,68.13,67.96205045656566,3
74.12,22,0,0,67,1008,303.0,1.9,20.7,88.0,0.0,125.81,70.59308502386831,3
73.98,2,0,0,7,1007,13.0,2.6,22.4,85.0,0.0,125.81,71.30358123893805,3
73.95,21,0,6,64,1014,333.0,2.5,14.1,80.0,0.0,125.81,55.18706397411003,2
73.94,23,20,5,71,1007,172.0,2.0,23.7,95.0,0.0,117.53,76.96559063849764,3
73.65,1,0,2,4,1010,32.0,0.9,22.7,80.0,0.0,64.63,76.7295036412556,3
73.6,1,20,0,5,1008,329.0,2.8,22.2,76.0,0.0,97.8,69.2230426385965,1
73.56,1,0,1,4,1013,341.0,3.5,21.1,68.0,0.0,97.8,63.98836985439331,1
73.48,3,0,4,10,1011,331.0,1.8,20.2,92.0,0.3,97.8,70.3816239483871,3
73.47,6,40,1,21,1013,64.0,3.0,23.8,50.0,0.0,96.05,68.43263954716981,1
73.27,4,20,5,14,1016,357.0,1.1,19.8,94.0,0.6,106.31,72.05626821587302,2
73.19,6,20,6,20,1004,208.0,2.3,32.8,52.0,0.0,106.31,87.47100737049179,3
72.97,22,20,3,68,1006,354.0,1.8,19.6,97.0,0.2,83.06,69.74675822362205,1
71.39,7,0,6,22,1004,208.0,2.3,32.8,52.0,0.0,134.12,87.47100737049179,3
71.33,5,40,6,18,1007,220.0,2.9,30.1,64.0,0.0,56.81,82.27749762147654,3
71.01,2,40,3,9,1015,56.0,4.1,23.1,81.0,0.0,80.52,67.37679090593608,3
70.35,21,40,3,66,1016,352.0,2.5,18.0,89.0,0.3,150.3,63.537913481481475,1
70.11,1,0,5,4,1009,353.0,0.1,22.3,93.0,0.0,97.78,80.04969962466959,3
69.89,1,40,1,6,1016,351.0,2.2,18.7,74.0,0.0,35.17,64.29184137794678,1
68.87,1,40,4,6,1017,46.0,3.0,18.4,88.0,0.0,104.69,62.61126900451129,1
68.2,0,0,4,1,1012,38.0,3.3,20.3,83.0,0.0,102.11,64.78564418947369,3
68.13,5,0,3,16,1015,53.0,4.7,25.2,69.0,0.0,102.11,67.96205045656566,3
68.08,3,20,3,11,1018,39.0,3.7,21.4,64.0,0.0,102.11,63.45272905762712,1
67.62,15,0,2,46,1017,326.0,1.6,19.3,78.0,0.0,104.93,67.77086297587549,1
66.68,4,40,4,15,1011,222.0,1.7,26.4,68.0,0.0,152.38,79.6929279311828,1
66.25,5,20,2,17,1015,17.0,2.4,25.2,59.0,0.0,216.25,74.04217845656565,1
66.05,22,40,2,69,1013,320.0,1.6,19.5,96.0,0.0,141.22,70.08223592156861,1
65.39,4,0,1,13,1007,344.0,2.0,23.1,74.0,0.0,81.53,73.2543297059361,3
64.78,9,0,0,28,1014,109.0,1.1,20.9,79.0,0.0,114.59,72.53031468713692,1
64.63,0,40,2,3,1010,32.0,0.9,22.7,80.0,0.0,114.59,76.7295036412556,3
64.5,0,20,1,2,1007,79.0,2.1,26.2,86.0,0.0,237.54,80.40529256170213,1
64.19,11,20,2,35,1016,39.0,3.7,21.2,57.0,0.0,177.5,62.287488887394964,1
62.17,10,20,0,32,1006,81.0,2.6,28.9,66.0,0.0,135.33,81.25629581614908,1
59.31,1,0,3,4,1008,345.0,2.3,21.5,97.0,3.1,114.25,71.89794948936171,1
56.81,5,20,6,17,1007,220.0,2.9,30.1,64.0,0.0,105.24,82.27749762147654,3
53.3,10,40,1,33,1013,87.0,2.4,23.0,56.0,0.0,96.85,69.62495709090909,1
50.81,21,40,2,66,1013,320.0,1.6,19.5,96.0,0.0,125.17,70.08223592156861,1
46.11,16,20,2,50,1014,310.0,1.0,20.8,93.0,0.0,78.1,74.22722048264463,1
43.85,23,0,5,70,1015,354.0,3.3,16.5,64.0,0.0,78.1,55.65855635087719,2
36.98,5,0,4,16,1011,331.0,1.8,20.2,92.0,0.3,104.03,70.3816239483871,3
36.48,2,40,0,9,1008,307.0,1.3,24.1,83.0,0.0,104.03,78.507524369378,1
27.85,23,20,6,71,1014,333.0,2.5,14.1,80.0,0.0,98.11,55.18706397411003,2
