avg_travel_time,hour,minute,weekday,timemap,pressure,wind_direction,wind_direction,wind_speed,temperature,rel_humidity,precipitation,last_20min,SSD,is_workday
276.74,8,0,1,25,1012,7.0,7.0,4.6,26.9,43.0,0.0,145.22,68.00156924419889,1
275.82,21,0,3,64,1011,324.0,324.0,1.7,20.5,92.0,0.0,145.22,71.28834824489796,1
275.53,20,0,3,61,1013,4.0,4.0,1.5,20.9,80.0,0.0,179.76,71.36266708713694,3
274.3,21,40,1,66,1014,330.0,330.0,1.0,18.6,80.0,0.0,181.22,68.56701624242424,1
272.61,10,0,4,31,1006,16.0,16.0,3.5,24.1,81.0,0.0,130.02,71.219549169378,1
272.45,18,40,4,57,1008,342.0,342.0,4.1,20.4,97.0,2.0,233.37,63.96542808455286,3
271.49,14,0,4,43,1009,319.0,319.0,1.8,20.7,98.0,0.6,202.71,72.02933702386831,3
271.47,20,0,6,61,1006,5.0,5.0,1.0,22.7,91.0,0.0,197.09,77.71737284125561,3
268.05,9,20,4,29,1008,96.0,96.0,4.5,27.2,61.0,0.0,302.24,71.2951962786517,1
268.04,6,0,2,19,1009,126.0,126.0,1.5,26.5,64.0,0.0,302.24,79.9905587027027,3
266.94,10,40,5,33,1008,99.0,99.0,1.1,28.1,74.0,0.0,173.93,85.6544731692308,3
265.19,15,40,4,48,1009,334.0,334.0,1.4,21.7,89.0,0.0,226.99,74.2511147141631,1
264.7,22,20,4,68,1009,319.0,319.0,1.7,20.7,93.0,0.0,147.56,71.79121102386831,1
262.78,14,20,2,44,1012,59.0,59.0,2.0,25.4,72.0,0.0,218.32,77.36503810612246,3
261.92,23,0,6,70,1014,35.0,35.0,3.0,20.4,81.0,0.0,244.14,65.71687768455284,2
259.65,23,20,4,71,1009,284.0,284.0,0.7,21.0,96.0,0.0,139.59,75.91744266666667,1
258.62,18,40,5,57,1013,215.0,215.0,1.7,19.7,97.0,0.0,242.57,70.26403439209486,2
258.09,8,40,2,27,1016,100.0,100.0,3.1,22.1,59.0,0.0,242.57,66.08876998951965,1
257.53,10,0,6,31,1004,235.0,235.0,1.4,29.9,66.0,0.0,164.44,86.98958555231786,3
256.95,1,0,2,4,1010,32.0,32.0,0.9,22.7,80.0,0.0,164.44,76.7295036412556,3
255.13,9,0,2,28,1013,348.0,348.0,1.5,24.9,67.0,0.0,437.68,77.38324096915423,1
254.2,6,40,1,21,1013,64.0,64.0,3.0,23.8,50.0,0.0,278.8,68.43263954716981,1
250.26,9,40,1,30,1005,327.0,327.0,1.5,23.9,75.0,0.0,164.22,76.49521974407584,3
249.29,11,0,0,34,1008,351.0,351.0,5.3,23.8,72.0,0.1,113.06,63.77636914716982,1
248.93,18,20,2,56,1006,38.0,38.0,5.5,22.0,94.0,1.2,366.94,62.29718539130435,1
248.35,8,0,5,25,1008,222.0,222.0,1.4,27.3,75.0,0.0,135.52,83.30020527683615,3
245.42,9,0,2,28,1016,39.0,39.0,3.7,21.2,57.0,0.0,258.09,62.287488887394964,1
244.39,18,40,4,57,1009,319.0,319.0,0.9,20.9,96.0,0.0,298.06,75.08030548713694,1
244.07,11,20,1,35,1005,104.0,104.0,4.2,28.7,72.0,0.0,122.86,76.60270441226993,1
243.73,10,40,4,33,1008,96.0,96.0,4.5,27.2,61.0,0.0,172.22,71.2951962786517,1
243.34,10,40,2,33,1004,53.0,53.0,5.1,24.7,93.0,1.3,140.75,68.76857768866995,1
243.18,11,20,5,35,1014,333.0,333.0,2.2,20.3,96.0,0.0,178.44,69.73786458947369,2
243.14,14,0,1,43,1014,25.0,25.0,1.7,22.1,53.0,0.0,167.25,69.86847638951966,1
242.73,6,20,5,20,1008,222.0,222.0,1.4,27.3,75.0,0.0,134.44,83.30020527683615,3
242.57,18,20,5,56,1013,215.0,215.0,1.7,19.7,97.0,0.0,143.27,70.26403439209486,2
241.98,2,20,0,8,1008,329.0,329.0,2.8,22.2,76.0,0.0,144.39,69.2230426385965,1
241.3,17,0,2,52,1014,310.0,310.0,1.0,20.8,93.0,0.0,239.33,74.22722048264463,1
240.71,11,40,0,36,1006,44.0,44.0,3.6,24.2,79.0,0.0,91.19,70.8432728,3
240.53,16,20,0,50,1008,62.0,62.0,3.1,23.1,76.0,0.0,187.3,69.97503290593608,3
239.88,21,40,4,66,1009,284.0,284.0,0.7,21.0,96.0,0.0,252.49,75.91744266666667,1
239.33,16,40,2,51,1014,310.0,310.0,1.0,20.8,93.0,0.0,166.84,74.22722048264463,1
238.57,22,0,4,67,1009,284.0,284.0,0.7,21.0,96.0,0.0,239.88,75.91744266666667,1
237.99,10,40,6,33,1014,28.0,28.0,5.6,20.4,55.0,0.0,126.31,54.52298328455285,2
236.02,13,0,4,40,1009,319.0,319.0,1.8,20.7,98.0,0.6,318.49,72.02933702386831,3
235.88,21,0,2,64,1013,37.0,37.0,2.7,22.8,82.0,0.0,152.45,71.3997231855856,3
235.56,10,40,5,33,1014,333.0,333.0,2.2,20.3,96.0,0.0,173.27,69.73786458947369,2
235.16,16,0,6,49,1015,7.0,7.0,2.1,21.9,80.0,0.0,286.61,71.35673856277057,2
234.99,17,0,3,52,1017,41.0,41.0,1.8,19.8,71.0,0.0,286.61,67.32415381587302,1
234.72,13,40,5,42,1008,60.0,60.0,2.5,24.4,78.0,0.0,189.93,74.62167916116505,2
234.35,9,40,2,30,1009,52.0,52.0,2.8,26.5,64.0,0.0,199.18,75.8305587027027,3
234.04,14,20,4,44,1008,351.0,351.0,2.3,22.5,83.0,0.0,208.1,72.22068777777778,1
233.37,18,20,4,56,1008,342.0,342.0,4.1,20.4,97.0,2.0,222.37,63.96542808455286,3
233.0,10,20,3,32,1011,91.0,91.0,2.6,26.8,57.0,0.0,156.58,76.09527131428571,1
232.67,18,0,6,55,1006,5.0,5.0,1.0,22.7,91.0,0.0,226.43,77.71737284125561,3
232.64,20,20,6,62,1007,11.0,11.0,0.9,22.8,87.0,0.0,191.21,77.75602718558558,2
231.78,7,40,3,24,1006,355.0,355.0,6.9,21.0,95.0,0.1,162.62,55.96472666666668,1
231.17,13,40,4,42,1010,80.0,80.0,2.5,24.3,77.0,0.0,144.98,74.30557092367151,1
230.93,13,20,6,41,1014,353.0,353.0,4.3,22.7,77.0,0.0,186.82,65.4928120412556,2
230.6,16,40,2,51,1012,8.0,8.0,3.3,24.7,76.0,0.0,156.27,72.38370128866995,3
230.37,19,0,1,58,1016,347.0,347.0,2.3,18.8,73.0,0.0,156.27,64.05590160610686,1
230.0,3,0,6,10,1007,220.0,220.0,2.9,30.1,64.0,0.0,118.48,82.27749762147654,3
229.98,21,0,6,64,1007,358.0,358.0,0.5,21.8,93.0,0.0,159.34,77.78836322758622,2
229.61,18,20,1,56,1016,347.0,347.0,2.3,18.8,73.0,0.0,182.25,64.05590160610686,1
228.93,2,0,4,7,1012,38.0,38.0,3.3,20.3,83.0,0.0,273.14,64.78564418947369,3
228.48,15,20,5,47,1008,73.0,73.0,1.5,23.7,82.0,0.0,214.41,76.97265903849765,2
227.58,11,20,5,35,1006,78.0,78.0,5.2,27.8,64.0,0.0,201.16,70.58597715348839,2
227.48,2,40,5,9,1011,2.0,2.0,4.2,19.4,94.0,1.0,201.16,61.35155810000001,2
227.37,19,40,0,60,1008,347.0,347.0,1.3,20.8,80.0,0.0,201.16,71.81136608264462,3
227.12,11,40,6,36,1012,10.0,10.0,4.1,24.9,74.0,0.0,103.01,69.95151576915423,2
226.99,15,20,4,47,1009,334.0,334.0,1.4,21.7,89.0,0.0,168.96,74.2511147141631,1
226.49,19,40,2,60,1012,84.0,84.0,2.0,24.2,86.0,0.0,254.09,76.8337312,3
226.43,17,40,6,54,1006,358.0,358.0,2.3,23.2,93.0,0.0,163.44,74.77753187522936,3
225.87,13,20,2,41,1012,59.0,59.0,2.0,25.4,72.0,0.0,119.75,77.36503810612246,3
224.91,9,20,0,29,1006,81.0,81.0,2.6,28.9,66.0,0.0,164.8,81.25629581614908,1
224.67,17,40,6,54,1015,7.0,7.0,2.1,21.9,80.0,0.0,215.28,71.35673856277057,2
224.07,12,20,6,38,1008,83.0,83.0,2.9,25.2,76.0,0.0,215.11,74.61796085656566,2
223.54,20,20,3,62,1016,352.0,352.0,1.5,19.1,75.0,0.0,126.01,67.3928445019305,1
223.29,13,40,4,42,1008,351.0,351.0,2.3,22.5,83.0,0.0,112.92,72.22068777777778,1
223.22,18,0,5,55,1007,325.0,325.0,1.4,21.9,91.0,0.0,112.92,74.87261096277057,2
223.2,17,20,2,53,1007,51.0,51.0,3.4,22.6,95.0,1.8,142.23,70.31583314285714,1
223.2,21,20,5,65,1007,172.0,172.0,2.0,23.7,95.0,0.0,142.23,76.96559063849764,3
223.17,14,20,3,44,1015,85.0,85.0,1.5,22.2,74.0,0.0,134.27,73.1488842385965,3
222.6,10,0,1,31,1013,11.0,11.0,4.5,25.4,42.0,0.0,164.53,65.50360610612246,1
221.98,17,0,2,52,1012,8.0,8.0,3.3,24.7,76.0,0.0,230.6,72.38370128866995,3
221.9,0,40,4,3,1017,46.0,46.0,3.0,18.4,88.0,0.0,183.35,62.61126900451129,1
221.79,22,40,5,69,1013,216.0,216.0,3.2,19.6,97.0,0.0,184.2,65.26675822362205,2
221.78,17,20,5,53,1015,15.0,15.0,5.5,18.6,60.0,0.0,184.2,52.08722424242424,2
221.57,16,0,4,49,1010,82.0,82.0,2.0,23.4,79.0,0.0,220.95,74.43045745185185,1
221.34,15,0,6,46,1008,53.0,53.0,1.4,24.4,85.0,0.0,176.37,79.01722796116505,2
221.27,17,40,6,54,1008,53.0,53.0,1.4,24.4,85.0,0.0,197.17,79.01722796116505,2
220.95,15,40,4,48,1010,82.0,82.0,2.0,23.4,79.0,0.0,120.06,74.43045745185185,1
220.92,1,0,5,4,1010,301.0,301.0,1.0,22.7,87.0,0.0,150.85,77.2417840412556,2
220.87,9,20,0,29,1014,333.0,333.0,2.5,14.1,80.0,0.0,189.87,55.18706397411003,2
220.71,13,0,4,40,1008,351.0,351.0,2.3,22.5,83.0,0.0,140.75,72.22068777777778,1
220.37,16,20,5,50,1014,201.0,201.0,0.0,19.8,97.0,0.0,173.84,75.90132661587302,2
220.2,10,0,0,31,1014,109.0,109.0,1.1,20.9,79.0,0.0,218.18,72.53031468713692,1
220.01,11,0,6,34,1004,235.0,235.0,1.4,29.9,66.0,0.0,218.18,86.98958555231786,3
219.95,17,20,4,53,1009,353.0,353.0,2.5,20.9,98.0,2.5,204.26,70.18501028713693,3
219.85,15,20,6,47,1008,53.0,53.0,1.4,24.4,85.0,0.0,221.34,79.01722796116505,2
219.42,17,20,3,53,1012,86.0,86.0,2.7,23.1,80.0,0.0,122.26,71.73643930593606,1
219.34,20,20,1,62,1016,347.0,347.0,2.3,18.8,73.0,0.0,208.12,64.05590160610686,1
219.1,15,0,2,46,1014,310.0,310.0,1.0,20.8,93.0,0.0,193.06,74.22722048264463,1
218.9,19,20,5,59,1007,325.0,325.0,1.4,21.9,91.0,0.0,150.94,74.87261096277057,2
218.83,15,20,2,47,1017,326.0,326.0,1.6,19.3,78.0,0.0,158.12,67.77086297587549,1
218.82,12,40,5,39,1014,344.0,344.0,0.9,20.0,97.0,0.0,193.05,73.41596,2
218.76,18,0,2,55,1012,84.0,84.0,2.0,24.2,86.0,0.0,193.64,76.8337312,3
218.45,21,40,1,66,1017,4.0,4.0,1.9,19.2,74.0,0.0,122.44,66.19587276899225,1
218.32,14,0,2,43,1012,59.0,59.0,2.0,25.4,72.0,0.0,160.58,77.36503810612246,3
218.24,19,0,5,58,1013,215.0,215.0,1.7,19.7,97.0,0.0,258.62,70.26403439209486,2
218.23,17,40,1,54,1016,45.0,45.0,2.8,20.3,66.0,0.0,183.23,64.51274058947368,1
218.18,9,40,0,30,1014,109.0,109.0,1.1,20.9,79.0,0.0,145.93,72.53031468713692,1
217.32,14,40,6,45,1014,353.0,353.0,4.3,22.7,77.0,0.0,192.84,65.4928120412556,2
217.29,20,0,5,61,1007,325.0,325.0,1.4,21.9,91.0,0.0,187.54,74.87261096277057,2
217.24,21,0,4,64,1015,360.0,360.0,2.3,18.5,90.0,0.0,191.21,65.25234603773585,1
217.1,10,20,2,32,1009,52.0,52.0,2.8,26.5,64.0,0.0,185.63,75.8305587027027,3
216.97,14,0,5,43,1008,60.0,60.0,2.5,24.4,78.0,0.0,234.72,74.62167916116505,2
216.74,9,0,0,28,1006,44.0,44.0,3.6,24.2,79.0,0.0,124.18,70.8432728,3
216.72,18,40,2,57,1016,327.0,327.0,1.9,18.9,83.0,0.0,124.18,66.57513349118774,1
216.24,15,0,6,46,1006,358.0,358.0,2.3,23.2,93.0,0.0,122.12,74.77753187522936,3
215.89,9,40,2,30,1016,39.0,39.0,3.7,21.2,57.0,0.0,194.36,62.287488887394964,1
215.75,17,0,6,52,1006,358.0,358.0,2.3,23.2,93.0,0.0,148.3,74.77753187522936,3
215.59,14,0,0,43,1008,29.0,29.0,1.8,24.0,78.0,0.0,198.05,76.09627961904762,3
215.58,20,40,0,63,1011,333.0,333.0,2.4,20.2,75.0,0.0,198.05,66.5949015483871,1
215.32,9,40,3,30,1011,91.0,91.0,2.6,26.8,57.0,0.0,131.37,76.09527131428571,1
215.29,17,0,0,52,1011,18.0,18.0,2.6,21.4,80.0,0.0,154.1,68.79945545762712,1
215.28,17,20,6,53,1015,7.0,7.0,2.1,21.9,80.0,0.0,194.76,71.35673856277057,2
214.78,16,40,2,51,1017,326.0,326.0,1.6,19.3,78.0,0.0,164.54,67.77086297587549,1
214.76,13,20,1,41,1014,25.0,25.0,1.7,22.1,53.0,0.0,183.06,69.86847638951966,1
214.41,15,0,5,46,1008,73.0,73.0,1.5,23.7,82.0,0.0,304.32,76.97265903849765,2
213.36,9,0,5,28,1006,78.0,78.0,5.2,27.8,64.0,0.0,156.69,70.58597715348839,2
213.22,20,20,4,62,1008,342.0,342.0,4.1,20.4,97.0,2.0,156.69,63.96542808455286,3
212.63,22,40,5,69,1007,172.0,172.0,2.0,23.7,95.0,0.0,226.93,76.96559063849764,3
212.48,17,20,4,53,1009,334.0,334.0,1.4,21.7,89.0,0.0,206.88,74.2511147141631,1
212.35,7,40,3,24,1015,48.0,48.0,2.3,21.6,63.0,0.0,119.28,68.18904835555556,1
212.29,21,20,6,65,1007,358.0,358.0,0.5,21.8,93.0,0.0,229.98,77.78836322758622,2
212.29,11,20,2,35,1004,53.0,53.0,5.1,24.7,93.0,1.3,229.98,68.76857768866995,1
212.18,16,20,6,50,1008,53.0,53.0,1.4,24.4,85.0,0.0,181.84,79.01722796116505,2
212.11,23,40,5,72,1007,172.0,172.0,2.0,23.7,95.0,0.0,181.84,76.96559063849764,3
211.91,20,20,3,62,1013,4.0,4.0,1.5,20.9,80.0,0.0,275.53,71.36266708713694,3
211.9,12,0,2,37,1012,59.0,59.0,2.0,25.4,72.0,0.0,181.21,77.36503810612246,3
211.74,10,20,1,32,1013,11.0,11.0,4.5,25.4,42.0,0.0,222.6,65.50360610612246,1
211.62,13,20,5,41,1014,344.0,344.0,0.9,20.0,97.0,0.0,162.38,73.41596,2
211.37,17,40,1,54,1007,310.0,310.0,1.5,22.6,80.0,0.0,158.2,74.61782914285716,3
211.29,16,40,1,51,1007,310.0,310.0,1.5,22.6,80.0,0.0,181.54,74.61782914285716,3
211.23,18,40,6,57,1015,4.0,4.0,1.3,15.4,67.0,0.0,181.54,60.30286998918918,2
211.05,19,40,4,60,1015,202.0,202.0,1.1,18.4,89.0,0.0,203.02,68.79453140451128,1
210.76,13,40,5,42,1014,344.0,344.0,0.9,20.0,97.0,0.0,211.62,73.41596,2
210.46,16,40,1,51,1016,45.0,45.0,2.8,20.3,66.0,0.0,179.79,64.51274058947368,1
210.38,14,20,5,44,1014,344.0,344.0,0.9,20.0,97.0,0.0,161.23,73.41596,2
210.32,8,40,3,27,1011,117.0,117.0,2.3,28.7,54.0,0.0,161.23,80.14986681226993,1
209.93,16,0,3,49,1008,342.0,342.0,2.6,19.9,97.0,0.3,200.95,67.7786350868526,1
209.9,10,20,5,32,1006,78.0,78.0,5.2,27.8,64.0,0.0,200.95,70.58597715348839,2
209.85,18,0,0,55,1006,46.0,46.0,1.3,24.7,92.0,0.0,293.15,80.80240848866997,1
209.59,14,0,6,43,1008,83.0,83.0,2.9,25.2,76.0,0.0,195.04,74.61796085656566,2
209.58,12,40,1,39,1015,105.0,105.0,3.5,21.6,70.0,0.0,162.44,65.15333155555557,1
209.56,14,40,4,45,1010,80.0,80.0,2.5,24.3,77.0,0.0,143.68,74.30557092367151,1
209.33,15,20,6,47,1015,7.0,7.0,2.1,21.9,80.0,0.0,193.84,71.35673856277057,2
209.32,20,0,0,61,1014,341.0,341.0,1.5,19.1,92.0,0.0,187.43,69.19157370193051,1
209.25,15,20,3,47,1012,86.0,86.0,2.7,23.1,80.0,0.0,181.15,71.73643930593606,1
209.19,9,20,2,29,1004,53.0,53.0,5.1,24.7,93.0,1.3,112.47,68.76857768866995,1
209.0,10,0,2,31,1016,39.0,39.0,3.7,21.2,57.0,0.0,215.89,62.287488887394964,1
208.88,16,20,6,50,1006,358.0,358.0,2.3,23.2,93.0,0.0,171.21,74.77753187522936,3
208.66,9,20,0,29,1006,44.0,44.0,3.6,24.2,79.0,0.0,216.74,70.8432728,3
208.58,10,0,0,31,1006,44.0,44.0,3.6,24.2,79.0,0.0,133.46,70.8432728,3
208.42,17,0,1,52,1005,70.0,70.0,3.1,27.1,87.0,0.0,208.22,79.09623818324023,1
208.34,17,0,1,52,1007,310.0,310.0,1.5,22.6,80.0,0.0,211.29,74.61782914285716,3
208.22,16,40,1,51,1005,70.0,70.0,3.1,27.1,87.0,0.0,372.56,79.09623818324023,1
208.1,14,0,4,43,1008,351.0,351.0,2.3,22.5,83.0,0.0,223.29,72.22068777777778,1
207.92,11,40,0,36,1006,81.0,81.0,2.6,28.9,66.0,0.0,165.82,81.25629581614908,1
207.23,13,0,0,40,1010,302.0,302.0,2.3,20.8,92.0,1.1,153.22,69.95523168264461,1
207.18,19,40,1,60,1016,347.0,347.0,2.3,18.8,73.0,0.0,153.22,64.05590160610686,1
206.88,17,0,4,52,1009,334.0,334.0,1.4,21.7,89.0,0.0,325.47,74.2511147141631,1
206.79,19,20,3,59,1012,33.0,33.0,1.1,21.9,84.0,0.0,325.47,75.02069216277057,1
206.53,18,40,1,57,1007,335.0,335.0,2.0,20.3,90.0,0.0,143.09,69.71683978947371,3
206.34,15,40,6,48,1008,53.0,53.0,1.4,24.4,85.0,0.0,219.85,79.01722796116505,2
206.1,14,40,2,45,1012,59.0,59.0,2.0,25.4,72.0,0.0,262.78,77.36503810612246,3
206.08,12,0,1,37,1015,105.0,105.0,3.5,21.6,70.0,0.0,132.98,65.15333155555557,1
205.97,13,40,6,42,1006,9.0,9.0,5.9,25.8,79.0,0.0,162.14,66.55469053333333,3
205.3,14,20,6,44,1016,52.0,52.0,6.0,18.8,58.0,0.0,160.82,50.64514960610686,2
205.19,9,20,5,29,1014,333.0,333.0,2.2,20.3,96.0,0.0,161.15,69.73786458947369,2
204.62,16,0,4,49,1009,334.0,334.0,1.4,21.7,89.0,0.0,265.19,74.2511147141631,1
204.62,11,20,4,35,1009,310.0,310.0,1.5,20.4,97.0,0.0,265.19,72.28542808455285,3
204.58,10,20,0,32,1006,44.0,44.0,3.6,24.2,79.0,0.0,208.58,70.8432728,3
204.55,16,0,4,49,1009,353.0,353.0,2.5,20.9,98.0,2.5,189.69,70.18501028713693,3
204.39,7,0,3,22,1015,48.0,48.0,2.3,21.6,63.0,0.0,189.69,68.18904835555556,1
204.26,17,0,4,52,1009,353.0,353.0,2.5,20.9,98.0,2.5,291.97,70.18501028713693,3
204.06,10,20,4,32,1016,349.0,349.0,2.0,18.2,81.0,0.0,222.16,64.70591382686568,1
203.82,16,0,3,49,1012,86.0,86.0,2.7,23.1,80.0,0.0,169.89,71.73643930593606,1
203.03,19,20,2,59,1016,327.0,327.0,1.9,18.9,83.0,0.0,164.01,66.57513349118774,1
203.02,19,20,4,59,1015,202.0,202.0,1.1,18.4,89.0,0.0,171.26,68.79453140451128,1
202.84,10,20,0,32,1006,81.0,81.0,2.6,28.9,66.0,0.0,65.94,81.25629581614908,1
202.18,9,20,1,29,1013,87.0,87.0,2.4,23.0,56.0,0.0,140.44,69.62495709090909,1
202.15,13,40,3,42,1008,10.0,10.0,3.1,20.3,97.0,1.5,111.76,66.96803538947367,1
201.83,6,0,5,19,1007,54.0,54.0,3.8,29.6,55.0,0.0,132.56,77.15702784415585,2
201.7,13,0,0,40,1008,29.0,29.0,1.8,24.0,78.0,0.0,137.49,76.09627961904762,3
201.56,13,40,6,42,1014,353.0,353.0,4.3,22.7,77.0,0.0,230.93,65.4928120412556,2
201.5,16,0,5,49,1008,73.0,73.0,1.5,23.7,82.0,0.0,97.06,76.97265903849765,2
201.31,17,20,5,53,1014,110.0,110.0,0.0,19.8,97.0,0.0,82.42,75.90132661587302,2
201.16,11,0,5,34,1006,78.0,78.0,5.2,27.8,64.0,0.0,152.11,70.58597715348839,2
200.99,19,40,1,60,1007,335.0,335.0,2.0,20.3,90.0,0.0,201.97,69.71683978947371,3
200.95,12,40,1,39,1006,40.0,40.0,3.4,27.4,85.0,0.0,156.73,78.45149636363634,1
200.95,15,40,3,48,1008,342.0,342.0,2.6,19.9,97.0,0.3,182.25,67.7786350868526,1
200.79,19,0,0,58,1006,46.0,46.0,1.3,24.7,92.0,0.0,175.99,80.80240848866997,1
200.01,15,20,5,47,1014,115.0,115.0,0.0,19.8,97.0,0.0,176.24,75.90132661587302,2
199.76,7,0,2,22,1003,92.0,92.0,7.5,26.2,94.0,5.5,176.24,64.17827816170212,1
199.57,18,0,4,55,1009,319.0,319.0,0.9,20.9,96.0,0.0,149.62,75.08030548713694,1
199.53,16,20,5,50,1009,322.0,322.0,2.2,24.1,94.0,0.0,151.56,76.99138796937801,3
199.18,9,20,2,29,1009,52.0,52.0,2.8,26.5,64.0,0.0,143.49,75.8305587027027,3
199.15,13,0,1,40,1006,330.0,330.0,1.3,22.9,78.0,0.0,169.52,75.59367449411766,3
198.76,4,0,0,13,1008,10.0,10.0,1.9,23.6,79.0,0.0,262.87,75.133499035514,3
198.72,11,20,4,35,1008,96.0,96.0,4.5,27.2,61.0,0.0,152.1,71.2951962786517,1
198.63,8,40,0,27,1013,81.0,81.0,1.2,21.3,79.0,0.0,156.56,72.97425240675106,1
198.5,12,40,6,39,1006,9.0,9.0,5.9,25.8,79.0,0.0,154.13,66.55469053333333,3
198.48,6,0,0,19,1007,12.0,12.0,6.2,26.8,56.0,0.0,134.74,64.44146651428571,1
198.46,16,40,0,51,1015,222.0,222.0,0.9,18.9,92.0,0.0,311.18,70.72085709118774,1
198.45,11,0,1,34,1005,327.0,327.0,1.5,23.9,75.0,0.0,100.89,76.49521974407584,3
198.36,10,0,0,31,1008,351.0,351.0,5.3,23.8,72.0,0.1,183.92,63.77636914716982,1
198.12,21,40,4,66,1009,319.0,319.0,1.7,20.7,93.0,0.0,218.98,71.79121102386831,1
198.08,8,40,0,27,1007,12.0,12.0,6.2,26.8,56.0,0.0,218.98,64.44146651428571,1
198.05,13,40,0,42,1008,29.0,29.0,1.8,24.0,78.0,0.0,174.17,76.09627961904762,3
197.84,9,20,5,29,1008,99.0,99.0,1.1,28.1,74.0,0.0,166.46,85.6544731692308,3
197.17,17,20,6,53,1008,53.0,53.0,1.4,24.4,85.0,0.0,171.91,79.01722796116505,2
197.09,19,40,6,60,1006,5.0,5.0,1.0,22.7,91.0,0.0,187.0,77.71737284125561,3
196.88,13,0,6,40,1008,83.0,83.0,2.9,25.2,76.0,0.0,147.21,74.61796085656566,2
196.55,17,0,1,52,1014,326.0,326.0,2.2,20.5,65.0,0.0,175.41,66.69410224489796,1
196.46,16,20,6,50,1015,7.0,7.0,2.1,21.9,80.0,0.0,235.16,71.35673856277057,2
196.42,7,40,5,24,1007,54.0,54.0,3.8,29.6,55.0,0.0,235.16,77.15702784415585,2
196.4,16,20,3,50,1017,41.0,41.0,1.8,19.8,71.0,0.0,152.16,67.32415381587302,1
196.26,14,0,3,43,1012,91.0,91.0,3.6,24.4,72.0,0.0,165.33,70.35120876116504,1
196.05,17,40,2,54,1017,326.0,326.0,1.6,19.3,78.0,0.0,148.58,67.77086297587549,1
196.05,11,0,0,34,1006,44.0,44.0,3.6,24.2,79.0,0.0,170.79,70.8432728,3
196.04,12,20,6,38,1014,353.0,353.0,4.3,22.7,77.0,0.0,152.97,65.4928120412556,2
195.95,9,0,6,28,1004,235.0,235.0,1.4,29.9,66.0,0.0,185.38,86.98958555231786,3
195.95,6,0,2,19,1003,92.0,92.0,7.5,26.2,94.0,5.5,187.42,64.17827816170212,1
195.73,10,0,5,31,1014,333.0,333.0,2.2,20.3,96.0,0.0,113.69,69.73786458947369,2
195.69,21,20,5,65,1008,324.0,324.0,1.1,21.2,93.0,0.0,113.69,74.69144408739496,2
195.67,15,40,1,48,1005,70.0,70.0,3.1,27.1,87.0,0.0,170.16,79.09623818324023,1
195.65,15,0,2,46,1012,8.0,8.0,3.3,24.7,76.0,0.0,206.1,72.38370128866995,3
195.56,11,40,6,36,1007,57.0,57.0,2.8,28.9,57.0,0.0,182.62,79.34333221614908,2
195.49,15,40,5,48,1014,86.0,86.0,0.0,19.8,97.0,0.0,200.01,75.90132661587302,2
195.39,13,40,0,42,1010,302.0,302.0,2.3,20.8,92.0,1.1,179.32,69.95523168264461,1
195.32,9,40,2,30,1004,53.0,53.0,5.1,24.7,93.0,1.3,209.19,68.76857768866995,1
195.28,10,40,3,33,1014,64.0,64.0,3.2,23.0,69.0,0.0,332.87,68.62480109090909,3
195.04,13,40,6,42,1008,83.0,83.0,2.9,25.2,76.0,0.0,173.16,74.61796085656566,2
195.0,21,0,0,64,1014,322.0,322.0,2.5,19.3,90.0,0.0,194.49,66.16928057587549,1
194.76,17,0,6,52,1015,7.0,7.0,2.1,21.9,80.0,0.0,130.1,71.35673856277057,2
194.72,8,0,3,25,1015,48.0,48.0,2.3,21.6,63.0,0.0,212.35,68.18904835555556,1
194.63,7,0,6,22,1004,208.0,208.0,2.3,32.8,52.0,0.0,121.24,87.47100737049179,3
194.59,16,40,5,51,1014,208.0,208.0,0.0,19.8,97.0,0.0,220.37,75.90132661587302,2
194.59,16,40,3,51,1012,86.0,86.0,2.7,23.1,80.0,0.0,165.29,71.73643930593606,1
194.52,17,0,0,52,1007,315.0,315.0,0.8,25.4,86.0,0.0,145.36,83.00703970612247,1
194.49,20,40,0,63,1014,341.0,341.0,1.5,19.1,92.0,0.0,145.36,69.19157370193051,1
194.44,21,40,2,66,1006,29.0,29.0,4.1,21.5,95.0,0.5,206.98,65.9088814893617,1
194.42,12,0,1,37,1014,25.0,25.0,1.7,22.1,53.0,0.0,206.98,69.86847638951966,1
194.37,7,20,2,23,1003,92.0,92.0,7.5,26.2,94.0,5.5,199.76,64.17827816170212,1
194.36,12,0,1,37,1006,40.0,40.0,3.4,27.4,85.0,0.0,199.76,78.45149636363634,1
193.84,15,0,6,46,1015,7.0,7.0,2.1,21.9,80.0,0.0,217.32,71.35673856277057,2
193.76,18,20,3,56,1013,4.0,4.0,1.5,20.9,80.0,0.0,121.79,71.36266708713694,3
193.64,17,40,2,54,1012,8.0,8.0,3.3,24.7,76.0,0.0,188.42,72.38370128866995,3
193.06,14,40,2,45,1014,320.0,320.0,2.4,21.3,91.0,0.5,154.04,70.49993400675106,1
193.06,6,20,4,20,1016,359.0,359.0,1.9,18.5,84.0,0.0,154.04,65.91059003773586,1
193.05,12,20,5,38,1014,344.0,344.0,0.9,20.0,97.0,0.0,154.04,73.41596,2
192.84,14,20,6,44,1014,353.0,353.0,4.3,22.7,77.0,0.0,190.71,65.4928120412556,2
192.67,13,0,2,40,1006,57.0,57.0,3.9,23.1,94.0,3.0,204.56,69.58136170593608,1
192.52,6,0,3,19,1011,117.0,117.0,2.3,28.7,54.0,0.0,204.56,80.14986681226993,1
192.38,18,0,4,55,1015,202.0,202.0,1.1,18.4,89.0,0.0,378.53,68.79453140451128,1
192.2,15,40,6,48,1006,358.0,358.0,2.3,23.2,93.0,0.0,178.97,74.77753187522936,3
191.5,15,20,0,47,1007,315.0,315.0,0.8,25.4,86.0,0.0,174.84,83.00703970612247,1
191.28,16,40,4,51,1016,354.0,354.0,1.8,18.2,87.0,0.0,170.06,65.96112502686569,1
191.24,14,0,1,43,1006,330.0,330.0,1.3,22.9,78.0,0.0,154.91,75.59367449411766,3
191.21,20,0,6,61,1007,11.0,11.0,0.9,22.8,87.0,0.0,165.22,77.75602718558558,2
191.21,20,40,4,63,1015,202.0,202.0,1.1,18.4,89.0,0.0,165.22,68.79453140451128,1
191.19,14,20,1,44,1015,105.0,105.0,3.5,21.6,70.0,0.0,159.13,65.15333155555557,1
191.02,14,40,0,45,1014,17.0,17.0,0.7,19.6,87.0,0.0,150.72,72.19050222362205,1
190.96,19,40,6,60,1014,344.0,344.0,2.0,21.3,83.0,0.0,156.06,70.86947960675106,2
190.84,17,40,3,54,1014,87.0,87.0,1.8,21.5,76.0,0.0,410.48,71.0927354893617,3
190.79,3,20,3,11,1008,359.0,359.0,5.1,21.6,96.0,0.4,410.48,63.020669155555574,1
190.71,14,0,6,43,1014,353.0,353.0,4.3,22.7,77.0,0.0,201.56,65.4928120412556,2
190.68,12,20,0,38,1010,302.0,302.0,2.3,20.8,92.0,1.1,201.56,69.95523168264461,1
190.64,4,20,5,14,1010,188.0,188.0,1.1,25.1,82.0,0.0,201.56,80.9527855316583,3
190.48,22,40,4,69,1009,284.0,284.0,0.7,21.0,96.0,0.0,138.31,75.91744266666667,1
190.48,21,0,5,64,1013,216.0,216.0,3.2,19.6,97.0,0.0,138.31,65.26675822362205,2
190.47,16,0,6,49,1016,57.0,57.0,4.4,17.1,60.0,0.0,175.06,52.853749820788536,2
190.44,18,20,0,56,1011,333.0,333.0,2.4,20.2,75.0,0.0,154.22,66.5949015483871,1
190.36,20,40,1,63,1014,327.0,327.0,1.4,19.4,74.0,0.0,175.79,68.1735901,1
190.27,7,40,1,24,1013,64.0,64.0,3.0,23.8,50.0,0.0,175.79,68.43263954716981,1
190.23,12,0,1,37,1006,330.0,330.0,1.3,22.9,78.0,0.0,173.24,75.59367449411766,3
190.12,22,40,1,69,1008,250.0,250.0,1.4,19.9,90.0,0.0,156.14,70.8576202868526,3
190.02,15,40,5,48,1009,322.0,322.0,2.2,24.1,94.0,0.0,135.2,76.99138796937801,3
189.93,13,20,5,41,1008,60.0,60.0,2.5,24.4,78.0,0.0,176.93,74.62167916116505,2
189.91,15,40,3,48,1017,41.0,41.0,1.8,19.8,71.0,0.0,127.71,67.32415381587302,1
189.87,9,0,0,28,1014,333.0,333.0,2.5,14.1,80.0,0.0,127.71,55.18706397411003,2
189.83,17,0,0,52,1014,333.0,333.0,2.5,14.1,80.0,0.0,180.11,55.18706397411003,2
189.78,7,40,6,24,1012,301.0,301.0,1.8,26.8,67.0,0.0,180.11,79.99331931428571,2
189.69,15,40,4,48,1009,353.0,353.0,2.5,20.9,98.0,2.5,180.11,70.18501028713693,3
189.27,10,0,4,31,1009,310.0,310.0,1.5,20.4,97.0,0.0,137.77,72.28542808455285,3
189.05,18,40,3,57,1006,354.0,354.0,1.8,19.6,97.0,0.2,125.62,69.74675822362205,1
188.69,21,0,1,64,1017,4.0,4.0,1.9,19.2,74.0,0.0,181.47,66.19587276899225,1
188.63,7,20,4,23,1016,359.0,359.0,1.9,18.5,84.0,0.0,157.28,65.91059003773586,1
188.63,18,40,2,57,1013,341.0,341.0,1.7,20.2,94.0,0.0,131.76,70.92123834838709,1
188.52,14,20,1,44,1006,40.0,40.0,3.4,27.4,85.0,0.0,171.33,78.45149636363634,1
188.42,17,20,2,53,1012,8.0,8.0,3.3,24.7,76.0,0.0,221.98,72.38370128866995,3
188.27,11,20,6,35,1004,235.0,235.0,1.4,29.9,66.0,0.0,220.01,86.98958555231786,3
188.12,19,20,0,59,1011,333.0,333.0,2.4,20.2,75.0,0.0,182.21,66.5949015483871,1
187.83,17,0,5,52,1008,73.0,73.0,1.5,23.7,82.0,0.0,185.09,76.97265903849765,2
187.75,7,20,5,23,1014,334.0,334.0,1.5,20.3,96.0,0.1,185.09,71.97786458947371,2
187.7,11,20,3,35,1011,91.0,91.0,2.6,26.8,57.0,0.0,185.09,76.09527131428571,1
187.67,19,40,5,60,1013,215.0,215.0,1.7,19.7,97.0,0.0,185.09,70.26403439209486,2
187.55,9,40,3,30,1015,46.0,46.0,2.3,21.3,61.0,0.0,185.09,67.40573000675106,1
187.54,19,40,5,60,1007,325.0,325.0,1.4,21.9,91.0,0.0,218.9,74.87261096277057,2
187.47,5,0,5,16,1010,188.0,188.0,1.1,25.1,82.0,0.0,180.7,80.9527855316583,3
187.43,19,40,0,60,1014,341.0,341.0,1.5,19.1,92.0,0.0,151.75,69.19157370193051,1
187.42,5,40,2,18,1004,65.0,65.0,4.3,27.9,86.0,0.0,151.75,76.68534831812865,1
187.34,18,20,5,56,1015,340.0,340.0,2.4,16.4,73.0,0.0,122.67,59.217620654545456,2
187.3,16,0,0,49,1008,62.0,62.0,3.1,23.1,76.0,0.0,178.34,69.97503290593608,3
187.29,11,20,6,35,1014,28.0,28.0,5.6,20.4,55.0,0.0,184.88,54.52298328455285,2
187.1,9,20,6,29,1014,28.0,28.0,5.6,20.4,55.0,0.0,184.88,54.52298328455285,2
187.0,19,20,6,59,1006,5.0,5.0,1.0,22.7,91.0,0.0,122.82,77.71737284125561,3
186.97,21,40,0,66,1008,303.0,303.0,1.9,20.7,88.0,0.0,169.1,70.59308502386831,3
186.82,13,0,6,40,1014,353.0,353.0,4.3,22.7,77.0,0.0,179.93,65.4928120412556,2
186.73,12,20,6,38,1016,52.0,52.0,6.0,18.8,58.0,0.0,104.46,50.64514960610686,2
186.22,20,20,3,62,1012,33.0,33.0,1.1,21.9,84.0,0.0,203.2,75.02069216277057,1
185.63,10,0,2,31,1009,52.0,52.0,2.8,26.5,64.0,0.0,234.35,75.8305587027027,3
185.44,13,20,2,41,1014,320.0,320.0,2.4,21.3,91.0,0.5,155.14,70.49993400675106,1
185.38,8,40,6,27,1004,208.0,208.0,2.3,32.8,52.0,0.0,154.12,87.47100737049179,3
185.25,22,20,0,68,1014,322.0,322.0,2.5,19.3,90.0,0.0,199.05,66.16928057587549,1
185.19,15,20,0,47,1011,18.0,18.0,2.6,21.4,80.0,0.0,144.66,68.79945545762712,1
185.09,0,0,5,1,1010,301.0,301.0,1.0,22.7,87.0,0.0,144.66,77.2417840412556,2
185.09,16,40,5,51,1008,73.0,73.0,1.5,23.7,82.0,0.0,184.62,76.97265903849765,2
185.06,19,40,4,60,1008,342.0,342.0,4.1,20.4,97.0,2.0,145.4,63.96542808455286,3
184.95,17,20,3,53,1008,342.0,342.0,2.6,19.9,97.0,0.3,176.56,67.7786350868526,1
184.94,5,0,3,16,1018,39.0,39.0,3.7,21.4,64.0,0.0,176.56,63.45272905762712,1
184.88,11,0,6,34,1014,28.0,28.0,5.6,20.4,55.0,0.0,237.99,54.52298328455285,2
184.83,16,0,1,49,1007,310.0,310.0,1.5,22.6,80.0,0.0,168.17,74.61782914285716,3
184.64,0,20,0,2,1016,35.0,35.0,2.1,20.1,80.0,0.0,202.31,67.91276035341366,1
184.62,16,20,5,50,1008,73.0,73.0,1.5,23.7,82.0,0.0,201.5,76.97265903849765,2
184.5,6,20,1,20,1012,7.0,7.0,4.6,26.9,43.0,0.0,241.05,68.00156924419889,1
184.27,3,0,0,10,1008,174.0,174.0,1.6,28.5,57.0,0.0,174.81,82.44092078787878,1
184.25,16,0,0,49,1007,315.0,315.0,0.8,25.4,86.0,0.0,163.89,83.00703970612247,1
184.2,22,20,5,68,1013,216.0,216.0,3.2,19.6,97.0,0.0,163.89,65.26675822362205,2
184.11,8,40,5,27,1008,222.0,222.0,1.4,27.3,75.0,0.0,147.99,83.30020527683615,3
183.92,9,40,0,30,1008,351.0,351.0,5.3,23.8,72.0,0.1,154.67,63.77636914716982,1
183.71,4,0,1,13,1006,72.0,72.0,3.0,28.5,77.0,0.0,205.8,80.76064078787876,1
183.59,22,20,2,68,1013,320.0,320.0,1.6,19.5,96.0,0.0,169.86,70.08223592156861,1
183.43,18,20,4,56,1009,317.0,317.0,1.8,21.4,88.0,0.0,169.86,72.27281865762713,1
183.4,18,0,0,55,1008,347.0,347.0,1.3,20.8,80.0,0.0,244.88,71.81136608264462,3
183.27,17,40,2,54,1007,51.0,51.0,3.4,22.6,95.0,1.8,223.2,70.31583314285714,1
183.23,17,20,1,53,1016,45.0,45.0,2.8,20.3,66.0,0.0,223.2,64.51274058947368,1
183.06,13,0,1,40,1014,25.0,25.0,1.7,22.1,53.0,0.0,137.64,69.86847638951966,1
182.95,20,0,1,61,1004,56.0,56.0,1.7,26.2,95.0,1.2,122.96,82.86990136170213,1
182.68,19,0,3,58,1016,352.0,352.0,1.5,19.1,75.0,0.0,178.66,67.3928445019305,1
182.62,11,20,6,35,1007,57.0,57.0,2.8,28.9,57.0,0.0,169.14,79.34333221614908,2
182.6,21,20,1,65,1003,28.0,28.0,2.9,26.4,94.0,0.0,169.14,79.29403833118279,1
182.31,5,20,0,17,1008,10.0,10.0,1.9,23.6,79.0,0.0,234.34,75.133499035514,3
182.25,15,20,3,47,1008,342.0,342.0,2.6,19.9,97.0,0.3,173.48,67.7786350868526,1
182.21,19,0,0,58,1011,333.0,333.0,2.4,20.2,75.0,0.0,307.52,66.5949015483871,1
181.94,9,20,6,29,1007,57.0,57.0,2.8,28.9,57.0,0.0,174.94,79.34333221614908,2
181.84,16,0,6,49,1008,53.0,53.0,1.4,24.4,85.0,0.0,206.34,79.01722796116505,2
181.54,16,20,1,50,1007,310.0,310.0,1.5,22.6,80.0,0.0,184.83,74.61782914285716,3
181.52,10,0,5,31,1011,357.0,357.0,3.2,20.5,80.0,0.0,163.32,65.15757224489796,2
181.22,21,20,1,65,1014,330.0,330.0,1.0,18.6,80.0,0.0,148.94,68.56701624242424,1
181.21,11,40,2,36,1009,52.0,52.0,2.8,26.5,64.0,0.0,139.65,75.8305587027027,3
181.15,9,40,6,30,1012,10.0,10.0,4.1,24.9,74.0,0.0,141.18,69.95151576915423,2
181.15,15,0,3,46,1012,86.0,86.0,2.7,23.1,80.0,0.0,179.72,71.73643930593606,1
181.02,10,40,2,33,1013,348.0,348.0,1.5,24.9,67.0,0.0,126.34,77.38324096915423,1
181.02,11,0,0,34,1006,81.0,81.0,2.6,28.9,66.0,0.0,126.34,81.25629581614908,1
180.94,17,0,0,52,1008,62.0,62.0,3.1,23.1,76.0,0.0,171.17,69.97503290593608,3
180.75,14,20,0,44,1008,29.0,29.0,1.8,24.0,78.0,0.0,215.59,76.09627961904762,3
180.7,4,40,5,15,1010,188.0,188.0,1.1,25.1,82.0,0.0,190.64,80.9527855316583,3
180.7,17,40,6,54,1016,57.0,57.0,4.4,17.1,60.0,0.0,190.64,52.853749820788536,2
180.61,16,40,2,51,1007,51.0,51.0,3.4,22.6,95.0,1.8,167.47,70.31583314285714,1
180.45,15,20,0,47,1014,333.0,333.0,2.5,14.1,80.0,0.0,94.12,55.18706397411003,2
180.3,11,40,2,36,1013,348.0,348.0,1.5,24.9,67.0,0.0,123.22,77.38324096915423,1
180.19,3,20,5,11,1016,357.0,357.0,1.1,19.8,94.0,0.6,123.22,72.05626821587302,2
180.18,22,0,5,67,1008,324.0,324.0,1.1,21.2,93.0,0.0,123.22,74.69144408739496,2
180.11,16,40,0,51,1014,333.0,333.0,2.5,14.1,80.0,0.0,170.54,55.18706397411003,2
180.11,19,0,1,58,1007,335.0,335.0,2.0,20.3,90.0,0.0,206.53,69.71683978947371,3
180.07,10,0,6,31,1014,28.0,28.0,5.6,20.4,55.0,0.0,174.07,54.52298328455285,2
179.93,12,40,6,39,1014,353.0,353.0,4.3,22.7,77.0,0.0,196.04,65.4928120412556,2
179.79,16,20,1,50,1016,45.0,45.0,2.8,20.3,66.0,0.0,143.58,64.51274058947368,1
179.76,19,40,3,60,1013,4.0,4.0,1.5,20.9,80.0,0.0,175.94,71.36266708713694,3
179.72,14,40,3,45,1012,91.0,91.0,3.6,24.4,72.0,0.0,170.21,70.35120876116504,1
179.7,23,0,1,70,1014,330.0,330.0,1.0,18.6,80.0,0.0,259.98,68.56701624242424,1
179.18,10,0,1,31,1005,104.0,104.0,4.2,28.7,72.0,0.0,227.9,76.60270441226993,1
178.97,15,20,6,47,1006,358.0,358.0,2.3,23.2,93.0,0.0,216.24,74.77753187522936,3
178.96,11,40,5,36,1014,333.0,333.0,2.2,20.3,96.0,0.0,243.18,69.73786458947369,2
178.94,13,0,0,40,1007,96.0,96.0,3.5,26.4,78.0,0.0,132.34,75.25643193118279,1
178.66,18,40,3,57,1016,352.0,352.0,1.5,19.1,75.0,0.0,174.16,67.3928445019305,1
178.34,15,40,0,48,1008,62.0,62.0,3.1,23.1,76.0,0.0,171.15,69.97503290593608,3
178.31,22,0,3,67,1012,25.0,25.0,2.3,20.1,81.0,0.0,144.8,67.38220395341366,3
178.27,18,20,0,56,1008,347.0,347.0,1.3,20.8,80.0,0.0,183.4,71.81136608264462,3
178.12,22,40,2,69,1013,37.0,37.0,2.7,22.8,82.0,0.0,107.9,71.3997231855856,3
177.97,21,20,3,65,1012,25.0,25.0,2.3,20.1,81.0,0.0,135.23,67.38220395341366,3
177.58,14,0,2,43,1014,320.0,320.0,2.4,21.3,91.0,0.5,129.8,70.49993400675106,1
177.44,14,40,2,45,1006,57.0,57.0,3.9,23.1,94.0,3.0,107.59,69.58136170593608,1
177.25,15,40,3,48,1014,87.0,87.0,1.8,21.5,76.0,0.0,167.39,71.0927354893617,3
177.08,21,0,0,64,1012,319.0,319.0,2.7,19.1,75.0,0.0,215.58,63.5528445019305,1
176.82,18,40,1,57,1004,56.0,56.0,1.7,26.2,95.0,1.2,167.87,82.86990136170213,1
176.76,9,20,6,29,1004,235.0,235.0,1.4,29.9,66.0,0.0,195.95,86.98958555231786,3
176.72,0,0,6,1,1014,327.0,327.0,0.6,20.4,95.0,0.0,195.95,74.94435928455285,2
176.67,17,40,5,54,1014,107.0,107.0,0.0,19.8,97.0,0.0,201.31,75.90132661587302,2
176.56,17,0,3,52,1008,342.0,342.0,2.6,19.9,97.0,0.3,201.31,67.7786350868526,1
176.53,13,20,2,41,1017,360.0,360.0,1.4,20.4,63.0,0.0,120.28,68.84725848455285,1
176.53,11,0,1,34,1013,87.0,87.0,2.4,23.0,56.0,0.0,145.81,69.62495709090909,1
176.48,22,0,0,67,1006,87.0,87.0,1.5,24.9,90.0,0.0,116.68,80.30185816915423,1
176.46,22,40,5,69,1008,324.0,324.0,1.1,21.2,93.0,0.0,142.62,74.69144408739496,2
176.4,19,0,0,58,1008,347.0,347.0,1.3,20.8,80.0,0.0,164.15,71.81136608264462,3
176.37,14,40,6,45,1008,83.0,83.0,2.9,25.2,76.0,0.0,304.06,74.61796085656566,2
176.24,15,0,5,46,1014,128.0,128.0,0.0,19.8,97.0,0.0,161.78,75.90132661587302,2
175.99,18,40,0,57,1006,46.0,46.0,1.3,24.7,92.0,0.0,163.0,80.80240848866997,1
175.94,19,20,3,59,1013,4.0,4.0,1.5,20.9,80.0,0.0,163.0,71.36266708713694,3
175.79,20,20,1,62,1014,327.0,327.0,1.4,19.4,74.0,0.0,141.37,68.1735901,1
175.76,13,40,5,42,1014,41.0,41.0,4.6,20.2,66.0,0.0,175.31,58.5666367483871,2
175.61,10,40,6,33,1012,10.0,10.0,4.1,24.9,74.0,0.0,129.39,69.95151576915423,2
175.6,11,40,5,36,1008,99.0,99.0,1.1,28.1,74.0,0.0,164.37,85.6544731692308,3
175.41,16,40,1,51,1014,326.0,326.0,2.2,20.5,65.0,0.0,164.37,66.69410224489796,1
175.34,8,0,2,25,1016,100.0,100.0,3.1,22.1,59.0,0.0,164.37,66.08876998951965,1
175.31,13,20,5,41,1014,41.0,41.0,4.6,20.2,66.0,0.0,134.47,58.5666367483871,2
175.24,18,20,2,56,1012,84.0,84.0,2.0,24.2,86.0,0.0,218.76,76.8337312,3
175.06,15,40,6,48,1016,57.0,57.0,4.4,17.1,60.0,0.0,158.98,52.853749820788536,2
174.96,12,20,2,38,1017,360.0,360.0,1.4,20.4,63.0,0.0,174.42,68.84725848455285,1
174.94,9,0,6,28,1007,57.0,57.0,2.8,28.9,57.0,0.0,145.93,79.34333221614908,2
174.67,13,0,3,40,1015,85.0,85.0,1.5,22.2,74.0,0.0,83.34,73.1488842385965,3
174.61,19,0,2,58,1012,84.0,84.0,2.0,24.2,86.0,0.0,168.34,76.8337312,3
174.42,12,0,2,37,1017,360.0,360.0,1.4,20.4,63.0,0.0,198.7,68.84725848455285,1
174.38,18,40,5,57,1007,325.0,325.0,1.4,21.9,91.0,0.0,155.5,74.87261096277057,2
174.17,13,20,0,41,1008,29.0,29.0,1.8,24.0,78.0,0.0,201.7,76.09627961904762,3
174.14,9,0,3,28,1006,356.0,356.0,4.0,20.6,96.0,1.4,134.68,64.5690044852459,1
174.07,9,40,6,30,1014,28.0,28.0,5.6,20.4,55.0,0.0,187.1,54.52298328455285,2
174.05,18,0,1,55,1014,327.0,327.0,1.4,19.4,74.0,0.0,187.1,68.1735901,1
173.97,15,0,3,46,1014,87.0,87.0,1.8,21.5,76.0,0.0,172.5,71.0927354893617,3
173.93,10,20,5,32,1008,99.0,99.0,1.1,28.1,74.0,0.0,155.29,85.6544731692308,3
173.89,17,40,2,54,1014,310.0,310.0,1.0,20.8,93.0,0.0,133.25,74.22722048264463,1
173.84,16,0,5,49,1014,350.0,350.0,0.0,19.8,97.0,0.0,195.49,75.90132661587302,2
173.82,20,0,2,61,1012,84.0,84.0,2.0,24.2,86.0,0.0,226.49,76.8337312,3
173.74,13,0,3,40,1012,91.0,91.0,3.6,24.4,72.0,0.0,419.59,70.35120876116504,1
173.74,18,0,0,55,1014,341.0,341.0,1.5,19.1,92.0,0.0,419.59,69.19157370193051,1
173.48,15,0,3,46,1008,342.0,342.0,2.6,19.9,97.0,0.3,85.49,67.7786350868526,1
173.34,17,40,0,54,1014,333.0,333.0,2.5,14.1,80.0,0.0,163.67,55.18706397411003,2
173.27,10,20,5,32,1014,333.0,333.0,2.2,20.3,96.0,0.0,195.73,69.73786458947369,2
173.24,11,40,1,36,1005,327.0,327.0,1.5,23.9,75.0,0.0,114.71,76.49521974407584,3
173.23,10,40,0,33,1014,333.0,333.0,2.5,14.1,80.0,0.0,162.77,55.18706397411003,2
173.16,13,20,6,41,1008,83.0,83.0,2.9,25.2,76.0,0.0,196.88,74.61796085656566,2
173.07,16,0,2,49,1007,51.0,51.0,3.4,22.6,95.0,1.8,137.87,70.31583314285714,1
172.72,15,20,2,47,1012,8.0,8.0,3.3,24.7,76.0,0.0,195.65,72.38370128866995,3
172.55,12,0,2,37,1006,57.0,57.0,3.9,23.1,94.0,3.0,182.33,69.58136170593608,1
172.5,14,40,3,45,1015,85.0,85.0,1.5,22.2,74.0,0.0,223.17,73.1488842385965,3
172.26,19,20,1,59,1014,327.0,327.0,1.4,19.4,74.0,0.0,134.94,68.1735901,1
172.22,10,20,4,32,1008,96.0,96.0,4.5,27.2,61.0,0.0,355.89,71.2951962786517,1
172.21,8,0,2,25,1003,92.0,92.0,7.5,26.2,94.0,5.5,355.89,64.17827816170212,1
172.07,14,20,1,44,1006,330.0,330.0,1.3,22.9,78.0,0.0,191.24,75.59367449411766,3
171.95,0,0,4,1,1006,354.0,354.0,1.8,19.6,97.0,0.2,191.24,69.74675822362205,1
171.91,17,0,6,52,1008,53.0,53.0,1.4,24.4,85.0,0.0,166.58,79.01722796116505,2
171.86,17,20,0,53,1008,62.0,62.0,3.1,23.1,76.0,0.0,180.94,69.97503290593608,3
171.85,22,40,0,69,1014,333.0,333.0,2.5,14.1,80.0,0.0,97.8,55.18706397411003,2
171.77,13,40,3,42,1017,24.0,24.0,2.2,20.3,69.0,0.0,151.45,66.76325298947367,1
171.33,14,0,1,43,1006,40.0,40.0,3.4,27.4,85.0,0.0,93.25,78.45149636363634,1
171.26,19,0,4,58,1015,202.0,202.0,1.1,18.4,89.0,0.0,128.24,68.79453140451128,1
171.21,13,40,0,42,1007,96.0,96.0,3.5,26.4,78.0,0.0,128.24,75.25643193118279,1
171.21,16,0,6,49,1006,358.0,358.0,2.3,23.2,93.0,0.0,192.2,74.77753187522936,3
171.17,16,40,0,51,1008,62.0,62.0,3.1,23.1,76.0,0.0,240.53,69.97503290593608,3
171.15,15,20,0,47,1008,62.0,62.0,3.1,23.1,76.0,0.0,154.07,69.97503290593608,3
171.02,16,0,0,49,1015,222.0,222.0,0.9,18.9,92.0,0.0,154.07,70.72085709118774,1
170.97,13,20,1,41,1006,40.0,40.0,3.4,27.4,85.0,0.0,124.64,78.45149636363634,1
170.97,12,40,5,39,1009,326.0,326.0,0.9,25.1,90.0,0.0,124.64,82.61377433165829,3
170.92,13,0,6,40,1016,52.0,52.0,6.0,18.8,58.0,0.0,157.94,50.64514960610686,2
170.92,16,0,2,49,1017,326.0,326.0,1.6,19.3,78.0,0.0,141.39,67.77086297587549,1
170.79,10,40,0,33,1006,44.0,44.0,3.6,24.2,79.0,0.0,204.58,70.8432728,3
170.78,23,40,4,72,1009,284.0,284.0,0.7,21.0,96.0,0.0,259.65,75.91744266666667,1
170.54,16,20,0,50,1014,333.0,333.0,2.5,14.1,80.0,0.0,188.79,55.18706397411003,2
170.31,9,40,5,30,1008,99.0,99.0,1.1,28.1,74.0,0.0,197.84,85.6544731692308,3
170.22,8,0,4,25,1006,164.0,164.0,1.0,24.7,80.0,0.0,197.84,80.24837808866995,1
170.21,14,20,3,44,1012,91.0,91.0,3.6,24.4,72.0,0.0,196.26,70.35120876116504,1
170.16,15,20,1,47,1005,70.0,70.0,3.1,27.1,87.0,0.0,144.14,79.09623818324023,1
170.08,9,40,5,30,1006,78.0,78.0,5.2,27.8,64.0,0.0,163.04,70.58597715348839,2
170.06,16,20,4,50,1016,354.0,354.0,1.8,18.2,87.0,0.0,141.13,65.96112502686569,1
170.01,13,40,4,42,1016,1.0,1.0,1.4,18.3,83.0,0.0,139.48,67.0229637857678,1
169.89,15,40,3,48,1012,86.0,86.0,2.7,23.1,80.0,0.0,209.25,71.73643930593606,1
169.66,14,40,0,45,1008,29.0,29.0,1.8,24.0,78.0,0.0,180.75,76.09627961904762,3
169.59,12,40,5,39,1008,60.0,60.0,2.5,24.4,78.0,0.0,170.88,74.62167916116505,2
169.52,12,40,1,39,1006,330.0,330.0,1.3,22.9,78.0,0.0,107.09,75.59367449411766,3
169.41,22,0,3,67,1016,352.0,352.0,2.5,18.0,89.0,0.3,107.09,63.537913481481475,1
169.39,6,40,2,21,1009,126.0,126.0,1.5,26.5,64.0,0.0,106.33,79.9905587027027,3
169.38,16,0,2,49,1014,310.0,310.0,1.0,20.8,93.0,0.0,127.07,74.22722048264463,1
169.36,16,0,3,49,1014,87.0,87.0,1.8,21.5,76.0,0.0,177.25,71.0927354893617,3
169.35,21,0,4,64,1008,355.0,355.0,4.8,20.0,97.0,1.9,177.25,60.93596000000001,3
169.18,13,20,0,41,1014,17.0,17.0,0.7,19.6,87.0,0.0,152.27,72.19050222362205,1
169.14,7,20,2,23,1009,126.0,126.0,1.5,26.5,64.0,0.0,152.27,79.9905587027027,3
169.14,11,0,6,34,1007,57.0,57.0,2.8,28.9,57.0,0.0,138.9,79.34333221614908,2
169.1,21,20,0,65,1008,303.0,303.0,1.9,20.7,88.0,0.0,138.9,70.59308502386831,3
168.99,14,0,2,43,1006,57.0,57.0,3.9,23.1,94.0,3.0,146.47,69.58136170593608,1
168.96,15,0,4,46,1009,334.0,334.0,1.4,21.7,89.0,0.0,146.47,74.2511147141631,1
168.91,8,20,0,26,1005,37.0,37.0,4.1,30.3,56.0,0.0,132.38,77.64363054149659,1
168.59,17,40,1,54,1005,70.0,70.0,3.1,27.1,87.0,0.0,152.17,79.09623818324023,1
168.57,21,40,3,66,1006,354.0,354.0,1.8,19.6,97.0,0.2,152.17,69.74675822362205,1
168.49,19,0,2,58,1006,38.0,38.0,5.5,22.0,94.0,1.2,152.17,62.29718539130435,1
168.47,16,0,1,49,1005,70.0,70.0,3.1,27.1,87.0,0.0,195.67,79.09623818324023,1
168.34,18,40,2,57,1012,84.0,84.0,2.0,24.2,86.0,0.0,175.24,76.8337312,3
168.17,15,40,1,48,1007,310.0,310.0,1.5,22.6,80.0,0.0,129.02,74.61782914285716,3
167.87,18,20,1,56,1004,56.0,56.0,1.7,26.2,95.0,1.2,194.19,82.86990136170213,1
167.85,8,0,6,25,1014,54.0,54.0,3.5,21.7,49.0,0.0,125.95,62.92066671416309,2
167.73,17,0,3,52,1014,87.0,87.0,1.8,21.5,76.0,0.0,222.81,71.0927354893617,3
167.55,2,0,5,7,1009,73.0,73.0,0.1,22.3,93.0,0.0,146.3,80.04969962466959,3
167.48,22,40,6,69,1006,11.0,11.0,2.7,22.6,90.0,0.0,146.3,71.96316514285716,3
167.47,16,20,2,50,1007,51.0,51.0,3.4,22.6,95.0,1.8,173.07,70.31583314285714,1
167.44,0,20,3,2,1015,56.0,56.0,4.1,23.1,81.0,0.0,173.07,67.37679090593608,3
167.39,15,20,3,47,1014,87.0,87.0,1.8,21.5,76.0,0.0,173.97,71.0927354893617,3
167.37,14,20,5,44,1014,41.0,41.0,4.6,20.2,66.0,0.0,173.97,58.5666367483871,2
167.25,13,40,1,42,1014,25.0,25.0,1.7,22.1,53.0,0.0,214.76,69.86847638951966,1
166.89,5,40,4,18,1011,222.0,222.0,1.7,26.4,68.0,0.0,165.46,79.6929279311828,1
166.84,16,20,2,50,1014,310.0,310.0,1.0,20.8,93.0,0.0,169.38,74.22722048264463,1
166.68,23,40,2,72,1013,320.0,320.0,1.6,19.5,96.0,0.0,134.92,70.08223592156861,1
166.65,12,40,3,39,1017,24.0,24.0,2.2,20.3,69.0,0.0,143.69,66.76325298947367,1
166.58,16,40,6,51,1008,53.0,53.0,1.4,24.4,85.0,0.0,212.18,79.01722796116505,2
166.46,9,0,5,28,1008,99.0,99.0,1.1,28.1,74.0,0.0,184.11,85.6544731692308,3
166.12,13,0,3,40,1008,10.0,10.0,3.1,20.3,97.0,1.5,184.11,66.96803538947367,1
166.1,19,20,3,59,1016,352.0,352.0,1.5,19.1,75.0,0.0,182.68,67.3928445019305,1
166.08,2,40,6,9,1009,195.0,195.0,1.1,23.4,87.0,0.0,182.68,78.28199665185187,2
166.07,20,0,1,61,1007,335.0,335.0,2.0,20.3,90.0,0.0,200.99,69.71683978947371,3
165.99,13,20,1,41,1006,330.0,330.0,1.3,22.9,78.0,0.0,199.15,75.59367449411766,3
165.96,13,40,3,42,1015,85.0,85.0,1.5,22.2,74.0,0.0,138.79,73.1488842385965,3
165.96,10,20,1,32,1013,87.0,87.0,2.4,23.0,56.0,0.0,138.79,69.62495709090909,1
165.79,11,40,4,36,1016,349.0,349.0,2.0,18.2,81.0,0.0,124.21,64.70591382686568,1
165.58,13,0,6,40,1006,9.0,9.0,5.9,25.8,79.0,0.0,198.5,66.55469053333333,3
165.33,13,40,3,42,1012,91.0,91.0,3.6,24.4,72.0,0.0,163.36,70.35120876116504,1
165.29,16,20,3,50,1012,86.0,86.0,2.7,23.1,80.0,0.0,203.82,71.73643930593606,1
165.22,19,40,6,60,1007,11.0,11.0,0.9,22.8,87.0,0.0,203.82,77.75602718558558,2
165.02,12,20,4,38,1010,80.0,80.0,2.5,24.3,77.0,0.0,158.01,74.30557092367151,1
164.8,9,0,0,28,1006,81.0,81.0,2.6,28.9,66.0,0.0,145.93,81.25629581614908,1
164.63,17,20,5,53,1009,322.0,322.0,2.2,24.1,94.0,0.0,145.93,76.99138796937801,3
164.55,15,0,1,46,1007,310.0,310.0,1.5,22.6,80.0,0.0,155.72,74.61782914285716,3
164.54,16,20,2,50,1017,326.0,326.0,1.6,19.3,78.0,0.0,170.92,67.77086297587549,1
164.54,18,0,2,55,1013,341.0,341.0,1.7,20.2,94.0,0.0,173.89,70.92123834838709,1
164.44,9,40,6,30,1004,235.0,235.0,1.4,29.9,66.0,0.0,176.76,86.98958555231786,3
164.42,9,20,3,29,1006,356.0,356.0,4.0,20.6,96.0,1.4,174.14,64.5690044852459,1
164.37,11,20,5,35,1008,99.0,99.0,1.1,28.1,74.0,0.0,94.98,85.6544731692308,3
164.22,9,20,1,29,1005,327.0,327.0,1.5,23.9,75.0,0.0,142.23,76.49521974407584,3
164.15,18,40,0,57,1008,347.0,347.0,1.3,20.8,80.0,0.0,178.27,71.81136608264462,3
164.08,17,20,4,53,1010,82.0,82.0,2.0,23.4,79.0,0.0,158.22,74.43045745185185,1
164.03,14,20,1,44,1014,25.0,25.0,1.7,22.1,53.0,0.0,243.14,69.86847638951966,1
163.96,16,0,2,49,1012,8.0,8.0,3.3,24.7,76.0,0.0,158.06,72.38370128866995,3
163.89,15,40,0,48,1007,315.0,315.0,0.8,25.4,86.0,0.0,191.5,83.00703970612247,1
163.78,0,40,0,3,1008,329.0,329.0,2.8,22.2,76.0,0.0,191.5,69.2230426385965,1
163.77,17,0,4,52,1016,354.0,354.0,1.8,18.2,87.0,0.0,191.28,65.96112502686569,1
163.67,17,20,0,53,1014,333.0,333.0,2.5,14.1,80.0,0.0,189.83,55.18706397411003,2
163.44,17,20,6,53,1006,358.0,358.0,2.3,23.2,93.0,0.0,215.75,74.77753187522936,3
163.36,13,20,3,41,1012,91.0,91.0,3.6,24.4,72.0,0.0,173.74,70.35120876116504,1
163.32,9,40,5,30,1011,357.0,357.0,3.2,20.5,80.0,0.0,132.58,65.15757224489796,2
163.17,19,40,6,60,1015,4.0,4.0,1.3,15.4,67.0,0.0,144.84,60.30286998918918,2
163.04,9,20,5,29,1006,78.0,78.0,5.2,27.8,64.0,0.0,213.36,70.58597715348839,2
163.0,18,20,0,56,1006,46.0,46.0,1.3,24.7,92.0,0.0,209.85,80.80240848866997,1
162.77,10,20,0,32,1014,333.0,333.0,2.5,14.1,80.0,0.0,209.85,55.18706397411003,2
162.71,21,0,2,64,1013,320.0,320.0,1.6,19.5,96.0,0.0,119.59,70.08223592156861,1
162.69,13,20,4,41,1009,319.0,319.0,1.8,20.7,98.0,0.6,236.02,72.02933702386831,3
162.62,7,20,3,23,1006,355.0,355.0,6.9,21.0,95.0,0.1,236.02,55.96472666666668,1
162.55,6,20,2,20,1016,100.0,100.0,3.1,22.1,59.0,0.0,152.58,66.08876998951965,1
162.55,11,0,2,34,1009,52.0,52.0,2.8,26.5,64.0,0.0,152.58,75.8305587027027,3
162.44,12,20,1,38,1015,105.0,105.0,3.5,21.6,70.0,0.0,206.08,65.15333155555557,1
162.38,13,0,5,40,1014,344.0,344.0,0.9,20.0,97.0,0.0,218.82,73.41596,2
162.3,13,40,0,42,1014,333.0,333.0,2.5,14.1,80.0,0.0,243.07,55.18706397411003,2
162.27,10,0,3,31,1014,64.0,64.0,3.2,23.0,69.0,0.0,154.24,68.62480109090909,3
162.14,13,20,6,41,1006,9.0,9.0,5.9,25.8,79.0,0.0,165.58,66.55469053333333,3
162.13,9,20,1,29,1005,104.0,104.0,4.2,28.7,72.0,0.0,142.73,76.60270441226993,1
162.09,5,0,0,16,1014,333.0,333.0,2.5,14.1,80.0,0.0,142.73,55.18706397411003,2
161.97,14,20,0,44,1007,96.0,96.0,3.5,26.4,78.0,0.0,117.47,75.25643193118279,1
161.94,2,40,1,9,1016,351.0,351.0,2.2,18.7,74.0,0.0,117.47,64.29184137794678,1
161.78,14,40,5,45,1014,344.0,344.0,0.9,20.0,97.0,0.0,210.38,73.41596,2
161.43,10,20,2,32,1016,39.0,39.0,3.7,21.2,57.0,0.0,209.0,62.287488887394964,1
161.35,10,20,6,32,1004,235.0,235.0,1.4,29.9,66.0,0.0,257.53,86.98958555231786,3
161.26,19,40,3,60,1006,354.0,354.0,1.8,19.6,97.0,0.2,257.53,69.74675822362205,1
161.15,9,0,5,28,1014,333.0,333.0,2.2,20.3,96.0,0.0,155.38,69.73786458947369,2
160.82,14,0,6,43,1016,52.0,52.0,6.0,18.8,58.0,0.0,137.03,50.64514960610686,2
160.79,12,0,4,37,1016,1.0,1.0,1.4,18.3,83.0,0.0,165.79,67.0229637857678,1
160.69,20,20,2,62,1016,327.0,327.0,1.9,18.9,83.0,0.0,165.79,66.57513349118774,1
160.63,17,20,5,53,1008,73.0,73.0,1.5,23.7,82.0,0.0,187.83,76.97265903849765,2
160.59,16,20,4,50,1009,353.0,353.0,2.5,20.9,98.0,2.5,204.55,70.18501028713693,3
160.58,13,40,2,42,1012,59.0,59.0,2.0,25.4,72.0,0.0,225.87,77.36503810612246,3
160.54,14,0,3,43,1017,24.0,24.0,2.2,20.3,69.0,0.0,171.77,66.76325298947367,1
160.53,13,40,2,42,1017,360.0,360.0,1.4,20.4,63.0,0.0,176.53,68.84725848455285,1
160.27,18,0,1,55,1007,335.0,335.0,2.0,20.3,90.0,0.0,211.37,69.71683978947371,3
160.11,16,20,4,50,1009,334.0,334.0,1.4,21.7,89.0,0.0,204.62,74.2511147141631,1
159.99,18,40,6,57,1006,5.0,5.0,1.0,22.7,91.0,0.0,204.62,77.71737284125561,3
159.96,15,0,2,46,1007,51.0,51.0,3.4,22.6,95.0,1.8,177.44,70.31583314285714,1
159.94,10,0,3,31,1015,46.0,46.0,2.3,21.3,61.0,0.0,187.55,67.40573000675106,1
159.44,21,20,0,65,1014,322.0,322.0,2.5,19.3,90.0,0.0,195.0,66.16928057587549,1
159.35,18,40,0,57,1014,341.0,341.0,1.5,19.1,92.0,0.0,195.0,69.19157370193051,1
159.35,10,20,1,32,1005,327.0,327.0,1.5,23.9,75.0,0.0,195.0,76.49521974407584,3
159.34,20,40,6,63,1007,11.0,11.0,0.9,22.8,87.0,0.0,232.64,77.75602718558558,2
159.26,14,20,6,44,1006,9.0,9.0,5.9,25.8,79.0,0.0,140.58,66.55469053333333,3
159.16,22,0,4,67,1015,360.0,360.0,2.3,18.5,90.0,0.0,200.92,65.25234603773585,1
159.13,14,0,1,43,1015,105.0,105.0,3.5,21.6,70.0,0.0,132.72,65.15333155555557,1
159.06,15,20,1,47,1014,326.0,326.0,2.2,20.5,65.0,0.0,114.65,66.69410224489796,1
159.05,10,40,1,33,1013,11.0,11.0,4.5,25.4,42.0,0.0,211.74,65.50360610612246,1
158.98,15,20,6,47,1016,57.0,57.0,4.4,17.1,60.0,0.0,133.56,52.853749820788536,2
158.78,20,20,4,62,1009,319.0,319.0,0.9,20.9,96.0,0.0,235.19,75.08030548713694,1
158.45,8,0,6,25,1006,85.0,85.0,2.9,29.9,58.0,0.0,92.47,81.02897435231787,2
158.23,15,0,1,46,1016,45.0,45.0,2.8,20.3,66.0,0.0,230.69,64.51274058947368,1
158.2,17,20,1,53,1007,310.0,310.0,1.5,22.6,80.0,0.0,208.34,74.61782914285716,3
158.1,19,20,0,59,1014,333.0,333.0,2.5,14.1,80.0,0.0,142.85,55.18706397411003,2
158.06,15,40,2,48,1012,8.0,8.0,3.3,24.7,76.0,0.0,172.72,72.38370128866995,3
158.02,9,0,3,28,1011,91.0,91.0,2.6,26.8,57.0,0.0,210.32,76.09527131428571,1
158.01,12,0,4,37,1010,80.0,80.0,2.5,24.3,77.0,0.0,118.96,74.30557092367151,1
157.98,8,0,1,25,1006,329.0,329.0,1.3,24.5,71.0,0.0,118.96,77.77500834146342,3
157.94,12,40,6,39,1016,52.0,52.0,6.0,18.8,58.0,0.0,186.73,50.64514960610686,2
157.82,8,40,4,27,1006,164.0,164.0,1.0,24.7,80.0,0.0,98.3,80.24837808866995,1
156.93,20,20,0,62,1008,347.0,347.0,1.3,20.8,80.0,0.0,148.98,71.81136608264462,3
156.85,21,0,1,64,1008,250.0,250.0,1.4,19.9,90.0,0.0,190.85,70.8576202868526,3
156.73,12,20,1,38,1006,40.0,40.0,3.4,27.4,85.0,0.0,194.36,78.45149636363634,1
156.69,8,40,5,27,1007,54.0,54.0,3.8,29.6,55.0,0.0,406.14,77.15702784415585,2
156.62,20,40,6,63,1014,344.0,344.0,2.0,21.3,83.0,0.0,406.14,70.86947960675106,2
156.58,10,0,3,31,1011,91.0,91.0,2.6,26.8,57.0,0.0,215.32,76.09527131428571,1
156.45,5,20,1,17,1015,45.0,45.0,3.5,21.2,66.0,0.0,219.06,63.94847768739496,1
156.44,0,20,3,2,1014,281.0,281.0,1.5,20.7,91.0,0.0,219.06,72.20796062386832,1
156.41,11,40,0,36,1014,333.0,333.0,2.5,14.1,80.0,0.0,148.29,55.18706397411003,2
156.3,15,0,4,46,1010,82.0,82.0,2.0,23.4,79.0,0.0,209.56,74.43045745185185,1
156.27,16,20,2,50,1012,8.0,8.0,3.3,24.7,76.0,0.0,163.96,72.38370128866995,3
156.2,17,20,3,53,1017,41.0,41.0,1.8,19.8,71.0,0.0,234.99,67.32415381587302,1
156.06,19,20,6,59,1014,344.0,344.0,2.0,21.3,83.0,0.0,131.16,70.86947960675106,2
156.05,10,40,4,33,1016,349.0,349.0,2.0,18.2,81.0,0.0,204.06,64.70591382686568,1
155.82,20,40,0,63,1008,347.0,347.0,1.3,20.8,80.0,0.0,156.93,71.81136608264462,3
155.75,10,20,3,32,1006,356.0,356.0,4.0,20.6,96.0,1.4,178.15,64.5690044852459,1
155.72,14,40,1,45,1006,330.0,330.0,1.3,22.9,78.0,0.0,172.07,75.59367449411766,3
155.64,8,40,1,27,1006,329.0,329.0,1.3,24.5,71.0,0.0,126.82,77.77500834146342,3
155.54,20,20,2,62,1012,84.0,84.0,2.0,24.2,86.0,0.0,173.82,76.8337312,3
155.5,18,20,5,56,1007,325.0,325.0,1.4,21.9,91.0,0.0,223.22,74.87261096277057,2
155.4,18,40,0,57,1014,333.0,333.0,2.5,14.1,80.0,0.0,223.22,55.18706397411003,2
155.38,8,40,5,27,1014,334.0,334.0,1.5,20.3,96.0,0.1,223.22,71.97786458947371,2
155.29,10,0,5,31,1008,99.0,99.0,1.1,28.1,74.0,0.0,170.31,85.6544731692308,3
155.28,3,0,5,10,1010,188.0,188.0,1.1,25.1,82.0,0.0,137.48,80.9527855316583,3
155.2,21,20,2,65,1013,320.0,320.0,1.6,19.5,96.0,0.0,162.71,70.08223592156861,1
155.14,13,0,2,40,1014,320.0,320.0,2.4,21.3,91.0,0.5,126.47,70.49993400675106,1
154.91,13,40,1,42,1006,330.0,330.0,1.3,22.9,78.0,0.0,165.99,75.59367449411766,3
154.67,9,20,0,29,1008,351.0,351.0,5.3,23.8,72.0,0.1,146.91,63.77636914716982,1
154.6,6,0,4,19,1006,164.0,164.0,1.0,24.7,80.0,0.0,146.91,80.24837808866995,1
154.59,12,20,1,38,1014,25.0,25.0,1.7,22.1,53.0,0.0,194.42,69.86847638951966,1
154.57,13,20,2,41,1006,57.0,57.0,3.9,23.1,94.0,3.0,192.67,69.58136170593608,1
154.53,8,40,4,27,1009,299.0,299.0,2.5,20.0,96.0,0.0,192.67,68.18688,3
154.45,14,40,5,45,1009,326.0,326.0,0.9,25.1,90.0,0.0,127.07,82.61377433165829,3
154.36,7,20,5,23,1008,222.0,222.0,1.4,27.3,75.0,0.0,140.18,83.30020527683615,3
154.34,21,0,4,64,1009,319.0,319.0,1.7,20.7,93.0,0.0,140.18,71.79121102386831,1
154.24,9,40,3,30,1014,64.0,64.0,3.2,23.0,69.0,0.0,140.18,68.62480109090909,3
154.22,18,0,0,55,1011,333.0,333.0,2.4,20.2,75.0,0.0,140.18,66.5949015483871,1
154.13,12,20,6,38,1006,9.0,9.0,5.9,25.8,79.0,0.0,151.16,66.55469053333333,3
154.12,8,20,6,26,1004,208.0,208.0,2.3,32.8,52.0,0.0,104.67,87.47100737049179,3
154.1,16,40,0,51,1011,18.0,18.0,2.6,21.4,80.0,0.0,145.61,68.79945545762712,1
154.07,15,0,0,46,1008,62.0,62.0,3.1,23.1,76.0,0.0,169.66,69.97503290593608,3
154.04,14,20,2,44,1014,320.0,320.0,2.4,21.3,91.0,0.5,177.58,70.49993400675106,1
153.81,20,0,6,61,1014,344.0,344.0,2.0,21.3,83.0,0.0,190.96,70.86947960675106,2
153.67,16,0,1,49,1014,326.0,326.0,2.2,20.5,65.0,0.0,131.04,66.69410224489796,1
153.64,7,40,3,24,1013,59.0,59.0,1.5,23.9,82.0,0.8,142.12,77.35804254407584,3
153.62,18,0,6,55,1015,4.0,4.0,1.3,15.4,67.0,0.0,180.7,60.30286998918918,2
153.47,1,20,5,5,1009,337.0,337.0,0.1,22.3,93.0,0.0,326.9,80.04969962466959,3
153.22,12,40,0,39,1010,302.0,302.0,2.3,20.8,92.0,1.1,190.68,69.95523168264461,1
153.11,1,20,0,5,1008,329.0,329.0,2.8,22.2,76.0,0.0,141.3,69.2230426385965,1
152.97,12,0,6,37,1014,353.0,353.0,4.3,22.7,77.0,0.0,227.12,65.4928120412556,2
152.73,7,40,0,24,1006,35.0,35.0,2.6,25.4,72.0,0.0,169.38,75.44503810612245,3
152.61,16,20,3,50,1008,342.0,342.0,2.6,19.9,97.0,0.3,209.93,67.7786350868526,1
152.45,20,40,2,63,1012,84.0,84.0,2.0,24.2,86.0,0.0,155.54,76.8337312,3
152.2,14,0,0,43,1014,333.0,333.0,2.5,14.1,80.0,0.0,162.3,55.18706397411003,2
152.17,17,20,1,53,1005,70.0,70.0,3.1,27.1,87.0,0.0,208.42,79.09623818324023,1
152.16,16,0,3,49,1017,41.0,41.0,1.8,19.8,71.0,0.0,189.91,67.32415381587302,1
152.11,10,40,5,33,1006,78.0,78.0,5.2,27.8,64.0,0.0,209.9,70.58597715348839,2
152.1,11,0,4,34,1008,96.0,96.0,4.5,27.2,61.0,0.0,243.73,71.2951962786517,1
151.8,20,40,5,63,1015,340.0,340.0,2.4,16.4,73.0,0.0,170.04,59.217620654545456,2
151.56,16,0,5,49,1009,322.0,322.0,2.2,24.1,94.0,0.0,190.02,76.99138796937801,3
151.45,13,20,3,41,1017,24.0,24.0,2.2,20.3,69.0,0.0,160.13,66.76325298947367,1
151.44,15,40,1,48,1016,45.0,45.0,2.8,20.3,66.0,0.0,160.13,64.51274058947368,1
151.44,0,0,0,1,1008,329.0,329.0,2.8,22.2,76.0,0.0,160.13,69.2230426385965,1
151.35,14,40,1,45,1006,40.0,40.0,3.4,27.4,85.0,0.0,188.52,78.45149636363634,1
151.16,12,0,6,37,1006,9.0,9.0,5.9,25.8,79.0,0.0,188.52,66.55469053333333,3
151.08,21,0,6,64,1014,35.0,35.0,3.0,20.4,81.0,0.0,156.62,65.71687768455284,2
151.01,10,20,6,32,1007,57.0,57.0,2.8,28.9,57.0,0.0,221.91,79.34333221614908,2
150.86,9,40,6,30,1007,57.0,57.0,2.8,28.9,57.0,0.0,181.94,79.34333221614908,2
150.85,0,40,5,3,1010,301.0,301.0,1.0,22.7,87.0,0.0,181.94,77.2417840412556,2
150.81,2,0,4,7,1017,46.0,46.0,3.0,18.4,88.0,0.0,181.94,62.61126900451129,1
150.72,14,20,0,44,1014,17.0,17.0,0.7,19.6,87.0,0.0,141.67,72.19050222362205,1
150.59,20,40,5,63,1008,334.0,334.0,0.8,23.5,95.0,0.0,207.1,80.4108611627907,3
150.58,8,20,3,26,1006,355.0,355.0,6.9,21.0,95.0,0.1,207.1,55.96472666666668,1
150.56,22,0,5,67,1015,354.0,354.0,3.3,16.5,64.0,0.0,142.07,55.65855635087719,2
150.53,22,40,0,69,1014,322.0,322.0,2.5,19.3,90.0,0.0,185.25,66.16928057587549,1
150.33,16,40,5,51,1015,15.0,15.0,5.5,18.6,60.0,0.0,134.62,52.08722424242424,2
149.91,14,20,3,44,1017,24.0,24.0,2.2,20.3,69.0,0.0,160.54,66.76325298947367,1
149.87,10,40,0,33,1014,109.0,109.0,1.1,20.9,79.0,0.0,160.54,72.53031468713692,1
149.83,16,0,0,49,1011,18.0,18.0,2.6,21.4,80.0,0.0,160.54,68.79945545762712,1
149.62,17,40,4,54,1009,334.0,334.0,1.4,21.7,89.0,0.0,212.48,74.2511147141631,1
149.21,13,40,0,42,1014,17.0,17.0,0.7,19.6,87.0,0.0,169.18,72.19050222362205,1
149.18,14,40,0,45,1007,96.0,96.0,3.5,26.4,78.0,0.0,161.97,75.25643193118279,1
149.15,12,40,0,39,1014,17.0,17.0,0.7,19.6,87.0,0.0,142.4,72.19050222362205,1
148.94,21,0,1,64,1014,330.0,330.0,1.0,18.6,80.0,0.0,190.36,68.56701624242424,1
148.67,11,40,5,36,1006,78.0,78.0,5.2,27.8,64.0,0.0,227.58,70.58597715348839,2
148.65,21,20,3,65,1016,352.0,352.0,2.5,18.0,89.0,0.3,120.17,63.537913481481475,1
148.58,17,20,2,53,1017,326.0,326.0,1.6,19.3,78.0,0.0,120.17,67.77086297587549,1
148.3,16,40,6,51,1006,358.0,358.0,2.3,23.2,93.0,0.0,208.88,74.77753187522936,3
148.29,11,20,0,35,1014,333.0,333.0,2.5,14.1,80.0,0.0,208.88,55.18706397411003,2
148.11,21,20,2,65,1013,37.0,37.0,2.7,22.8,82.0,0.0,235.88,71.3997231855856,3
147.99,8,20,5,26,1008,222.0,222.0,1.4,27.3,75.0,0.0,248.35,83.30020527683615,3
147.87,7,0,3,22,1013,59.0,59.0,1.5,23.9,82.0,0.8,248.35,77.35804254407584,3
147.64,19,40,4,60,1009,317.0,317.0,1.8,21.4,88.0,0.0,287.64,72.27281865762713,1
147.53,12,40,2,39,1012,59.0,59.0,2.0,25.4,72.0,0.0,226.57,77.36503810612246,3
147.53,14,40,3,45,1017,24.0,24.0,2.2,20.3,69.0,0.0,149.91,66.76325298947367,1
147.31,14,40,5,45,1014,41.0,41.0,4.6,20.2,66.0,0.0,167.37,58.5666367483871,2
147.29,20,40,0,63,1006,46.0,46.0,1.3,24.7,92.0,0.0,167.37,80.80240848866997,1
147.24,22,20,1,68,1017,4.0,4.0,1.9,19.2,74.0,0.0,167.37,66.19587276899225,1
147.21,12,40,6,39,1008,83.0,83.0,2.9,25.2,76.0,0.0,224.07,74.61796085656566,2
146.98,7,0,1,22,1012,7.0,7.0,4.6,26.9,43.0,0.0,189.92,68.00156924419889,1
146.96,18,40,5,57,1008,334.0,334.0,0.8,23.5,95.0,0.0,189.92,80.4108611627907,3
146.91,9,0,0,28,1008,351.0,351.0,5.3,23.8,72.0,0.1,198.08,63.77636914716982,1
146.49,11,40,3,36,1006,356.0,356.0,4.0,20.6,96.0,1.4,208.0,64.5690044852459,1
146.48,3,20,5,11,1010,188.0,188.0,1.1,25.1,82.0,0.0,155.28,80.9527855316583,3
146.47,13,40,2,42,1006,57.0,57.0,3.9,23.1,94.0,3.0,154.57,69.58136170593608,1
146.26,14,0,3,43,1008,10.0,10.0,3.1,20.3,97.0,1.5,202.15,66.96803538947367,1
146.06,18,0,2,55,1016,327.0,327.0,1.9,18.9,83.0,0.0,196.05,66.57513349118774,1
146.01,12,0,4,37,1008,351.0,351.0,2.3,22.5,83.0,0.0,259.64,72.22068777777778,1
145.93,9,20,4,29,1009,310.0,310.0,1.5,20.4,97.0,0.0,112.73,72.28542808455285,3
145.93,8,40,6,27,1006,85.0,85.0,2.9,29.9,58.0,0.0,112.73,81.02897435231787,2
145.81,10,40,1,33,1013,87.0,87.0,2.4,23.0,56.0,0.0,165.96,69.62495709090909,1
145.61,16,20,0,50,1011,18.0,18.0,2.6,21.4,80.0,0.0,149.83,68.79945545762712,1
145.53,13,0,4,40,1016,1.0,1.0,1.4,18.3,83.0,0.0,126.18,67.0229637857678,1
145.4,19,20,4,59,1008,342.0,342.0,4.1,20.4,97.0,2.0,130.38,63.96542808455286,3
145.33,9,0,3,28,1014,64.0,64.0,3.2,23.0,69.0,0.0,138.22,68.62480109090909,3
145.23,22,40,6,69,1007,358.0,358.0,0.5,21.8,93.0,0.0,138.22,77.78836322758622,2
145.22,20,40,3,63,1012,33.0,33.0,1.1,21.9,84.0,0.0,186.22,75.02069216277057,1
144.98,13,20,4,41,1010,80.0,80.0,2.5,24.3,77.0,0.0,186.22,74.30557092367151,1
144.84,19,20,6,59,1015,4.0,4.0,1.3,15.4,67.0,0.0,121.65,60.30286998918918,2
144.8,21,40,3,66,1012,25.0,25.0,2.3,20.1,81.0,0.0,177.97,67.38220395341366,3
144.75,23,20,5,71,1008,324.0,324.0,1.1,21.2,93.0,0.0,177.97,74.69144408739496,2
144.41,12,0,3,37,1012,91.0,91.0,3.6,24.4,72.0,0.0,53.72,70.35120876116504,1
144.41,18,40,6,57,1014,344.0,344.0,2.0,21.3,83.0,0.0,142.81,70.86947960675106,2
144.39,2,0,0,7,1008,329.0,329.0,2.8,22.2,76.0,0.0,142.81,69.2230426385965,1
144.34,23,0,2,70,1013,37.0,37.0,2.7,22.8,82.0,0.0,178.12,71.3997231855856,3
144.14,15,0,1,46,1005,70.0,70.0,3.1,27.1,87.0,0.0,151.35,79.09623818324023,1
144.0,7,0,5,22,1010,17.0,17.0,3.6,22.1,72.0,0.0,151.35,66.00607278951965,2
143.97,7,0,6,22,1006,85.0,85.0,2.9,29.9,58.0,0.0,151.35,81.02897435231787,2
143.88,17,20,0,53,1007,315.0,315.0,0.8,25.4,86.0,0.0,194.52,83.00703970612247,1
143.69,12,20,3,38,1017,24.0,24.0,2.2,20.3,69.0,0.0,194.52,66.76325298947367,1
143.68,14,20,4,44,1010,80.0,80.0,2.5,24.3,77.0,0.0,194.52,74.30557092367151,1
143.66,7,0,1,22,1006,329.0,329.0,1.3,24.5,71.0,0.0,100.68,77.77500834146342,3
143.59,23,20,1,71,1014,330.0,330.0,1.0,18.6,80.0,0.0,179.7,68.56701624242424,1
143.58,16,0,1,49,1016,45.0,45.0,2.8,20.3,66.0,0.0,151.44,64.51274058947368,1
143.49,9,0,2,28,1009,52.0,52.0,2.8,26.5,64.0,0.0,121.99,75.8305587027027,3
143.43,8,0,2,25,1009,126.0,126.0,1.5,26.5,64.0,0.0,121.99,79.9905587027027,3
143.21,12,20,2,38,1014,320.0,320.0,2.4,21.3,91.0,0.5,120.73,70.49993400675106,1
143.09,18,20,1,56,1007,335.0,335.0,2.0,20.3,90.0,0.0,160.27,69.71683978947371,3
143.09,7,20,3,23,1011,117.0,117.0,2.3,28.7,54.0,0.0,160.27,80.14986681226993,1
142.99,10,20,3,32,1015,46.0,46.0,2.3,21.3,61.0,0.0,159.94,67.40573000675106,1
142.82,16,0,5,49,1015,15.0,15.0,5.5,18.6,60.0,0.0,127.54,52.08722424242424,2
142.81,18,20,6,56,1014,344.0,344.0,2.0,21.3,83.0,0.0,141.09,70.86947960675106,2
142.73,9,0,1,28,1005,104.0,104.0,4.2,28.7,72.0,0.0,117.5,76.60270441226993,1
142.62,22,20,5,68,1008,324.0,324.0,1.1,21.2,93.0,0.0,180.18,74.69144408739496,2
142.57,21,40,5,66,1007,172.0,172.0,2.0,23.7,95.0,0.0,223.2,76.96559063849764,3
142.5,21,40,2,66,1013,37.0,37.0,2.7,22.8,82.0,0.0,148.11,71.3997231855856,3
142.43,0,20,5,2,1009,37.0,37.0,0.1,22.3,93.0,0.0,114.89,80.04969962466959,3
142.4,12,20,0,38,1014,17.0,17.0,0.7,19.6,87.0,0.0,104.38,72.19050222362205,1
142.26,15,20,2,47,1007,51.0,51.0,3.4,22.6,95.0,1.8,159.96,70.31583314285714,1
142.23,9,0,1,28,1005,327.0,327.0,1.5,23.9,75.0,0.0,155.64,76.49521974407584,3
142.23,17,0,2,52,1007,51.0,51.0,3.4,22.6,95.0,1.8,180.61,70.31583314285714,1
142.12,7,20,3,23,1013,59.0,59.0,1.5,23.9,82.0,0.8,147.87,77.35804254407584,3
142.07,21,40,5,66,1015,354.0,354.0,3.3,16.5,64.0,0.0,147.87,55.65855635087719,2
141.95,20,40,6,63,1006,5.0,5.0,1.0,22.7,91.0,0.0,147.87,77.71737284125561,3
141.79,11,40,0,36,1008,351.0,351.0,5.3,23.8,72.0,0.1,111.96,63.77636914716982,1
141.53,22,0,2,67,1013,37.0,37.0,2.7,22.8,82.0,0.0,142.5,71.3997231855856,3
141.39,15,40,2,48,1017,326.0,326.0,1.6,19.3,78.0,0.0,218.83,67.77086297587549,1
141.37,20,0,1,61,1014,327.0,327.0,1.4,19.4,74.0,0.0,218.83,68.1735901,1
141.35,23,0,6,70,1006,11.0,11.0,2.7,22.6,90.0,0.0,167.48,71.96316514285716,3
141.34,5,40,2,18,1015,17.0,17.0,2.4,25.2,59.0,0.0,167.48,74.04217845656565,1
141.18,9,20,6,29,1012,10.0,10.0,4.1,24.9,74.0,0.0,229.49,69.95151576915423,2
141.13,16,0,4,49,1016,354.0,354.0,1.8,18.2,87.0,0.0,118.9,65.96112502686569,1
141.09,18,0,6,55,1014,344.0,344.0,2.0,21.3,83.0,0.0,224.67,70.86947960675106,2
140.98,14,40,0,45,1010,302.0,302.0,2.3,20.8,92.0,1.1,104.7,69.95523168264461,1
140.85,11,20,2,35,1016,39.0,39.0,3.7,21.2,57.0,0.0,133.09,62.287488887394964,1
140.77,11,0,3,34,1014,64.0,64.0,3.2,23.0,69.0,0.0,195.28,68.62480109090909,3
140.75,12,40,4,39,1008,351.0,351.0,2.3,22.5,83.0,0.0,195.28,72.22068777777778,1
140.7,4,0,2,13,1010,340.0,340.0,1.5,25.4,68.0,0.0,195.28,78.45018050612245,3
140.58,14,0,6,43,1006,9.0,9.0,5.9,25.8,79.0,0.0,205.97,66.55469053333333,3
140.33,13,20,6,41,1016,52.0,52.0,6.0,18.8,58.0,0.0,170.92,50.64514960610686,2
140.18,7,0,5,22,1008,222.0,222.0,1.4,27.3,75.0,0.0,136.54,83.30020527683615,3
140.0,12,0,3,37,1015,85.0,85.0,1.5,22.2,74.0,0.0,311.62,73.1488842385965,3
139.94,11,0,4,34,1006,16.0,16.0,3.5,24.1,81.0,0.0,101.31,71.219549169378,1
139.87,6,40,4,21,1009,299.0,299.0,2.5,20.0,96.0,0.0,101.31,68.18688,3
139.86,20,40,0,63,1014,333.0,333.0,2.5,14.1,80.0,0.0,101.31,55.18706397411003,2
139.65,8,20,2,26,1009,126.0,126.0,1.5,26.5,64.0,0.0,143.43,79.9905587027027,3
139.65,11,20,2,35,1009,52.0,52.0,2.8,26.5,64.0,0.0,162.55,75.8305587027027,3
139.59,23,0,4,70,1009,284.0,284.0,0.7,21.0,96.0,0.0,190.48,75.91744266666667,1
139.48,13,20,4,41,1016,1.0,1.0,1.4,18.3,83.0,0.0,145.53,67.0229637857678,1
139.36,15,0,3,46,1017,41.0,41.0,1.8,19.8,71.0,0.0,147.53,67.32415381587302,1
139.09,8,0,3,25,1013,59.0,59.0,1.5,23.9,82.0,0.8,153.64,77.35804254407584,3
138.9,10,40,6,33,1007,57.0,57.0,2.8,28.9,57.0,0.0,151.01,79.34333221614908,2
138.79,13,20,3,41,1015,85.0,85.0,1.5,22.2,74.0,0.0,174.67,73.1488842385965,3
138.6,10,20,4,32,1006,16.0,16.0,3.5,24.1,81.0,0.0,272.61,71.219549169378,1
138.51,16,20,3,50,1014,87.0,87.0,1.8,21.5,76.0,0.0,169.36,71.0927354893617,3
138.41,22,0,1,67,1008,250.0,250.0,1.4,19.9,90.0,0.0,169.36,70.8576202868526,3
138.34,14,0,4,43,1016,1.0,1.0,1.4,18.3,83.0,0.0,170.01,67.0229637857678,1
138.28,22,40,2,69,1013,320.0,320.0,1.6,19.5,96.0,0.0,183.59,70.08223592156861,1
138.22,8,40,3,27,1013,59.0,59.0,1.5,23.9,82.0,0.8,115.87,77.35804254407584,3
138.11,18,20,4,56,1015,202.0,202.0,1.1,18.4,89.0,0.0,192.38,68.79453140451128,1
137.88,16,20,4,50,1010,82.0,82.0,2.0,23.4,79.0,0.0,221.57,74.43045745185185,1
137.87,11,40,3,36,1015,46.0,46.0,2.3,21.3,61.0,0.0,221.57,67.40573000675106,1
137.87,15,40,2,48,1007,51.0,51.0,3.4,22.6,95.0,1.8,142.26,70.31583314285714,1
137.85,19,40,3,60,1016,352.0,352.0,1.5,19.1,75.0,0.0,166.1,67.3928445019305,1
137.79,8,40,1,27,1013,64.0,64.0,3.0,23.8,50.0,0.0,131.44,68.43263954716981,1
137.77,9,40,4,30,1009,310.0,310.0,1.5,20.4,97.0,0.0,145.93,72.28542808455285,3
137.73,17,20,4,53,1016,354.0,354.0,1.8,18.2,87.0,0.0,163.77,65.96112502686569,1
137.64,12,40,1,39,1014,25.0,25.0,1.7,22.1,53.0,0.0,154.59,69.86847638951966,1
137.57,11,0,3,34,1006,356.0,356.0,4.0,20.6,96.0,1.4,154.59,64.5690044852459,1
137.49,12,40,0,39,1008,29.0,29.0,1.8,24.0,78.0,0.0,90.3,76.09627961904762,3
137.48,2,40,5,9,1009,29.0,29.0,0.1,22.3,93.0,0.0,90.3,80.04969962466959,3
137.03,13,40,6,42,1016,52.0,52.0,6.0,18.8,58.0,0.0,140.33,50.64514960610686,2
136.83,11,0,6,34,1012,10.0,10.0,4.1,24.9,74.0,0.0,175.61,69.95151576915423,2
136.63,7,0,1,22,1013,64.0,64.0,3.0,23.8,50.0,0.0,254.2,68.43263954716981,1
136.54,6,40,5,21,1008,222.0,222.0,1.4,27.3,75.0,0.0,242.73,83.30020527683615,3
136.52,7,40,6,24,1004,208.0,208.0,2.3,32.8,52.0,0.0,242.73,87.47100737049179,3
136.44,9,40,4,30,1016,349.0,349.0,2.0,18.2,81.0,0.0,242.73,64.70591382686568,1
136.3,23,0,3,70,1006,354.0,354.0,1.8,19.6,97.0,0.2,242.73,69.74675822362205,1
136.18,18,0,3,55,1012,33.0,33.0,1.1,21.9,84.0,0.0,242.73,75.02069216277057,1
136.09,22,40,0,69,1006,87.0,87.0,1.5,24.9,90.0,0.0,242.73,80.30185816915423,1
135.87,0,20,2,2,1010,32.0,32.0,0.9,22.7,80.0,0.0,171.51,76.7295036412556,3
135.52,7,40,5,24,1008,222.0,222.0,1.4,27.3,75.0,0.0,154.36,83.30020527683615,3
135.23,21,0,3,64,1012,25.0,25.0,2.3,20.1,81.0,0.0,110.34,67.38220395341366,3
135.2,15,20,5,47,1009,322.0,322.0,2.2,24.1,94.0,0.0,110.34,76.99138796937801,3
135.08,15,20,5,47,1015,15.0,15.0,5.5,18.6,60.0,0.0,110.34,52.08722424242424,2
134.94,19,0,1,58,1014,327.0,327.0,1.4,19.4,74.0,0.0,110.34,68.1735901,1
134.92,23,20,2,71,1013,320.0,320.0,1.6,19.5,96.0,0.0,110.34,70.08223592156861,1
134.74,5,40,0,18,1008,15.0,15.0,4.5,24.4,67.0,0.0,155.12,66.84581676116505,1
134.68,8,40,3,27,1006,355.0,355.0,6.9,21.0,95.0,0.1,150.58,55.96472666666668,1
134.62,16,20,5,50,1015,15.0,15.0,5.5,18.6,60.0,0.0,142.82,52.08722424242424,2
134.51,12,20,2,38,1006,57.0,57.0,3.9,23.1,94.0,3.0,172.55,69.58136170593608,1
134.47,13,0,5,40,1014,41.0,41.0,4.6,20.2,66.0,0.0,131.91,58.5666367483871,2
134.46,7,20,4,23,1006,164.0,164.0,1.0,24.7,80.0,0.0,104.37,80.24837808866995,1
134.44,6,0,5,19,1008,222.0,222.0,1.4,27.3,75.0,0.0,104.37,83.30020527683615,3
134.27,14,0,3,43,1015,85.0,85.0,1.5,22.2,74.0,0.0,165.96,73.1488842385965,3
134.19,7,20,0,23,1005,37.0,37.0,4.1,30.3,56.0,0.0,165.96,77.64363054149659,1
134.17,9,40,0,30,1006,81.0,81.0,2.6,28.9,66.0,0.0,224.91,81.25629581614908,1
133.87,20,20,4,62,1009,317.0,317.0,1.8,21.4,88.0,0.0,106.41,72.27281865762713,1
133.66,21,20,0,65,1012,319.0,319.0,2.7,19.1,75.0,0.0,177.08,63.5528445019305,1
133.56,15,0,6,46,1016,57.0,57.0,4.4,17.1,60.0,0.0,177.08,52.853749820788536,2
133.46,9,40,0,30,1006,44.0,44.0,3.6,24.2,79.0,0.0,208.66,70.8432728,3
133.25,17,20,2,53,1014,310.0,310.0,1.0,20.8,93.0,0.0,241.3,74.22722048264463,1
133.09,11,0,2,34,1016,39.0,39.0,3.7,21.2,57.0,0.0,137.05,62.287488887394964,1
133.08,20,0,5,61,1008,334.0,334.0,0.8,23.5,95.0,0.0,137.05,80.4108611627907,3
132.98,11,40,1,36,1013,87.0,87.0,2.4,23.0,56.0,0.0,153.29,69.62495709090909,1
132.72,13,40,1,42,1015,105.0,105.0,3.5,21.6,70.0,0.0,153.29,65.15333155555557,1
132.58,9,20,5,29,1011,357.0,357.0,3.2,20.5,80.0,0.0,128.32,65.15757224489796,2
132.49,12,40,4,39,1010,80.0,80.0,2.5,24.3,77.0,0.0,165.02,74.30557092367151,1
132.38,8,0,0,25,1005,37.0,37.0,4.1,30.3,56.0,0.0,127.34,77.64363054149659,1
132.34,12,40,0,39,1007,96.0,96.0,3.5,26.4,78.0,0.0,127.34,75.25643193118279,1
131.91,12,40,5,39,1014,41.0,41.0,4.6,20.2,66.0,0.0,127.34,58.5666367483871,2
131.76,18,20,2,56,1013,341.0,341.0,1.7,20.2,94.0,0.0,164.54,70.92123834838709,1
131.44,8,20,1,26,1013,64.0,64.0,3.0,23.8,50.0,0.0,156.93,68.43263954716981,1
131.37,9,20,3,29,1011,91.0,91.0,2.6,26.8,57.0,0.0,158.02,76.09527131428571,1
131.3,14,20,2,44,1017,360.0,360.0,1.4,20.4,63.0,0.0,115.48,68.84725848455285,1
131.16,19,0,6,58,1014,344.0,344.0,2.0,21.3,83.0,0.0,144.41,70.86947960675106,2
131.04,15,40,1,48,1014,326.0,326.0,2.2,20.5,65.0,0.0,159.06,66.69410224489796,1
130.38,23,20,3,71,1016,352.0,352.0,2.5,18.0,89.0,0.3,159.06,63.537913481481475,1
130.35,5,40,4,18,1011,331.0,331.0,1.8,20.2,92.0,0.3,304.77,70.3816239483871,3
130.1,16,40,6,51,1015,7.0,7.0,2.1,21.9,80.0,0.0,196.46,71.35673856277057,2
130.03,20,0,0,61,1014,333.0,333.0,2.5,14.1,80.0,0.0,244.62,55.18706397411003,2
130.02,9,40,4,30,1006,16.0,16.0,3.5,24.1,81.0,0.0,244.62,71.219549169378,1
129.94,18,0,5,55,1008,334.0,334.0,0.8,23.5,95.0,0.0,244.62,80.4108611627907,3
129.81,7,0,2,22,1016,100.0,100.0,3.1,22.1,59.0,0.0,244.62,66.08876998951965,1
129.8,13,40,2,42,1014,320.0,320.0,2.4,21.3,91.0,0.5,185.44,70.49993400675106,1
129.03,19,40,2,60,1006,38.0,38.0,5.5,22.0,94.0,1.2,120.38,62.29718539130435,1
129.02,15,20,1,47,1007,310.0,310.0,1.5,22.6,80.0,0.0,164.55,74.61782914285716,3
128.39,19,20,4,59,1009,319.0,319.0,0.9,20.9,96.0,0.0,119.07,75.08030548713694,1
128.33,8,20,6,26,1014,54.0,54.0,3.5,21.7,49.0,0.0,167.85,62.92066671416309,2
128.32,9,0,5,28,1011,357.0,357.0,3.2,20.5,80.0,0.0,86.51,65.15757224489796,2
128.3,12,40,2,39,1017,360.0,360.0,1.4,20.4,63.0,0.0,174.96,68.84725848455285,1
128.24,18,40,4,57,1015,202.0,202.0,1.1,18.4,89.0,0.0,138.11,68.79453140451128,1
128.15,0,20,1,2,1008,330.0,330.0,2.3,21.6,84.0,0.0,138.11,70.60189795555556,3
128.09,15,40,0,48,1014,333.0,333.0,2.5,14.1,80.0,0.0,180.45,55.18706397411003,2
127.78,21,20,5,65,1013,216.0,216.0,3.2,19.6,97.0,0.0,190.48,65.26675822362205,2
127.71,15,20,3,47,1017,41.0,41.0,1.8,19.8,71.0,0.0,139.36,67.32415381587302,1
127.44,0,0,6,1,1008,227.0,227.0,2.1,25.6,89.0,0.0,212.11,79.62470949278352,3
127.34,7,40,0,24,1005,37.0,37.0,4.1,30.3,56.0,0.0,134.19,77.64363054149659,1
127.32,23,20,5,71,1013,216.0,216.0,3.2,19.6,97.0,0.0,134.19,65.26675822362205,2
127.27,11,0,5,34,1011,357.0,357.0,3.2,20.5,80.0,0.0,110.29,65.15757224489796,2
127.18,12,0,0,37,1008,29.0,29.0,1.8,24.0,78.0,0.0,240.71,76.09627961904762,3
127.07,14,20,5,44,1009,326.0,326.0,0.9,25.1,90.0,0.0,331.95,82.61377433165829,3
127.07,15,40,2,48,1014,310.0,310.0,1.0,20.8,93.0,0.0,294.56,74.22722048264463,1
126.82,8,20,1,26,1006,329.0,329.0,1.3,24.5,71.0,0.0,157.98,77.77500834146342,3
126.69,7,40,2,24,1013,328.0,328.0,3.0,26.2,56.0,0.0,157.98,73.57659656170213,1
126.47,12,40,2,39,1014,320.0,320.0,2.4,21.3,91.0,0.5,143.21,70.49993400675106,1
126.44,15,0,0,46,1015,222.0,222.0,0.9,18.9,92.0,0.0,191.02,70.72085709118774,1
126.34,10,20,2,32,1013,348.0,348.0,1.5,24.9,67.0,0.0,221.35,77.38324096915423,1
126.31,10,20,6,32,1014,28.0,28.0,5.6,20.4,55.0,0.0,180.07,54.52298328455285,2
126.18,12,40,4,39,1016,1.0,1.0,1.4,18.3,83.0,0.0,180.07,67.0229637857678,1
126.01,20,0,3,61,1016,352.0,352.0,1.5,19.1,75.0,0.0,137.85,67.3928445019305,1
125.95,7,40,6,24,1014,54.0,54.0,3.5,21.7,49.0,0.0,137.85,62.92066671416309,2
125.44,18,40,3,57,1012,33.0,33.0,1.1,21.9,84.0,0.0,283.73,75.02069216277057,1
125.36,12,40,0,39,1014,333.0,333.0,2.5,14.1,80.0,0.0,204.33,55.18706397411003,2
124.7,10,0,6,31,1012,10.0,10.0,4.1,24.9,74.0,0.0,181.15,69.95151576915423,2
124.64,13,0,1,40,1006,40.0,40.0,3.4,27.4,85.0,0.0,200.95,78.45149636363634,1
124.27,16,40,6,51,1016,57.0,57.0,4.4,17.1,60.0,0.0,165.48,52.853749820788536,2
124.21,11,20,4,35,1016,349.0,349.0,2.0,18.2,81.0,0.0,165.48,64.70591382686568,1
124.18,8,40,0,27,1006,35.0,35.0,2.6,25.4,72.0,0.0,165.48,75.44503810612245,3
123.22,11,20,2,35,1013,348.0,348.0,1.5,24.9,67.0,0.0,114.2,77.38324096915423,1
122.96,19,40,1,60,1004,56.0,56.0,1.7,26.2,95.0,1.2,114.2,82.86990136170213,1
122.86,11,0,1,34,1005,104.0,104.0,4.2,28.7,72.0,0.0,114.2,76.60270441226993,1
122.82,19,0,6,58,1006,5.0,5.0,1.0,22.7,91.0,0.0,159.99,77.71737284125561,3
122.67,18,0,5,55,1015,340.0,340.0,2.4,16.4,73.0,0.0,97.06,59.217620654545456,2
122.6,20,20,1,62,1004,56.0,56.0,1.7,26.2,95.0,1.2,182.95,82.86990136170213,1
122.44,21,20,1,65,1017,4.0,4.0,1.9,19.2,74.0,0.0,188.69,66.19587276899225,1
122.34,0,0,0,1,1007,13.0,13.0,2.6,22.4,85.0,0.0,222.28,71.30358123893805,3
122.26,17,0,3,52,1012,86.0,86.0,2.7,23.1,80.0,0.0,194.59,71.73643930593606,1
122.12,14,40,6,45,1006,9.0,9.0,5.9,25.8,79.0,0.0,159.26,66.55469053333333,3
122.02,17,20,0,53,1015,222.0,222.0,0.9,18.9,92.0,0.0,159.26,70.72085709118774,1
122.01,12,0,0,37,1014,333.0,333.0,2.5,14.1,80.0,0.0,156.41,55.18706397411003,2
121.99,8,40,2,27,1009,126.0,126.0,1.5,26.5,64.0,0.0,139.65,79.9905587027027,3
121.79,18,0,3,55,1013,4.0,4.0,1.5,20.9,80.0,0.0,190.84,71.36266708713694,3
121.41,0,40,0,3,1014,333.0,333.0,2.5,14.1,80.0,0.0,169.32,55.18706397411003,2
121.35,22,20,6,68,1014,35.0,35.0,3.0,20.4,81.0,0.0,169.32,65.71687768455284,2
121.24,6,40,6,21,1004,208.0,208.0,2.3,32.8,52.0,0.0,169.32,87.47100737049179,3
120.73,7,40,5,24,1010,17.0,17.0,3.6,22.1,72.0,0.0,180.57,66.00607278951965,2
120.31,1,20,1,5,1007,79.0,79.0,2.1,26.2,86.0,0.0,240.99,80.40529256170213,1
120.28,13,0,2,40,1017,360.0,360.0,1.4,20.4,63.0,0.0,128.3,68.84725848455285,1
120.17,21,0,3,64,1016,352.0,352.0,2.5,18.0,89.0,0.3,128.3,63.537913481481475,1
120.06,15,20,4,47,1010,82.0,82.0,2.0,23.4,79.0,0.0,156.3,74.43045745185185,1
119.97,20,40,4,63,1009,319.0,319.0,0.9,20.9,96.0,0.0,158.78,75.08030548713694,1
119.75,13,0,2,40,1012,59.0,59.0,2.0,25.4,72.0,0.0,147.53,77.36503810612246,3
119.59,20,40,2,63,1013,341.0,341.0,1.7,20.2,94.0,0.0,108.73,70.92123834838709,1
119.36,14,20,3,44,1008,10.0,10.0,3.1,20.3,97.0,1.5,146.26,66.96803538947367,1
119.28,7,20,3,23,1015,48.0,48.0,2.3,21.6,63.0,0.0,204.39,68.18904835555556,1
119.07,19,0,4,58,1009,319.0,319.0,0.9,20.9,96.0,0.0,244.39,75.08030548713694,1
118.96,11,40,4,36,1008,96.0,96.0,4.5,27.2,61.0,0.0,198.72,71.2951962786517,1
118.9,15,40,4,48,1016,354.0,354.0,1.8,18.2,87.0,0.0,198.72,65.96112502686569,1
118.89,23,20,6,71,1014,333.0,333.0,2.5,14.1,80.0,0.0,198.72,55.18706397411003,2
118.87,11,20,3,35,1014,64.0,64.0,3.2,23.0,69.0,0.0,140.77,68.62480109090909,3
118.84,14,0,0,43,1010,302.0,302.0,2.3,20.8,92.0,1.1,195.39,69.95523168264461,1
118.75,22,20,3,68,1006,354.0,354.0,1.8,19.6,97.0,0.2,195.39,69.74675822362205,1
118.56,6,0,6,19,1006,85.0,85.0,2.9,29.9,58.0,0.0,195.39,81.02897435231787,2
117.67,22,20,1,68,1003,28.0,28.0,2.9,26.4,94.0,0.0,169.3,79.29403833118279,1
117.5,8,40,1,27,1004,96.0,96.0,3.6,31.1,63.0,0.0,199.39,81.78337059856115,1
117.43,7,0,5,22,1007,54.0,54.0,3.8,29.6,55.0,0.0,155.6,77.15702784415585,2
117.29,10,40,3,33,1015,46.0,46.0,2.3,21.3,61.0,0.0,142.99,67.40573000675106,1
117.08,9,40,1,30,1013,87.0,87.0,2.4,23.0,56.0,0.0,202.18,69.62495709090909,1
116.63,5,40,0,18,1008,174.0,174.0,1.6,28.5,57.0,0.0,125.63,82.44092078787878,1
116.5,14,40,1,45,1014,25.0,25.0,1.7,22.1,53.0,0.0,164.03,69.86847638951966,1
116.4,0,0,5,1,1016,35.0,35.0,2.0,19.0,95.0,0.0,109.77,67.71254,2
116.38,23,20,0,71,1008,303.0,303.0,1.9,20.7,88.0,0.0,153.31,70.59308502386831,3
116.04,3,40,5,12,1010,188.0,188.0,1.1,25.1,82.0,0.0,146.48,80.9527855316583,3
115.87,8,20,3,26,1013,59.0,59.0,1.5,23.9,82.0,0.8,139.09,77.35804254407584,3
115.84,19,0,2,58,1013,341.0,341.0,1.7,20.2,94.0,0.0,188.63,70.92123834838709,1
115.61,5,20,5,17,1010,188.0,188.0,1.1,25.1,82.0,0.0,187.47,80.9527855316583,3
115.48,14,0,2,43,1017,360.0,360.0,1.4,20.4,63.0,0.0,160.53,68.84725848455285,1
114.94,21,0,2,64,1006,29.0,29.0,4.1,21.5,95.0,0.5,295.64,65.9088814893617,1
114.89,0,0,5,1,1009,29.0,29.0,0.1,22.3,93.0,0.0,170.78,80.04969962466959,3
114.84,6,0,6,19,1004,208.0,208.0,2.3,32.8,52.0,0.0,170.78,87.47100737049179,3
114.71,11,20,1,35,1005,327.0,327.0,1.5,23.9,75.0,0.0,198.45,76.49521974407584,3
114.65,15,0,1,46,1014,326.0,326.0,2.2,20.5,65.0,0.0,116.5,66.69410224489796,1
114.2,11,0,2,34,1013,348.0,348.0,1.5,24.9,67.0,0.0,181.02,77.38324096915423,1
114.0,16,20,0,50,1007,315.0,315.0,0.8,25.4,86.0,0.0,184.25,83.00703970612247,1
113.72,9,0,1,28,1013,11.0,11.0,4.5,25.4,42.0,0.0,161.5,65.50360610612246,1
113.69,9,40,5,30,1014,333.0,333.0,2.2,20.3,96.0,0.0,205.19,69.73786458947369,2
113.4,8,20,2,26,1003,92.0,92.0,7.5,26.2,94.0,5.5,172.21,64.17827816170212,1
113.3,2,0,1,7,1008,330.0,330.0,2.3,21.6,84.0,0.0,172.21,70.60189795555556,3
113.06,10,40,0,33,1008,351.0,351.0,5.3,23.8,72.0,0.1,242.76,63.77636914716982,1
113.03,8,40,2,27,1003,92.0,92.0,7.5,26.2,94.0,5.5,113.4,64.17827816170212,1
112.92,13,20,4,41,1008,351.0,351.0,2.3,22.5,83.0,0.0,220.71,72.22068777777778,1
112.73,9,0,4,28,1009,310.0,310.0,1.5,20.4,97.0,0.0,154.53,72.28542808455285,3
112.29,8,0,2,25,1013,328.0,328.0,3.0,26.2,56.0,0.0,126.69,73.57659656170213,1
111.98,23,40,1,72,1017,4.0,4.0,1.9,19.2,74.0,0.0,113.1,66.19587276899225,1
111.96,11,20,0,35,1008,351.0,351.0,5.3,23.8,72.0,0.1,249.29,63.77636914716982,1
111.76,13,20,3,41,1008,10.0,10.0,3.1,20.3,97.0,1.5,166.12,66.96803538947367,1
111.16,12,0,5,37,1009,326.0,326.0,0.9,25.1,90.0,0.0,175.6,82.61377433165829,3
110.98,20,20,6,62,1015,4.0,4.0,1.3,15.4,67.0,0.0,109.45,60.30286998918918,2
110.34,20,40,3,63,1013,4.0,4.0,1.5,20.9,80.0,0.0,211.91,71.36266708713694,3
110.29,10,40,5,33,1011,357.0,357.0,3.2,20.5,80.0,0.0,211.91,65.15757224489796,2
110.15,7,20,2,23,1016,100.0,100.0,3.1,22.1,59.0,0.0,129.81,66.08876998951965,1
109.77,23,40,4,72,1015,360.0,360.0,2.3,18.5,90.0,0.0,129.81,65.25234603773585,1
109.75,4,40,4,15,1007,323.0,323.0,2.3,22.4,86.0,0.0,129.81,72.38138763893805,1
109.45,20,0,6,61,1015,4.0,4.0,1.3,15.4,67.0,0.0,163.17,60.30286998918918,2
108.81,11,0,3,34,1015,46.0,46.0,2.3,21.3,61.0,0.0,117.29,67.40573000675106,1
108.53,20,20,3,62,1006,354.0,354.0,1.8,19.6,97.0,0.2,355.05,69.74675822362205,1
108.52,8,20,3,26,1015,48.0,48.0,2.3,21.6,63.0,0.0,194.72,68.18904835555556,1
107.59,14,20,2,44,1006,57.0,57.0,3.9,23.1,94.0,3.0,168.99,69.58136170593608,1
107.29,20,40,6,63,1015,4.0,4.0,1.3,15.4,67.0,0.0,110.98,60.30286998918918,2
107.09,12,20,1,38,1006,330.0,330.0,1.3,22.9,78.0,0.0,190.23,75.59367449411766,3
106.91,10,40,4,33,1009,310.0,310.0,1.5,20.4,97.0,0.0,245.01,72.28542808455285,3
106.41,20,0,4,61,1009,317.0,317.0,1.8,21.4,88.0,0.0,147.64,72.27281865762713,1
106.33,6,20,2,20,1009,126.0,126.0,1.5,26.5,64.0,0.0,268.04,79.9905587027027,3
105.48,4,20,0,14,1008,174.0,174.0,1.6,28.5,57.0,0.0,166.61,82.44092078787878,1
104.7,14,20,0,44,1010,302.0,302.0,2.3,20.8,92.0,1.1,118.84,69.95523168264461,1
104.67,8,0,6,25,1004,208.0,208.0,2.3,32.8,52.0,0.0,136.52,87.47100737049179,3
104.46,12,0,6,37,1016,52.0,52.0,6.0,18.8,58.0,0.0,136.52,50.64514960610686,2
104.38,12,0,0,37,1014,17.0,17.0,0.7,19.6,87.0,0.0,192.44,72.19050222362205,1
104.37,7,0,4,22,1006,164.0,164.0,1.0,24.7,80.0,0.0,192.44,80.24837808866995,1
103.42,2,20,5,8,1016,35.0,35.0,2.0,19.0,95.0,0.0,210.47,67.71254,2
103.01,11,20,6,35,1012,10.0,10.0,4.1,24.9,74.0,0.0,136.83,69.95151576915423,2
102.67,5,0,6,16,1009,102.0,102.0,2.4,28.5,65.0,0.0,136.83,81.00080878787877,2
102.33,11,20,1,35,1013,11.0,11.0,4.5,25.4,42.0,0.0,136.83,65.50360610612246,1
101.73,19,0,0,58,1014,341.0,341.0,1.5,19.1,92.0,0.0,159.35,69.19157370193051,1
101.31,10,40,4,33,1006,16.0,16.0,3.5,24.1,81.0,0.0,138.6,71.219549169378,1
100.89,10,40,1,33,1005,327.0,327.0,1.5,23.9,75.0,0.0,159.35,76.49521974407584,3
100.68,6,40,1,21,1006,329.0,329.0,1.3,24.5,71.0,0.0,159.35,77.77500834146342,3
98.3,8,20,4,26,1006,164.0,164.0,1.0,24.7,80.0,0.0,170.22,80.24837808866995,1
97.82,1,40,3,6,1017,74.0,74.0,2.0,19.8,78.0,0.0,170.22,67.44262341587303,1
97.8,22,20,0,68,1014,333.0,333.0,2.5,14.1,80.0,0.0,170.22,55.18706397411003,2
97.06,17,40,5,54,1015,15.0,15.0,5.5,18.6,60.0,0.0,221.78,52.08722424242424,2
96.27,7,20,0,23,1014,333.0,333.0,2.5,14.1,80.0,0.0,127.86,55.18706397411003,2
95.48,8,20,5,26,1010,17.0,17.0,3.6,22.1,72.0,0.0,249.18,66.00607278951965,2
94.98,11,0,5,34,1008,99.0,99.0,1.1,28.1,74.0,0.0,266.94,85.6544731692308,3
94.12,15,0,0,46,1014,333.0,333.0,2.5,14.1,80.0,0.0,255.3,55.18706397411003,2
93.25,13,40,1,42,1006,40.0,40.0,3.4,27.4,85.0,0.0,170.97,78.45149636363634,1
92.47,7,40,6,24,1006,85.0,85.0,2.9,29.9,58.0,0.0,170.97,81.02897435231787,2
92.46,3,40,4,12,1011,331.0,331.0,1.8,20.2,92.0,0.3,170.97,70.3816239483871,3
92.19,12,20,3,38,1015,85.0,85.0,1.5,22.2,74.0,0.0,140.0,73.1488842385965,3
91.19,11,20,0,35,1006,44.0,44.0,3.6,24.2,79.0,0.0,196.05,70.8432728,3
90.3,12,20,0,38,1008,29.0,29.0,1.8,24.0,78.0,0.0,127.18,76.09627961904762,3
90.12,8,0,4,25,1009,299.0,299.0,2.5,20.0,96.0,0.0,127.18,68.18688,3
89.47,9,40,0,30,1014,333.0,333.0,2.5,14.1,80.0,0.0,220.87,55.18706397411003,2
88.78,8,40,6,27,1012,301.0,301.0,1.8,26.8,67.0,0.0,160.32,79.99331931428571,2
86.51,8,40,5,27,1010,17.0,17.0,3.6,22.1,72.0,0.0,95.48,66.00607278951965,2
85.49,14,40,3,45,1008,10.0,10.0,3.1,20.3,97.0,1.5,119.36,66.96803538947367,1
83.34,12,40,3,39,1015,85.0,85.0,1.5,22.2,74.0,0.0,92.19,73.1488842385965,3
82.42,17,0,5,52,1014,85.0,85.0,0.0,19.8,97.0,0.0,194.59,75.90132661587302,2
81.04,7,0,2,22,1013,328.0,328.0,3.0,26.2,56.0,0.0,194.59,73.57659656170213,1
67.35,5,0,6,16,1007,220.0,220.0,2.9,30.1,64.0,0.0,176.71,82.27749762147654,3
66.72,7,20,4,23,1008,90.0,90.0,2.5,29.5,53.0,0.0,176.71,80.84435567741937,1
61.94,14,40,2,45,1017,360.0,360.0,1.4,20.4,63.0,0.0,131.3,68.84725848455285,1
