volume,hour,minute,weekday,timemap,pressure,wind_direction,wind_direction,wind_speed,temperature,rel_humidity,precipitation,last_20min,SSD,is_workday
2,0,0,0,1,1008,329.0,329.0,2.8,22.2,76.0,0.0,14.0,69.2230426385965,1
1,1,0,0,4,1008,329.0,329.0,2.8,22.2,76.0,0.0,14.0,69.2230426385965,1
2,1,40,0,6,1008,329.0,329.0,2.8,22.2,76.0,0.0,14.0,69.2230426385965,1
14,5,0,0,16,1008,15.0,15.0,4.5,24.4,67.0,0.0,14.0,66.84581676116505,1
12,5,20,0,17,1008,15.0,15.0,4.5,24.4,67.0,0.0,14.0,66.84581676116505,1
21,5,40,0,18,1008,15.0,15.0,4.5,24.4,67.0,0.0,12.0,66.84581676116505,1
30,6,0,0,19,1007,12.0,12.0,6.2,26.8,56.0,0.0,21.0,64.44146651428571,1
36,6,20,0,20,1007,12.0,12.0,6.2,26.8,56.0,0.0,30.0,64.44146651428571,1
37,6,40,0,21,1007,12.0,12.0,6.2,26.8,56.0,0.0,36.0,64.44146651428571,1
84,7,0,0,22,1007,12.0,12.0,6.2,26.8,56.0,0.0,37.0,64.44146651428571,1
80,7,20,0,23,1007,12.0,12.0,6.2,26.8,56.0,0.0,84.0,64.44146651428571,1
97,7,40,0,24,1007,12.0,12.0,6.2,26.8,56.0,0.0,80.0,64.44146651428571,1
129,8,0,0,25,1007,12.0,12.0,6.2,26.8,56.0,0.0,97.0,64.44146651428571,1
122,8,20,0,26,1007,12.0,12.0,6.2,26.8,56.0,0.0,129.0,64.44146651428571,1
98,8,40,0,27,1007,12.0,12.0,6.2,26.8,56.0,0.0,122.0,64.44146651428571,1
89,9,0,0,28,1008,351.0,351.0,5.3,23.8,72.0,0.1,98.0,63.77636914716982,1
78,9,20,0,29,1008,351.0,351.0,5.3,23.8,72.0,0.1,89.0,63.77636914716982,1
59,9,40,0,30,1008,351.0,351.0,5.3,23.8,72.0,0.1,78.0,63.77636914716982,1
71,10,0,0,31,1008,351.0,351.0,5.3,23.8,72.0,0.1,59.0,63.77636914716982,1
88,10,20,0,32,1008,351.0,351.0,5.3,23.8,72.0,0.1,71.0,63.77636914716982,1
65,10,40,0,33,1008,351.0,351.0,5.3,23.8,72.0,0.1,88.0,63.77636914716982,1
50,11,0,0,34,1008,351.0,351.0,5.3,23.8,72.0,0.1,65.0,63.77636914716982,1
61,11,20,0,35,1008,351.0,351.0,5.3,23.8,72.0,0.1,50.0,63.77636914716982,1
46,11,40,0,36,1008,351.0,351.0,5.3,23.8,72.0,0.1,61.0,63.77636914716982,1
87,12,0,0,37,1010,302.0,302.0,2.3,20.8,92.0,1.1,46.0,69.95523168264461,1
66,12,20,0,38,1010,302.0,302.0,2.3,20.8,92.0,1.1,87.0,69.95523168264461,1
69,12,40,0,39,1010,302.0,302.0,2.3,20.8,92.0,1.1,66.0,69.95523168264461,1
81,13,0,0,40,1010,302.0,302.0,2.3,20.8,92.0,1.1,69.0,69.95523168264461,1
95,13,20,0,41,1010,302.0,302.0,2.3,20.8,92.0,1.1,81.0,69.95523168264461,1
67,13,40,0,42,1010,302.0,302.0,2.3,20.8,92.0,1.1,95.0,69.95523168264461,1
66,14,0,0,43,1010,302.0,302.0,2.3,20.8,92.0,1.1,67.0,69.95523168264461,1
62,14,20,0,44,1010,302.0,302.0,2.3,20.8,92.0,1.1,66.0,69.95523168264461,1
79,14,40,0,45,1010,302.0,302.0,2.3,20.8,92.0,1.1,62.0,69.95523168264461,1
77,15,0,0,46,1011,18.0,18.0,2.6,21.4,80.0,0.0,79.0,68.79945545762712,1
67,15,20,0,47,1011,18.0,18.0,2.6,21.4,80.0,0.0,77.0,68.79945545762712,1
74,15,40,0,48,1011,18.0,18.0,2.6,21.4,80.0,0.0,67.0,68.79945545762712,1
76,16,0,0,49,1011,18.0,18.0,2.6,21.4,80.0,0.0,74.0,68.79945545762712,1
86,16,20,0,50,1011,18.0,18.0,2.6,21.4,80.0,0.0,76.0,68.79945545762712,1
99,16,40,0,51,1011,18.0,18.0,2.6,21.4,80.0,0.0,86.0,68.79945545762712,1
85,17,0,0,52,1011,18.0,18.0,2.6,21.4,80.0,0.0,99.0,68.79945545762712,1
72,17,20,0,53,1011,18.0,18.0,2.6,21.4,80.0,0.0,85.0,68.79945545762712,1
53,17,40,0,54,1011,18.0,18.0,2.6,21.4,80.0,0.0,72.0,68.79945545762712,1
55,18,0,0,55,1011,333.0,333.0,2.4,20.2,75.0,0.0,53.0,66.5949015483871,1
50,18,20,0,56,1011,333.0,333.0,2.4,20.2,75.0,0.0,55.0,66.5949015483871,1
49,18,40,0,57,1011,333.0,333.0,2.4,20.2,75.0,0.0,50.0,66.5949015483871,1
44,19,0,0,58,1011,333.0,333.0,2.4,20.2,75.0,0.0,49.0,66.5949015483871,1
49,19,20,0,59,1011,333.0,333.0,2.4,20.2,75.0,0.0,44.0,66.5949015483871,1
41,19,40,0,60,1011,333.0,333.0,2.4,20.2,75.0,0.0,49.0,66.5949015483871,1
56,20,0,0,61,1011,333.0,333.0,2.4,20.2,75.0,0.0,41.0,66.5949015483871,1
21,20,20,0,62,1011,333.0,333.0,2.4,20.2,75.0,0.0,56.0,66.5949015483871,1
35,20,40,0,63,1011,333.0,333.0,2.4,20.2,75.0,0.0,21.0,66.5949015483871,1
29,21,0,0,64,1012,319.0,319.0,2.7,19.1,75.0,0.0,35.0,63.5528445019305,1
20,21,20,0,65,1012,319.0,319.0,2.7,19.1,75.0,0.0,29.0,63.5528445019305,1
24,21,40,0,66,1012,319.0,319.0,2.7,19.1,75.0,0.0,20.0,63.5528445019305,1
21,22,0,0,67,1012,319.0,319.0,2.7,19.1,75.0,0.0,24.0,63.5528445019305,1
12,22,20,0,68,1012,319.0,319.0,2.7,19.1,75.0,0.0,21.0,63.5528445019305,1
24,22,40,0,69,1012,319.0,319.0,2.7,19.1,75.0,0.0,12.0,63.5528445019305,1
16,23,0,0,70,1012,319.0,319.0,2.7,19.1,75.0,0.0,24.0,63.5528445019305,1
6,23,20,0,71,1012,319.0,319.0,2.7,19.1,75.0,0.0,16.0,63.5528445019305,1
12,23,40,0,72,1012,319.0,319.0,2.7,19.1,75.0,0.0,6.0,63.5528445019305,1
2,0,20,1,2,1013,341.0,341.0,3.5,21.1,68.0,0.0,6.0,63.98836985439331,1
2,0,40,1,3,1013,341.0,341.0,3.5,21.1,68.0,0.0,2.0,63.98836985439331,1
1,1,20,1,5,1013,341.0,341.0,3.5,21.1,68.0,0.0,2.0,63.98836985439331,1
5,5,0,1,16,1014,354.0,354.0,2.6,23.9,58.0,0.0,2.0,70.87979294407583,1
18,5,20,1,17,1014,354.0,354.0,2.6,23.9,58.0,0.0,5.0,70.87979294407583,1
21,5,40,1,18,1014,354.0,354.0,2.6,23.9,58.0,0.0,18.0,70.87979294407583,1
33,6,0,1,19,1012,7.0,7.0,4.6,26.9,43.0,0.0,21.0,68.00156924419889,1
31,6,20,1,20,1012,7.0,7.0,4.6,26.9,43.0,0.0,33.0,68.00156924419889,1
54,6,40,1,21,1012,7.0,7.0,4.6,26.9,43.0,0.0,31.0,68.00156924419889,1
79,7,0,1,22,1012,7.0,7.0,4.6,26.9,43.0,0.0,54.0,68.00156924419889,1
86,7,20,1,23,1012,7.0,7.0,4.6,26.9,43.0,0.0,79.0,68.00156924419889,1
93,7,40,1,24,1012,7.0,7.0,4.6,26.9,43.0,0.0,86.0,68.00156924419889,1
112,8,0,1,25,1012,7.0,7.0,4.6,26.9,43.0,0.0,93.0,68.00156924419889,1
111,8,20,1,26,1012,7.0,7.0,4.6,26.9,43.0,0.0,112.0,68.00156924419889,1
112,8,40,1,27,1012,7.0,7.0,4.6,26.9,43.0,0.0,111.0,68.00156924419889,1
105,9,0,1,28,1013,11.0,11.0,4.5,25.4,42.0,0.0,112.0,65.50360610612246,1
99,9,20,1,29,1013,11.0,11.0,4.5,25.4,42.0,0.0,105.0,65.50360610612246,1
87,9,40,1,30,1013,11.0,11.0,4.5,25.4,42.0,0.0,99.0,65.50360610612246,1
85,10,0,1,31,1013,11.0,11.0,4.5,25.4,42.0,0.0,87.0,65.50360610612246,1
76,10,20,1,32,1013,11.0,11.0,4.5,25.4,42.0,0.0,85.0,65.50360610612246,1
80,10,40,1,33,1013,11.0,11.0,4.5,25.4,42.0,0.0,76.0,65.50360610612246,1
63,11,0,1,34,1013,11.0,11.0,4.5,25.4,42.0,0.0,80.0,65.50360610612246,1
46,11,20,1,35,1013,11.0,11.0,4.5,25.4,42.0,0.0,63.0,65.50360610612246,1
55,11,40,1,36,1013,11.0,11.0,4.5,25.4,42.0,0.0,46.0,65.50360610612246,1
73,12,0,1,37,1014,25.0,25.0,1.7,22.1,53.0,0.0,55.0,69.86847638951966,1
88,12,20,1,38,1014,25.0,25.0,1.7,22.1,53.0,0.0,73.0,69.86847638951966,1
80,12,40,1,39,1014,25.0,25.0,1.7,22.1,53.0,0.0,88.0,69.86847638951966,1
75,13,0,1,40,1014,25.0,25.0,1.7,22.1,53.0,0.0,80.0,69.86847638951966,1
96,13,20,1,41,1014,25.0,25.0,1.7,22.1,53.0,0.0,75.0,69.86847638951966,1
69,13,40,1,42,1014,25.0,25.0,1.7,22.1,53.0,0.0,96.0,69.86847638951966,1
81,14,0,1,43,1014,25.0,25.0,1.7,22.1,53.0,0.0,69.0,69.86847638951966,1
72,14,20,1,44,1014,25.0,25.0,1.7,22.1,53.0,0.0,81.0,69.86847638951966,1
70,14,40,1,45,1014,25.0,25.0,1.7,22.1,53.0,0.0,72.0,69.86847638951966,1
62,15,0,1,46,1014,326.0,326.0,2.2,20.5,65.0,0.0,70.0,66.69410224489796,1
69,15,20,1,47,1014,326.0,326.0,2.2,20.5,65.0,0.0,62.0,66.69410224489796,1
69,15,40,1,48,1014,326.0,326.0,2.2,20.5,65.0,0.0,69.0,66.69410224489796,1
82,16,0,1,49,1014,326.0,326.0,2.2,20.5,65.0,0.0,69.0,66.69410224489796,1
76,16,20,1,50,1014,326.0,326.0,2.2,20.5,65.0,0.0,82.0,66.69410224489796,1
64,16,40,1,51,1014,326.0,326.0,2.2,20.5,65.0,0.0,76.0,66.69410224489796,1
82,17,0,1,52,1014,326.0,326.0,2.2,20.5,65.0,0.0,64.0,66.69410224489796,1
86,17,20,1,53,1014,326.0,326.0,2.2,20.5,65.0,0.0,82.0,66.69410224489796,1
85,17,40,1,54,1014,326.0,326.0,2.2,20.5,65.0,0.0,86.0,66.69410224489796,1
77,18,0,1,55,1014,327.0,327.0,1.4,19.4,74.0,0.0,85.0,68.1735901,1
60,18,20,1,56,1014,327.0,327.0,1.4,19.4,74.0,0.0,77.0,68.1735901,1
56,18,40,1,57,1014,327.0,327.0,1.4,19.4,74.0,0.0,60.0,68.1735901,1
61,19,0,1,58,1014,327.0,327.0,1.4,19.4,74.0,0.0,56.0,68.1735901,1
27,19,20,1,59,1014,327.0,327.0,1.4,19.4,74.0,0.0,61.0,68.1735901,1
40,19,40,1,60,1014,327.0,327.0,1.4,19.4,74.0,0.0,27.0,68.1735901,1
35,20,0,1,61,1014,327.0,327.0,1.4,19.4,74.0,0.0,40.0,68.1735901,1
31,20,20,1,62,1014,327.0,327.0,1.4,19.4,74.0,0.0,35.0,68.1735901,1
30,20,40,1,63,1014,327.0,327.0,1.4,19.4,74.0,0.0,31.0,68.1735901,1
27,21,0,1,64,1014,330.0,330.0,1.0,18.6,80.0,0.0,30.0,68.56701624242424,1
21,21,20,1,65,1014,330.0,330.0,1.0,18.6,80.0,0.0,27.0,68.56701624242424,1
5,21,40,1,66,1014,330.0,330.0,1.0,18.6,80.0,0.0,21.0,68.56701624242424,1
5,22,0,1,67,1014,330.0,330.0,1.0,18.6,80.0,0.0,5.0,68.56701624242424,1
6,22,20,1,68,1014,330.0,330.0,1.0,18.6,80.0,0.0,5.0,68.56701624242424,1
5,23,0,1,70,1014,330.0,330.0,1.0,18.6,80.0,0.0,5.0,68.56701624242424,1
7,23,20,1,71,1014,330.0,330.0,1.0,18.6,80.0,0.0,5.0,68.56701624242424,1
5,23,40,1,72,1014,330.0,330.0,1.0,18.6,80.0,0.0,7.0,68.56701624242424,1
2,0,0,2,1,1016,219.0,219.0,0.7,21.7,69.0,0.0,5.0,74.1858907141631,1
2,0,20,2,2,1016,219.0,219.0,0.7,21.7,69.0,0.0,2.0,74.1858907141631,1
2,0,40,2,3,1016,219.0,219.0,0.7,21.7,69.0,0.0,2.0,74.1858907141631,1
1,1,20,2,5,1016,219.0,219.0,0.7,21.7,69.0,0.0,2.0,74.1858907141631,1
1,1,40,2,6,1016,219.0,219.0,0.7,21.7,69.0,0.0,1.0,74.1858907141631,1
1,5,0,2,16,1015,17.0,17.0,2.4,25.2,59.0,0.0,1.0,74.04217845656565,1
5,5,20,2,17,1015,17.0,17.0,2.4,25.2,59.0,0.0,1.0,74.04217845656565,1
6,5,40,2,18,1015,17.0,17.0,2.4,25.2,59.0,0.0,5.0,74.04217845656565,1
6,6,0,2,19,1013,328.0,328.0,3.0,26.2,56.0,0.0,6.0,73.57659656170213,1
9,6,20,2,20,1013,328.0,328.0,3.0,26.2,56.0,0.0,6.0,73.57659656170213,1
14,6,40,2,21,1013,328.0,328.0,3.0,26.2,56.0,0.0,9.0,73.57659656170213,1
42,7,0,2,22,1013,328.0,328.0,3.0,26.2,56.0,0.0,14.0,73.57659656170213,1
37,7,20,2,23,1013,328.0,328.0,3.0,26.2,56.0,0.0,42.0,73.57659656170213,1
44,7,40,2,24,1013,328.0,328.0,3.0,26.2,56.0,0.0,37.0,73.57659656170213,1
37,8,0,2,25,1013,328.0,328.0,3.0,26.2,56.0,0.0,44.0,73.57659656170213,1
30,8,20,2,26,1013,328.0,328.0,3.0,26.2,56.0,0.0,37.0,73.57659656170213,1
66,8,40,2,27,1013,328.0,328.0,3.0,26.2,56.0,0.0,30.0,73.57659656170213,1
104,9,0,2,28,1013,348.0,348.0,1.5,24.9,67.0,0.0,66.0,77.38324096915423,1
100,9,20,2,29,1013,348.0,348.0,1.5,24.9,67.0,0.0,104.0,77.38324096915423,1
80,9,40,2,30,1013,348.0,348.0,1.5,24.9,67.0,0.0,100.0,77.38324096915423,1
72,10,0,2,31,1013,348.0,348.0,1.5,24.9,67.0,0.0,80.0,77.38324096915423,1
67,10,20,2,32,1013,348.0,348.0,1.5,24.9,67.0,0.0,72.0,77.38324096915423,1
74,10,40,2,33,1013,348.0,348.0,1.5,24.9,67.0,0.0,67.0,77.38324096915423,1
45,11,0,2,34,1013,348.0,348.0,1.5,24.9,67.0,0.0,74.0,77.38324096915423,1
58,11,20,2,35,1013,348.0,348.0,1.5,24.9,67.0,0.0,45.0,77.38324096915423,1
50,11,40,2,36,1013,348.0,348.0,1.5,24.9,67.0,0.0,58.0,77.38324096915423,1
63,12,0,2,37,1014,320.0,320.0,2.4,21.3,91.0,0.5,50.0,70.49993400675106,1
42,12,20,2,38,1014,320.0,320.0,2.4,21.3,91.0,0.5,63.0,70.49993400675106,1
55,12,40,2,39,1014,320.0,320.0,2.4,21.3,91.0,0.5,42.0,70.49993400675106,1
82,13,0,2,40,1014,320.0,320.0,2.4,21.3,91.0,0.5,55.0,70.49993400675106,1
72,13,20,2,41,1014,320.0,320.0,2.4,21.3,91.0,0.5,82.0,70.49993400675106,1
62,13,40,2,42,1014,320.0,320.0,2.4,21.3,91.0,0.5,72.0,70.49993400675106,1
78,14,0,2,43,1014,320.0,320.0,2.4,21.3,91.0,0.5,62.0,70.49993400675106,1
79,14,20,2,44,1014,320.0,320.0,2.4,21.3,91.0,0.5,78.0,70.49993400675106,1
66,14,40,2,45,1014,320.0,320.0,2.4,21.3,91.0,0.5,79.0,70.49993400675106,1
63,15,0,2,46,1014,310.0,310.0,1.0,20.8,93.0,0.0,66.0,74.22722048264463,1
81,15,20,2,47,1014,310.0,310.0,1.0,20.8,93.0,0.0,63.0,74.22722048264463,1
77,15,40,2,48,1014,310.0,310.0,1.0,20.8,93.0,0.0,81.0,74.22722048264463,1
66,16,0,2,49,1014,310.0,310.0,1.0,20.8,93.0,0.0,77.0,74.22722048264463,1
81,16,20,2,50,1014,310.0,310.0,1.0,20.8,93.0,0.0,66.0,74.22722048264463,1
99,16,40,2,51,1014,310.0,310.0,1.0,20.8,93.0,0.0,81.0,74.22722048264463,1
88,17,0,2,52,1014,310.0,310.0,1.0,20.8,93.0,0.0,99.0,74.22722048264463,1
77,17,20,2,53,1014,310.0,310.0,1.0,20.8,93.0,0.0,88.0,74.22722048264463,1
83,17,40,2,54,1014,310.0,310.0,1.0,20.8,93.0,0.0,77.0,74.22722048264463,1
58,18,0,2,55,1013,341.0,341.0,1.7,20.2,94.0,0.0,83.0,70.92123834838709,1
72,18,20,2,56,1013,341.0,341.0,1.7,20.2,94.0,0.0,58.0,70.92123834838709,1
49,18,40,2,57,1013,341.0,341.0,1.7,20.2,94.0,0.0,72.0,70.92123834838709,1
47,19,0,2,58,1013,341.0,341.0,1.7,20.2,94.0,0.0,49.0,70.92123834838709,1
35,19,20,2,59,1013,341.0,341.0,1.7,20.2,94.0,0.0,47.0,70.92123834838709,1
38,19,40,2,60,1013,341.0,341.0,1.7,20.2,94.0,0.0,35.0,70.92123834838709,1
38,20,0,2,61,1013,341.0,341.0,1.7,20.2,94.0,0.0,38.0,70.92123834838709,1
18,20,20,2,62,1013,341.0,341.0,1.7,20.2,94.0,0.0,38.0,70.92123834838709,1
24,20,40,2,63,1013,341.0,341.0,1.7,20.2,94.0,0.0,18.0,70.92123834838709,1
27,21,0,2,64,1013,320.0,320.0,1.6,19.5,96.0,0.0,24.0,70.08223592156861,1
32,21,20,2,65,1013,320.0,320.0,1.6,19.5,96.0,0.0,27.0,70.08223592156861,1
26,21,40,2,66,1013,320.0,320.0,1.6,19.5,96.0,0.0,32.0,70.08223592156861,1
24,22,0,2,67,1013,320.0,320.0,1.6,19.5,96.0,0.0,26.0,70.08223592156861,1
21,22,20,2,68,1013,320.0,320.0,1.6,19.5,96.0,0.0,24.0,70.08223592156861,1
16,22,40,2,69,1013,320.0,320.0,1.6,19.5,96.0,0.0,21.0,70.08223592156861,1
7,23,0,2,70,1013,320.0,320.0,1.6,19.5,96.0,0.0,16.0,70.08223592156861,1
1,23,20,2,71,1013,320.0,320.0,1.6,19.5,96.0,0.0,7.0,70.08223592156861,1
1,23,40,2,72,1013,320.0,320.0,1.6,19.5,96.0,0.0,1.0,70.08223592156861,1
1,0,0,3,1,1014,281.0,281.0,1.5,20.7,91.0,0.0,1.0,72.20796062386832,1
1,0,20,3,2,1014,281.0,281.0,1.5,20.7,91.0,0.0,1.0,72.20796062386832,1
18,5,0,3,16,1013,187.0,187.0,2.5,26.4,62.0,0.0,1.0,76.33882553118279,1
20,5,20,3,17,1013,187.0,187.0,2.5,26.4,62.0,0.0,18.0,76.33882553118279,1
21,5,40,3,18,1013,187.0,187.0,2.5,26.4,62.0,0.0,20.0,76.33882553118279,1
30,6,0,3,19,1011,117.0,117.0,2.3,28.7,54.0,0.0,21.0,80.14986681226993,1
31,6,20,3,20,1011,117.0,117.0,2.3,28.7,54.0,0.0,30.0,80.14986681226993,1
38,6,40,3,21,1011,117.0,117.0,2.3,28.7,54.0,0.0,31.0,80.14986681226993,1
72,7,0,3,22,1011,117.0,117.0,2.3,28.7,54.0,0.0,38.0,80.14986681226993,1
79,7,20,3,23,1011,117.0,117.0,2.3,28.7,54.0,0.0,72.0,80.14986681226993,1
100,7,40,3,24,1011,117.0,117.0,2.3,28.7,54.0,0.0,79.0,80.14986681226993,1
108,8,0,3,25,1011,117.0,117.0,2.3,28.7,54.0,0.0,100.0,80.14986681226993,1
110,8,20,3,26,1011,117.0,117.0,2.3,28.7,54.0,0.0,108.0,80.14986681226993,1
101,8,40,3,27,1011,117.0,117.0,2.3,28.7,54.0,0.0,110.0,80.14986681226993,1
96,9,0,3,28,1011,91.0,91.0,2.6,26.8,57.0,0.0,101.0,76.09527131428571,1
81,9,20,3,29,1011,91.0,91.0,2.6,26.8,57.0,0.0,96.0,76.09527131428571,1
65,9,40,3,30,1011,91.0,91.0,2.6,26.8,57.0,0.0,81.0,76.09527131428571,1
83,10,0,3,31,1011,91.0,91.0,2.6,26.8,57.0,0.0,65.0,76.09527131428571,1
48,10,20,3,32,1011,91.0,91.0,2.6,26.8,57.0,0.0,83.0,76.09527131428571,1
44,10,40,3,33,1011,91.0,91.0,2.6,26.8,57.0,0.0,48.0,76.09527131428571,1
60,11,0,3,34,1011,91.0,91.0,2.6,26.8,57.0,0.0,44.0,76.09527131428571,1
52,11,20,3,35,1011,91.0,91.0,2.6,26.8,57.0,0.0,60.0,76.09527131428571,1
45,11,40,3,36,1011,91.0,91.0,2.6,26.8,57.0,0.0,52.0,76.09527131428571,1
63,12,0,3,37,1012,91.0,91.0,3.6,24.4,72.0,0.0,45.0,70.35120876116504,1
61,12,20,3,38,1012,91.0,91.0,3.6,24.4,72.0,0.0,63.0,70.35120876116504,1
59,12,40,3,39,1012,91.0,91.0,3.6,24.4,72.0,0.0,61.0,70.35120876116504,1
59,13,0,3,40,1012,91.0,91.0,3.6,24.4,72.0,0.0,59.0,70.35120876116504,1
76,13,20,3,41,1012,91.0,91.0,3.6,24.4,72.0,0.0,59.0,70.35120876116504,1
75,13,40,3,42,1012,91.0,91.0,3.6,24.4,72.0,0.0,76.0,70.35120876116504,1
61,14,0,3,43,1012,91.0,91.0,3.6,24.4,72.0,0.0,75.0,70.35120876116504,1
68,14,20,3,44,1012,91.0,91.0,3.6,24.4,72.0,0.0,61.0,70.35120876116504,1
83,14,40,3,45,1012,91.0,91.0,3.6,24.4,72.0,0.0,68.0,70.35120876116504,1
62,15,0,3,46,1012,86.0,86.0,2.7,23.1,80.0,0.0,83.0,71.73643930593606,1
73,15,20,3,47,1012,86.0,86.0,2.7,23.1,80.0,0.0,62.0,71.73643930593606,1
71,15,40,3,48,1012,86.0,86.0,2.7,23.1,80.0,0.0,73.0,71.73643930593606,1
51,16,0,3,49,1012,86.0,86.0,2.7,23.1,80.0,0.0,71.0,71.73643930593606,1
93,16,20,3,50,1012,86.0,86.0,2.7,23.1,80.0,0.0,51.0,71.73643930593606,1
96,16,40,3,51,1012,86.0,86.0,2.7,23.1,80.0,0.0,93.0,71.73643930593606,1
71,17,0,3,52,1012,86.0,86.0,2.7,23.1,80.0,0.0,96.0,71.73643930593606,1
76,17,20,3,53,1012,86.0,86.0,2.7,23.1,80.0,0.0,71.0,71.73643930593606,1
70,17,40,3,54,1012,86.0,86.0,2.7,23.1,80.0,0.0,76.0,71.73643930593606,1
83,18,0,3,55,1012,33.0,33.0,1.1,21.9,84.0,0.0,70.0,75.02069216277057,1
63,18,20,3,56,1012,33.0,33.0,1.1,21.9,84.0,0.0,83.0,75.02069216277057,1
53,18,40,3,57,1012,33.0,33.0,1.1,21.9,84.0,0.0,63.0,75.02069216277057,1
39,19,0,3,58,1012,33.0,33.0,1.1,21.9,84.0,0.0,53.0,75.02069216277057,1
31,19,20,3,59,1012,33.0,33.0,1.1,21.9,84.0,0.0,39.0,75.02069216277057,1
29,19,40,3,60,1012,33.0,33.0,1.1,21.9,84.0,0.0,31.0,75.02069216277057,1
30,20,0,3,61,1012,33.0,33.0,1.1,21.9,84.0,0.0,29.0,75.02069216277057,1
45,20,20,3,62,1012,33.0,33.0,1.1,21.9,84.0,0.0,30.0,75.02069216277057,1
30,20,40,3,63,1012,33.0,33.0,1.1,21.9,84.0,0.0,45.0,75.02069216277057,1
18,21,0,3,64,1011,324.0,324.0,1.7,20.5,92.0,0.0,30.0,71.28834824489796,1
28,21,20,3,65,1011,324.0,324.0,1.7,20.5,92.0,0.0,18.0,71.28834824489796,1
16,21,40,3,66,1011,324.0,324.0,1.7,20.5,92.0,0.0,28.0,71.28834824489796,1
20,22,0,3,67,1011,324.0,324.0,1.7,20.5,92.0,0.0,16.0,71.28834824489796,1
13,22,20,3,68,1011,324.0,324.0,1.7,20.5,92.0,0.0,20.0,71.28834824489796,1
18,22,40,3,69,1011,324.0,324.0,1.7,20.5,92.0,0.0,13.0,71.28834824489796,1
12,23,0,3,70,1011,324.0,324.0,1.7,20.5,92.0,0.0,18.0,71.28834824489796,1
11,23,20,3,71,1011,324.0,324.0,1.7,20.5,92.0,0.0,12.0,71.28834824489796,1
7,23,40,3,72,1011,324.0,324.0,1.7,20.5,92.0,0.0,11.0,71.28834824489796,1
4,0,20,4,2,1012,335.0,335.0,0.7,22.7,84.0,0.0,11.0,77.8450924412556,1
1,0,40,4,3,1012,335.0,335.0,0.7,22.7,84.0,0.0,4.0,77.8450924412556,1
1,1,20,4,5,1012,335.0,335.0,0.7,22.7,84.0,0.0,4.0,77.8450924412556,1
1,4,40,4,15,1011,222.0,222.0,1.7,26.4,68.0,0.0,4.0,79.6929279311828,1
8,5,0,4,16,1011,222.0,222.0,1.7,26.4,68.0,0.0,1.0,79.6929279311828,1
17,5,20,4,17,1011,222.0,222.0,1.7,26.4,68.0,0.0,8.0,79.6929279311828,1
26,5,40,4,18,1011,222.0,222.0,1.7,26.4,68.0,0.0,17.0,79.6929279311828,1
31,6,0,4,19,1008,90.0,90.0,2.5,29.5,53.0,0.0,26.0,80.84435567741937,1
32,6,20,4,20,1008,90.0,90.0,2.5,29.5,53.0,0.0,31.0,80.84435567741937,1
54,6,40,4,21,1008,90.0,90.0,2.5,29.5,53.0,0.0,32.0,80.84435567741937,1
82,7,0,4,22,1008,90.0,90.0,2.5,29.5,53.0,0.0,54.0,80.84435567741937,1
91,7,20,4,23,1008,90.0,90.0,2.5,29.5,53.0,0.0,82.0,80.84435567741937,1
103,7,40,4,24,1008,90.0,90.0,2.5,29.5,53.0,0.0,91.0,80.84435567741937,1
112,8,0,4,25,1008,90.0,90.0,2.5,29.5,53.0,0.0,103.0,80.84435567741937,1
106,8,20,4,26,1008,90.0,90.0,2.5,29.5,53.0,0.0,112.0,80.84435567741937,1
118,8,40,4,27,1008,90.0,90.0,2.5,29.5,53.0,0.0,106.0,80.84435567741937,1
92,9,0,4,28,1008,96.0,96.0,4.5,27.2,61.0,0.0,118.0,71.2951962786517,1
93,9,20,4,29,1008,96.0,96.0,4.5,27.2,61.0,0.0,92.0,71.2951962786517,1
76,9,40,4,30,1008,96.0,96.0,4.5,27.2,61.0,0.0,93.0,71.2951962786517,1
75,10,0,4,31,1008,96.0,96.0,4.5,27.2,61.0,0.0,76.0,71.2951962786517,1
80,10,20,4,32,1008,96.0,96.0,4.5,27.2,61.0,0.0,75.0,71.2951962786517,1
72,10,40,4,33,1008,96.0,96.0,4.5,27.2,61.0,0.0,80.0,71.2951962786517,1
52,11,0,4,34,1008,96.0,96.0,4.5,27.2,61.0,0.0,72.0,71.2951962786517,1
57,11,20,4,35,1008,96.0,96.0,4.5,27.2,61.0,0.0,52.0,71.2951962786517,1
53,11,40,4,36,1008,96.0,96.0,4.5,27.2,61.0,0.0,57.0,71.2951962786517,1
78,12,0,4,37,1010,80.0,80.0,2.5,24.3,77.0,0.0,53.0,74.30557092367151,1
77,12,20,4,38,1010,80.0,80.0,2.5,24.3,77.0,0.0,78.0,74.30557092367151,1
84,12,40,4,39,1010,80.0,80.0,2.5,24.3,77.0,0.0,77.0,74.30557092367151,1
78,13,0,4,40,1010,80.0,80.0,2.5,24.3,77.0,0.0,84.0,74.30557092367151,1
67,13,20,4,41,1010,80.0,80.0,2.5,24.3,77.0,0.0,78.0,74.30557092367151,1
83,13,40,4,42,1010,80.0,80.0,2.5,24.3,77.0,0.0,67.0,74.30557092367151,1
65,14,0,4,43,1010,80.0,80.0,2.5,24.3,77.0,0.0,83.0,74.30557092367151,1
81,14,20,4,44,1010,80.0,80.0,2.5,24.3,77.0,0.0,65.0,74.30557092367151,1
93,14,40,4,45,1010,80.0,80.0,2.5,24.3,77.0,0.0,81.0,74.30557092367151,1
98,15,0,4,46,1010,82.0,82.0,2.0,23.4,79.0,0.0,93.0,74.43045745185185,1
93,15,20,4,47,1010,82.0,82.0,2.0,23.4,79.0,0.0,98.0,74.43045745185185,1
82,15,40,4,48,1010,82.0,82.0,2.0,23.4,79.0,0.0,93.0,74.43045745185185,1
77,16,0,4,49,1010,82.0,82.0,2.0,23.4,79.0,0.0,82.0,74.43045745185185,1
100,16,20,4,50,1010,82.0,82.0,2.0,23.4,79.0,0.0,77.0,74.43045745185185,1
110,16,40,4,51,1010,82.0,82.0,2.0,23.4,79.0,0.0,100.0,74.43045745185185,1
95,17,0,4,52,1010,82.0,82.0,2.0,23.4,79.0,0.0,110.0,74.43045745185185,1
92,17,20,4,53,1010,82.0,82.0,2.0,23.4,79.0,0.0,95.0,74.43045745185185,1
95,17,40,4,54,1010,82.0,82.0,2.0,23.4,79.0,0.0,92.0,74.43045745185185,1
80,18,0,4,55,1009,317.0,317.0,1.8,21.4,88.0,0.0,95.0,72.27281865762713,1
71,18,20,4,56,1009,317.0,317.0,1.8,21.4,88.0,0.0,80.0,72.27281865762713,1
80,18,40,4,57,1009,317.0,317.0,1.8,21.4,88.0,0.0,71.0,72.27281865762713,1
63,19,0,4,58,1009,317.0,317.0,1.8,21.4,88.0,0.0,80.0,72.27281865762713,1
57,19,20,4,59,1009,317.0,317.0,1.8,21.4,88.0,0.0,63.0,72.27281865762713,1
62,19,40,4,60,1009,317.0,317.0,1.8,21.4,88.0,0.0,57.0,72.27281865762713,1
40,20,0,4,61,1009,317.0,317.0,1.8,21.4,88.0,0.0,62.0,72.27281865762713,1
31,20,20,4,62,1009,317.0,317.0,1.8,21.4,88.0,0.0,40.0,72.27281865762713,1
40,20,40,4,63,1009,317.0,317.0,1.8,21.4,88.0,0.0,31.0,72.27281865762713,1
25,21,0,4,64,1009,319.0,319.0,1.7,20.7,93.0,0.0,40.0,71.79121102386831,1
25,21,20,4,65,1009,319.0,319.0,1.7,20.7,93.0,0.0,25.0,71.79121102386831,1
27,21,40,4,66,1009,319.0,319.0,1.7,20.7,93.0,0.0,25.0,71.79121102386831,1
19,22,0,4,67,1009,319.0,319.0,1.7,20.7,93.0,0.0,27.0,71.79121102386831,1
30,22,20,4,68,1009,319.0,319.0,1.7,20.7,93.0,0.0,19.0,71.79121102386831,1
30,22,40,4,69,1009,319.0,319.0,1.7,20.7,93.0,0.0,30.0,71.79121102386831,1
11,23,0,4,70,1009,319.0,319.0,1.7,20.7,93.0,0.0,30.0,71.79121102386831,1
11,23,20,4,71,1009,319.0,319.0,1.7,20.7,93.0,0.0,11.0,71.79121102386831,1
9,23,40,4,72,1009,319.0,319.0,1.7,20.7,93.0,0.0,11.0,71.79121102386831,1
2,0,0,5,1,1010,301.0,301.0,1.0,22.7,87.0,0.0,9.0,77.2417840412556,2
1,0,20,5,2,1010,301.0,301.0,1.0,22.7,87.0,0.0,2.0,77.2417840412556,2
3,0,40,5,3,1010,301.0,301.0,1.0,22.7,87.0,0.0,1.0,77.2417840412556,2
1,1,0,5,4,1010,301.0,301.0,1.0,22.7,87.0,0.0,3.0,77.2417840412556,2
2,1,40,5,6,1010,301.0,301.0,1.0,22.7,87.0,0.0,3.0,77.2417840412556,2
1,4,40,5,15,1009,193.0,193.0,1.3,27.8,64.0,0.0,3.0,83.06597715348839,2
14,5,0,5,16,1009,193.0,193.0,1.3,27.8,64.0,0.0,1.0,83.06597715348839,2
17,5,20,5,17,1009,193.0,193.0,1.3,27.8,64.0,0.0,14.0,83.06597715348839,2
16,5,40,5,18,1009,193.0,193.0,1.3,27.8,64.0,0.0,17.0,83.06597715348839,2
30,6,0,5,19,1007,54.0,54.0,3.8,29.6,55.0,0.0,16.0,77.15702784415585,2
31,6,20,5,20,1007,54.0,54.0,3.8,29.6,55.0,0.0,30.0,77.15702784415585,2
45,6,40,5,21,1007,54.0,54.0,3.8,29.6,55.0,0.0,31.0,77.15702784415585,2
46,7,0,5,22,1007,54.0,54.0,3.8,29.6,55.0,0.0,45.0,77.15702784415585,2
64,7,20,5,23,1007,54.0,54.0,3.8,29.6,55.0,0.0,46.0,77.15702784415585,2
82,7,40,5,24,1007,54.0,54.0,3.8,29.6,55.0,0.0,64.0,77.15702784415585,2
74,8,0,5,25,1007,54.0,54.0,3.8,29.6,55.0,0.0,82.0,77.15702784415585,2
86,8,20,5,26,1007,54.0,54.0,3.8,29.6,55.0,0.0,74.0,77.15702784415585,2
91,8,40,5,27,1007,54.0,54.0,3.8,29.6,55.0,0.0,86.0,77.15702784415585,2
94,9,0,5,28,1006,78.0,78.0,5.2,27.8,64.0,0.0,91.0,70.58597715348839,2
96,9,20,5,29,1006,78.0,78.0,5.2,27.8,64.0,0.0,94.0,70.58597715348839,2
100,9,40,5,30,1006,78.0,78.0,5.2,27.8,64.0,0.0,96.0,70.58597715348839,2
107,10,0,5,31,1006,78.0,78.0,5.2,27.8,64.0,0.0,100.0,70.58597715348839,2
85,10,20,5,32,1006,78.0,78.0,5.2,27.8,64.0,0.0,107.0,70.58597715348839,2
77,10,40,5,33,1006,78.0,78.0,5.2,27.8,64.0,0.0,85.0,70.58597715348839,2
89,11,0,5,34,1006,78.0,78.0,5.2,27.8,64.0,0.0,77.0,70.58597715348839,2
61,11,20,5,35,1006,78.0,78.0,5.2,27.8,64.0,0.0,89.0,70.58597715348839,2
61,11,40,5,36,1006,78.0,78.0,5.2,27.8,64.0,0.0,61.0,70.58597715348839,2
64,12,0,5,37,1008,60.0,60.0,2.5,24.4,78.0,0.0,61.0,74.62167916116505,2
76,12,20,5,38,1008,60.0,60.0,2.5,24.4,78.0,0.0,64.0,74.62167916116505,2
70,12,40,5,39,1008,60.0,60.0,2.5,24.4,78.0,0.0,76.0,74.62167916116505,2
67,13,0,5,40,1008,60.0,60.0,2.5,24.4,78.0,0.0,70.0,74.62167916116505,2
79,13,20,5,41,1008,60.0,60.0,2.5,24.4,78.0,0.0,67.0,74.62167916116505,2
83,13,40,5,42,1008,60.0,60.0,2.5,24.4,78.0,0.0,79.0,74.62167916116505,2
74,14,0,5,43,1008,60.0,60.0,2.5,24.4,78.0,0.0,83.0,74.62167916116505,2
87,14,20,5,44,1008,60.0,60.0,2.5,24.4,78.0,0.0,74.0,74.62167916116505,2
97,14,40,5,45,1008,60.0,60.0,2.5,24.4,78.0,0.0,87.0,74.62167916116505,2
80,15,0,5,46,1008,73.0,73.0,1.5,23.7,82.0,0.0,97.0,76.97265903849765,2
89,15,20,5,47,1008,73.0,73.0,1.5,23.7,82.0,0.0,80.0,76.97265903849765,2
94,15,40,5,48,1008,73.0,73.0,1.5,23.7,82.0,0.0,89.0,76.97265903849765,2
87,16,0,5,49,1008,73.0,73.0,1.5,23.7,82.0,0.0,94.0,76.97265903849765,2
83,16,20,5,50,1008,73.0,73.0,1.5,23.7,82.0,0.0,87.0,76.97265903849765,2
89,16,40,5,51,1008,73.0,73.0,1.5,23.7,82.0,0.0,83.0,76.97265903849765,2
71,17,0,5,52,1008,73.0,73.0,1.5,23.7,82.0,0.0,89.0,76.97265903849765,2
89,17,20,5,53,1008,73.0,73.0,1.5,23.7,82.0,0.0,71.0,76.97265903849765,2
85,17,40,5,54,1008,73.0,73.0,1.5,23.7,82.0,0.0,89.0,76.97265903849765,2
34,18,0,5,55,1007,325.0,325.0,1.4,21.9,91.0,0.0,85.0,74.87261096277057,2
1,18,40,5,57,1007,325.0,325.0,1.4,21.9,91.0,0.0,85.0,74.87261096277057,2
9,19,20,5,59,1007,325.0,325.0,1.4,21.9,91.0,0.0,85.0,74.87261096277057,2
34,19,40,5,60,1007,325.0,325.0,1.4,21.9,91.0,0.0,9.0,74.87261096277057,2
39,20,0,5,61,1007,325.0,325.0,1.4,21.9,91.0,0.0,34.0,74.87261096277057,2
35,20,20,5,62,1007,325.0,325.0,1.4,21.9,91.0,0.0,39.0,74.87261096277057,2
35,20,40,5,63,1007,325.0,325.0,1.4,21.9,91.0,0.0,35.0,74.87261096277057,2
27,21,0,5,64,1008,324.0,324.0,1.1,21.2,93.0,0.0,35.0,74.69144408739496,2
28,21,20,5,65,1008,324.0,324.0,1.1,21.2,93.0,0.0,27.0,74.69144408739496,2
17,21,40,5,66,1008,324.0,324.0,1.1,21.2,93.0,0.0,28.0,74.69144408739496,2
19,22,0,5,67,1008,324.0,324.0,1.1,21.2,93.0,0.0,17.0,74.69144408739496,2
20,22,20,5,68,1008,324.0,324.0,1.1,21.2,93.0,0.0,19.0,74.69144408739496,2
16,22,40,5,69,1008,324.0,324.0,1.1,21.2,93.0,0.0,20.0,74.69144408739496,2
10,23,0,5,70,1008,324.0,324.0,1.1,21.2,93.0,0.0,16.0,74.69144408739496,2
16,23,20,5,71,1008,324.0,324.0,1.1,21.2,93.0,0.0,10.0,74.69144408739496,2
7,23,40,5,72,1008,324.0,324.0,1.1,21.2,93.0,0.0,16.0,74.69144408739496,2
3,0,0,6,1,1009,195.0,195.0,1.1,23.4,87.0,0.0,7.0,78.28199665185187,2
1,0,40,6,3,1009,195.0,195.0,1.1,23.4,87.0,0.0,7.0,78.28199665185187,2
3,1,20,6,5,1009,195.0,195.0,1.1,23.4,87.0,0.0,7.0,78.28199665185187,2
2,1,40,6,6,1009,195.0,195.0,1.1,23.4,87.0,0.0,3.0,78.28199665185187,2
9,5,0,6,16,1009,102.0,102.0,2.4,28.5,65.0,0.0,3.0,81.00080878787877,2
15,5,20,6,17,1009,102.0,102.0,2.4,28.5,65.0,0.0,9.0,81.00080878787877,2
16,5,40,6,18,1009,102.0,102.0,2.4,28.5,65.0,0.0,15.0,81.00080878787877,2
22,6,0,6,19,1006,85.0,85.0,2.9,29.9,58.0,0.0,16.0,81.02897435231787,2
23,6,20,6,20,1006,85.0,85.0,2.9,29.9,58.0,0.0,22.0,81.02897435231787,2
29,6,40,6,21,1006,85.0,85.0,2.9,29.9,58.0,0.0,23.0,81.02897435231787,2
30,7,0,6,22,1006,85.0,85.0,2.9,29.9,58.0,0.0,29.0,81.02897435231787,2
45,7,20,6,23,1006,85.0,85.0,2.9,29.9,58.0,0.0,30.0,81.02897435231787,2
62,7,40,6,24,1006,85.0,85.0,2.9,29.9,58.0,0.0,45.0,81.02897435231787,2
70,8,0,6,25,1006,85.0,85.0,2.9,29.9,58.0,0.0,62.0,81.02897435231787,2
75,8,20,6,26,1006,85.0,85.0,2.9,29.9,58.0,0.0,70.0,81.02897435231787,2
90,8,40,6,27,1006,85.0,85.0,2.9,29.9,58.0,0.0,75.0,81.02897435231787,2
64,9,0,6,28,1007,57.0,57.0,2.8,28.9,57.0,0.0,90.0,79.34333221614908,2
104,9,20,6,29,1007,57.0,57.0,2.8,28.9,57.0,0.0,64.0,79.34333221614908,2
93,9,40,6,30,1007,57.0,57.0,2.8,28.9,57.0,0.0,104.0,79.34333221614908,2
106,10,0,6,31,1007,57.0,57.0,2.8,28.9,57.0,0.0,93.0,79.34333221614908,2
99,10,20,6,32,1007,57.0,57.0,2.8,28.9,57.0,0.0,106.0,79.34333221614908,2
73,10,40,6,33,1007,57.0,57.0,2.8,28.9,57.0,0.0,99.0,79.34333221614908,2
81,11,0,6,34,1007,57.0,57.0,2.8,28.9,57.0,0.0,73.0,79.34333221614908,2
85,11,20,6,35,1007,57.0,57.0,2.8,28.9,57.0,0.0,81.0,79.34333221614908,2
63,11,40,6,36,1007,57.0,57.0,2.8,28.9,57.0,0.0,85.0,79.34333221614908,2
72,12,0,6,37,1008,83.0,83.0,2.9,25.2,76.0,0.0,63.0,74.61796085656566,2
65,12,20,6,38,1008,83.0,83.0,2.9,25.2,76.0,0.0,72.0,74.61796085656566,2
66,12,40,6,39,1008,83.0,83.0,2.9,25.2,76.0,0.0,65.0,74.61796085656566,2
64,13,0,6,40,1008,83.0,83.0,2.9,25.2,76.0,0.0,66.0,74.61796085656566,2
91,13,20,6,41,1008,83.0,83.0,2.9,25.2,76.0,0.0,64.0,74.61796085656566,2
83,13,40,6,42,1008,83.0,83.0,2.9,25.2,76.0,0.0,91.0,74.61796085656566,2
69,14,0,6,43,1008,83.0,83.0,2.9,25.2,76.0,0.0,83.0,74.61796085656566,2
84,14,20,6,44,1008,83.0,83.0,2.9,25.2,76.0,0.0,69.0,74.61796085656566,2
94,14,40,6,45,1008,83.0,83.0,2.9,25.2,76.0,0.0,84.0,74.61796085656566,2
94,15,0,6,46,1008,53.0,53.0,1.4,24.4,85.0,0.0,94.0,79.01722796116505,2
103,15,20,6,47,1008,53.0,53.0,1.4,24.4,85.0,0.0,94.0,79.01722796116505,2
75,15,40,6,48,1008,53.0,53.0,1.4,24.4,85.0,0.0,103.0,79.01722796116505,2
76,16,0,6,49,1008,53.0,53.0,1.4,24.4,85.0,0.0,75.0,79.01722796116505,2
92,16,20,6,50,1008,53.0,53.0,1.4,24.4,85.0,0.0,76.0,79.01722796116505,2
74,16,40,6,51,1008,53.0,53.0,1.4,24.4,85.0,0.0,92.0,79.01722796116505,2
84,17,0,6,52,1008,53.0,53.0,1.4,24.4,85.0,0.0,74.0,79.01722796116505,2
77,17,20,6,53,1008,53.0,53.0,1.4,24.4,85.0,0.0,84.0,79.01722796116505,2
56,17,40,6,54,1008,53.0,53.0,1.4,24.4,85.0,0.0,77.0,79.01722796116505,2
71,18,0,6,55,1007,11.0,11.0,0.9,22.8,87.0,0.0,56.0,77.75602718558558,2
66,18,20,6,56,1007,11.0,11.0,0.9,22.8,87.0,0.0,71.0,77.75602718558558,2
41,18,40,6,57,1007,11.0,11.0,0.9,22.8,87.0,0.0,66.0,77.75602718558558,2
43,19,0,6,58,1007,11.0,11.0,0.9,22.8,87.0,0.0,41.0,77.75602718558558,2
44,19,20,6,59,1007,11.0,11.0,0.9,22.8,87.0,0.0,43.0,77.75602718558558,2
39,19,40,6,60,1007,11.0,11.0,0.9,22.8,87.0,0.0,44.0,77.75602718558558,2
36,20,0,6,61,1007,11.0,11.0,0.9,22.8,87.0,0.0,39.0,77.75602718558558,2
31,20,20,6,62,1007,11.0,11.0,0.9,22.8,87.0,0.0,36.0,77.75602718558558,2
31,20,40,6,63,1007,11.0,11.0,0.9,22.8,87.0,0.0,31.0,77.75602718558558,2
29,21,0,6,64,1007,358.0,358.0,0.5,21.8,93.0,0.0,31.0,77.78836322758622,2
31,21,20,6,65,1007,358.0,358.0,0.5,21.8,93.0,0.0,29.0,77.78836322758622,2
21,21,40,6,66,1007,358.0,358.0,0.5,21.8,93.0,0.0,31.0,77.78836322758622,2
18,22,0,6,67,1007,358.0,358.0,0.5,21.8,93.0,0.0,21.0,77.78836322758622,2
18,22,20,6,68,1007,358.0,358.0,0.5,21.8,93.0,0.0,18.0,77.78836322758622,2
19,22,40,6,69,1007,358.0,358.0,0.5,21.8,93.0,0.0,18.0,77.78836322758622,2
19,23,0,6,70,1007,358.0,358.0,0.5,21.8,93.0,0.0,19.0,77.78836322758622,2
18,23,20,6,71,1007,358.0,358.0,0.5,21.8,93.0,0.0,19.0,77.78836322758622,2
12,23,40,6,72,1007,358.0,358.0,0.5,21.8,93.0,0.0,18.0,77.78836322758622,2
1,0,20,0,2,1008,307.0,307.0,1.3,24.1,83.0,0.0,18.0,78.507524369378,1
2,1,20,0,5,1008,307.0,307.0,1.3,24.1,83.0,0.0,18.0,78.507524369378,1
11,5,0,0,16,1008,174.0,174.0,1.6,28.5,57.0,0.0,18.0,82.44092078787878,1
13,5,20,0,17,1008,174.0,174.0,1.6,28.5,57.0,0.0,11.0,82.44092078787878,1
27,5,40,0,18,1008,174.0,174.0,1.6,28.5,57.0,0.0,13.0,82.44092078787878,1
25,6,0,0,19,1005,37.0,37.0,4.1,30.3,56.0,0.0,27.0,77.64363054149659,1
40,6,20,0,20,1005,37.0,37.0,4.1,30.3,56.0,0.0,25.0,77.64363054149659,1
73,6,40,0,21,1005,37.0,37.0,4.1,30.3,56.0,0.0,40.0,77.64363054149659,1
88,7,0,0,22,1005,37.0,37.0,4.1,30.3,56.0,0.0,73.0,77.64363054149659,1
114,7,20,0,23,1005,37.0,37.0,4.1,30.3,56.0,0.0,88.0,77.64363054149659,1
126,7,40,0,24,1005,37.0,37.0,4.1,30.3,56.0,0.0,114.0,77.64363054149659,1
117,8,0,0,25,1005,37.0,37.0,4.1,30.3,56.0,0.0,126.0,77.64363054149659,1
130,8,20,0,26,1005,37.0,37.0,4.1,30.3,56.0,0.0,117.0,77.64363054149659,1
121,8,40,0,27,1005,37.0,37.0,4.1,30.3,56.0,0.0,130.0,77.64363054149659,1
126,9,0,0,28,1006,81.0,81.0,2.6,28.9,66.0,0.0,121.0,81.25629581614908,1
120,9,20,0,29,1006,81.0,81.0,2.6,28.9,66.0,0.0,126.0,81.25629581614908,1
81,9,40,0,30,1006,81.0,81.0,2.6,28.9,66.0,0.0,120.0,81.25629581614908,1
78,10,0,0,31,1006,81.0,81.0,2.6,28.9,66.0,0.0,81.0,81.25629581614908,1
57,10,20,0,32,1006,81.0,81.0,2.6,28.9,66.0,0.0,78.0,81.25629581614908,1
58,10,40,0,33,1006,81.0,81.0,2.6,28.9,66.0,0.0,57.0,81.25629581614908,1
65,11,0,0,34,1006,81.0,81.0,2.6,28.9,66.0,0.0,58.0,81.25629581614908,1
47,11,20,0,35,1006,81.0,81.0,2.6,28.9,66.0,0.0,65.0,81.25629581614908,1
62,11,40,0,36,1006,81.0,81.0,2.6,28.9,66.0,0.0,47.0,81.25629581614908,1
63,12,0,0,37,1007,96.0,96.0,3.5,26.4,78.0,0.0,62.0,75.25643193118279,1
71,12,20,0,38,1007,96.0,96.0,3.5,26.4,78.0,0.0,63.0,75.25643193118279,1
72,12,40,0,39,1007,96.0,96.0,3.5,26.4,78.0,0.0,71.0,75.25643193118279,1
61,13,0,0,40,1007,96.0,96.0,3.5,26.4,78.0,0.0,72.0,75.25643193118279,1
51,13,20,0,41,1007,96.0,96.0,3.5,26.4,78.0,0.0,61.0,75.25643193118279,1
64,13,40,0,42,1007,96.0,96.0,3.5,26.4,78.0,0.0,51.0,75.25643193118279,1
52,14,0,0,43,1007,96.0,96.0,3.5,26.4,78.0,0.0,64.0,75.25643193118279,1
90,14,20,0,44,1007,96.0,96.0,3.5,26.4,78.0,0.0,52.0,75.25643193118279,1
77,14,40,0,45,1007,96.0,96.0,3.5,26.4,78.0,0.0,90.0,75.25643193118279,1
76,15,0,0,46,1007,315.0,315.0,0.8,25.4,86.0,0.0,77.0,83.00703970612247,1
71,15,20,0,47,1007,315.0,315.0,0.8,25.4,86.0,0.0,76.0,83.00703970612247,1
72,15,40,0,48,1007,315.0,315.0,0.8,25.4,86.0,0.0,71.0,83.00703970612247,1
64,16,0,0,49,1007,315.0,315.0,0.8,25.4,86.0,0.0,72.0,83.00703970612247,1
75,16,20,0,50,1007,315.0,315.0,0.8,25.4,86.0,0.0,64.0,83.00703970612247,1
73,16,40,0,51,1007,315.0,315.0,0.8,25.4,86.0,0.0,75.0,83.00703970612247,1
71,17,0,0,52,1007,315.0,315.0,0.8,25.4,86.0,0.0,73.0,83.00703970612247,1
67,17,20,0,53,1007,315.0,315.0,0.8,25.4,86.0,0.0,71.0,83.00703970612247,1
63,17,40,0,54,1007,315.0,315.0,0.8,25.4,86.0,0.0,67.0,83.00703970612247,1
63,18,0,0,55,1006,46.0,46.0,1.3,24.7,92.0,0.0,63.0,80.80240848866997,1
52,18,20,0,56,1006,46.0,46.0,1.3,24.7,92.0,0.0,63.0,80.80240848866997,1
48,18,40,0,57,1006,46.0,46.0,1.3,24.7,92.0,0.0,52.0,80.80240848866997,1
35,19,0,0,58,1006,46.0,46.0,1.3,24.7,92.0,0.0,48.0,80.80240848866997,1
37,19,20,0,59,1006,46.0,46.0,1.3,24.7,92.0,0.0,35.0,80.80240848866997,1
32,19,40,0,60,1006,46.0,46.0,1.3,24.7,92.0,0.0,37.0,80.80240848866997,1
35,20,0,0,61,1006,46.0,46.0,1.3,24.7,92.0,0.0,32.0,80.80240848866997,1
35,20,20,0,62,1006,46.0,46.0,1.3,24.7,92.0,0.0,35.0,80.80240848866997,1
44,20,40,0,63,1006,46.0,46.0,1.3,24.7,92.0,0.0,35.0,80.80240848866997,1
28,21,0,0,64,1006,87.0,87.0,1.5,24.9,90.0,0.0,44.0,80.30185816915423,1
26,21,20,0,65,1006,87.0,87.0,1.5,24.9,90.0,0.0,28.0,80.30185816915423,1
23,21,40,0,66,1006,87.0,87.0,1.5,24.9,90.0,0.0,26.0,80.30185816915423,1
27,22,0,0,67,1006,87.0,87.0,1.5,24.9,90.0,0.0,23.0,80.30185816915423,1
18,22,20,0,68,1006,87.0,87.0,1.5,24.9,90.0,0.0,27.0,80.30185816915423,1
17,22,40,0,69,1006,87.0,87.0,1.5,24.9,90.0,0.0,18.0,80.30185816915423,1
11,23,0,0,70,1006,87.0,87.0,1.5,24.9,90.0,0.0,17.0,80.30185816915423,1
1,23,20,0,71,1006,87.0,87.0,1.5,24.9,90.0,0.0,11.0,80.30185816915423,1
12,23,40,0,72,1006,87.0,87.0,1.5,24.9,90.0,0.0,1.0,80.30185816915423,1
1,0,0,1,1,1007,79.0,79.0,2.1,26.2,86.0,0.0,12.0,80.40529256170213,1
1,0,20,1,2,1007,79.0,79.0,2.1,26.2,86.0,0.0,1.0,80.40529256170213,1
1,0,40,1,3,1007,79.0,79.0,2.1,26.2,86.0,0.0,1.0,80.40529256170213,1
1,1,0,1,4,1007,79.0,79.0,2.1,26.2,86.0,0.0,1.0,80.40529256170213,1
1,1,20,1,5,1007,79.0,79.0,2.1,26.2,86.0,0.0,1.0,80.40529256170213,1
3,1,40,1,6,1007,79.0,79.0,2.1,26.2,86.0,0.0,1.0,80.40529256170213,1
18,5,0,1,16,1006,72.0,72.0,3.0,28.5,77.0,0.0,1.0,80.76064078787876,1
17,5,20,1,17,1006,72.0,72.0,3.0,28.5,77.0,0.0,18.0,80.76064078787876,1
19,5,40,1,18,1006,72.0,72.0,3.0,28.5,77.0,0.0,17.0,80.76064078787876,1
28,6,0,1,19,1004,96.0,96.0,3.6,31.1,63.0,0.0,19.0,81.78337059856115,1
31,6,20,1,20,1004,96.0,96.0,3.6,31.1,63.0,0.0,28.0,81.78337059856115,1
43,6,40,1,21,1004,96.0,96.0,3.6,31.1,63.0,0.0,31.0,81.78337059856115,1
51,7,0,1,22,1004,96.0,96.0,3.6,31.1,63.0,0.0,43.0,81.78337059856115,1
89,7,20,1,23,1004,96.0,96.0,3.6,31.1,63.0,0.0,51.0,81.78337059856115,1
104,7,40,1,24,1004,96.0,96.0,3.6,31.1,63.0,0.0,89.0,81.78337059856115,1
128,8,0,1,25,1004,96.0,96.0,3.6,31.1,63.0,0.0,104.0,81.78337059856115,1
117,8,20,1,26,1004,96.0,96.0,3.6,31.1,63.0,0.0,128.0,81.78337059856115,1
131,8,40,1,27,1004,96.0,96.0,3.6,31.1,63.0,0.0,117.0,81.78337059856115,1
111,9,0,1,28,1005,104.0,104.0,4.2,28.7,72.0,0.0,131.0,76.60270441226993,1
90,9,20,1,29,1005,104.0,104.0,4.2,28.7,72.0,0.0,111.0,76.60270441226993,1
94,9,40,1,30,1005,104.0,104.0,4.2,28.7,72.0,0.0,90.0,76.60270441226993,1
96,10,0,1,31,1005,104.0,104.0,4.2,28.7,72.0,0.0,94.0,76.60270441226993,1
66,10,20,1,32,1005,104.0,104.0,4.2,28.7,72.0,0.0,96.0,76.60270441226993,1
56,10,40,1,33,1005,104.0,104.0,4.2,28.7,72.0,0.0,66.0,76.60270441226993,1
50,11,0,1,34,1005,104.0,104.0,4.2,28.7,72.0,0.0,56.0,76.60270441226993,1
53,11,20,1,35,1005,104.0,104.0,4.2,28.7,72.0,0.0,50.0,76.60270441226993,1
65,11,40,1,36,1005,104.0,104.0,4.2,28.7,72.0,0.0,53.0,76.60270441226993,1
49,12,0,1,37,1006,40.0,40.0,3.4,27.4,85.0,0.0,65.0,78.45149636363634,1
62,12,20,1,38,1006,40.0,40.0,3.4,27.4,85.0,0.0,49.0,78.45149636363634,1
66,12,40,1,39,1006,40.0,40.0,3.4,27.4,85.0,0.0,62.0,78.45149636363634,1
68,13,0,1,40,1006,40.0,40.0,3.4,27.4,85.0,0.0,66.0,78.45149636363634,1
82,13,20,1,41,1006,40.0,40.0,3.4,27.4,85.0,0.0,68.0,78.45149636363634,1
32,13,40,1,42,1006,40.0,40.0,3.4,27.4,85.0,0.0,82.0,78.45149636363634,1
51,14,0,1,43,1006,40.0,40.0,3.4,27.4,85.0,0.0,32.0,78.45149636363634,1
55,14,20,1,44,1006,40.0,40.0,3.4,27.4,85.0,0.0,51.0,78.45149636363634,1
66,14,40,1,45,1006,40.0,40.0,3.4,27.4,85.0,0.0,55.0,78.45149636363634,1
68,15,0,1,46,1005,70.0,70.0,3.1,27.1,87.0,0.0,66.0,79.09623818324023,1
84,15,20,1,47,1005,70.0,70.0,3.1,27.1,87.0,0.0,68.0,79.09623818324023,1
71,15,40,1,48,1005,70.0,70.0,3.1,27.1,87.0,0.0,84.0,79.09623818324023,1
71,16,0,1,49,1005,70.0,70.0,3.1,27.1,87.0,0.0,71.0,79.09623818324023,1
67,16,20,1,50,1005,70.0,70.0,3.1,27.1,87.0,0.0,71.0,79.09623818324023,1
83,16,40,1,51,1005,70.0,70.0,3.1,27.1,87.0,0.0,67.0,79.09623818324023,1
93,17,0,1,52,1005,70.0,70.0,3.1,27.1,87.0,0.0,83.0,79.09623818324023,1
21,17,20,1,53,1005,70.0,70.0,3.1,27.1,87.0,0.0,93.0,79.09623818324023,1
59,17,40,1,54,1005,70.0,70.0,3.1,27.1,87.0,0.0,21.0,79.09623818324023,1
43,18,0,1,55,1004,56.0,56.0,1.7,26.2,95.0,1.2,59.0,82.86990136170213,1
64,18,20,1,56,1004,56.0,56.0,1.7,26.2,95.0,1.2,43.0,82.86990136170213,1
60,18,40,1,57,1004,56.0,56.0,1.7,26.2,95.0,1.2,64.0,82.86990136170213,1
24,19,0,1,58,1004,56.0,56.0,1.7,26.2,95.0,1.2,60.0,82.86990136170213,1
29,19,20,1,59,1004,56.0,56.0,1.7,26.2,95.0,1.2,24.0,82.86990136170213,1
8,19,40,1,60,1004,56.0,56.0,1.7,26.2,95.0,1.2,29.0,82.86990136170213,1
12,20,0,1,61,1004,56.0,56.0,1.7,26.2,95.0,1.2,8.0,82.86990136170213,1
6,20,20,1,62,1004,56.0,56.0,1.7,26.2,95.0,1.2,12.0,82.86990136170213,1
14,20,40,1,63,1004,56.0,56.0,1.7,26.2,95.0,1.2,6.0,82.86990136170213,1
12,21,0,1,64,1003,28.0,28.0,2.9,26.4,94.0,0.0,14.0,79.29403833118279,1
7,21,20,1,65,1003,28.0,28.0,2.9,26.4,94.0,0.0,12.0,79.29403833118279,1
11,21,40,1,66,1003,28.0,28.0,2.9,26.4,94.0,0.0,7.0,79.29403833118279,1
4,22,0,1,67,1003,28.0,28.0,2.9,26.4,94.0,0.0,11.0,79.29403833118279,1
6,22,20,1,68,1003,28.0,28.0,2.9,26.4,94.0,0.0,4.0,79.29403833118279,1
3,22,40,1,69,1003,28.0,28.0,2.9,26.4,94.0,0.0,6.0,79.29403833118279,1
8,23,0,1,70,1003,28.0,28.0,2.9,26.4,94.0,0.0,3.0,79.29403833118279,1
12,23,20,1,71,1003,28.0,28.0,2.9,26.4,94.0,0.0,8.0,79.29403833118279,1
4,0,0,2,1,1005,46.0,46.0,3.4,26.9,91.0,0.0,8.0,78.2816524441989,1
3,0,20,2,2,1005,46.0,46.0,3.4,26.9,91.0,0.0,4.0,78.2816524441989,1
1,0,40,2,3,1005,46.0,46.0,3.4,26.9,91.0,0.0,3.0,78.2816524441989,1
1,1,0,2,4,1005,46.0,46.0,3.4,26.9,91.0,0.0,1.0,78.2816524441989,1
2,1,20,2,5,1005,46.0,46.0,3.4,26.9,91.0,0.0,1.0,78.2816524441989,1
1,1,40,2,6,1005,46.0,46.0,3.4,26.9,91.0,0.0,2.0,78.2816524441989,1
3,5,0,2,16,1004,65.0,65.0,4.3,27.9,86.0,0.0,2.0,76.68534831812865,1
4,5,20,2,17,1004,65.0,65.0,4.3,27.9,86.0,0.0,3.0,76.68534831812865,1
8,5,40,2,18,1004,65.0,65.0,4.3,27.9,86.0,0.0,4.0,76.68534831812865,1
5,6,0,2,19,1003,92.0,92.0,7.5,26.2,94.0,5.5,8.0,64.17827816170212,1
13,6,20,2,20,1003,92.0,92.0,7.5,26.2,94.0,5.5,5.0,64.17827816170212,1
26,6,40,2,21,1003,92.0,92.0,7.5,26.2,94.0,5.5,13.0,64.17827816170212,1
34,7,0,2,22,1003,92.0,92.0,7.5,26.2,94.0,5.5,26.0,64.17827816170212,1
48,7,20,2,23,1003,92.0,92.0,7.5,26.2,94.0,5.5,34.0,64.17827816170212,1
34,7,40,2,24,1003,92.0,92.0,7.5,26.2,94.0,5.5,48.0,64.17827816170212,1
32,8,0,2,25,1003,92.0,92.0,7.5,26.2,94.0,5.5,34.0,64.17827816170212,1
41,8,20,2,26,1003,92.0,92.0,7.5,26.2,94.0,5.5,32.0,64.17827816170212,1
35,8,40,2,27,1003,92.0,92.0,7.5,26.2,94.0,5.5,41.0,64.17827816170212,1
35,9,0,2,28,1004,53.0,53.0,5.1,24.7,93.0,1.3,35.0,68.76857768866995,1
23,9,20,2,29,1004,53.0,53.0,5.1,24.7,93.0,1.3,35.0,68.76857768866995,1
21,9,40,2,30,1004,53.0,53.0,5.1,24.7,93.0,1.3,23.0,68.76857768866995,1
19,10,0,2,31,1004,53.0,53.0,5.1,24.7,93.0,1.3,21.0,68.76857768866995,1
12,10,20,2,32,1004,53.0,53.0,5.1,24.7,93.0,1.3,19.0,68.76857768866995,1
13,10,40,2,33,1004,53.0,53.0,5.1,24.7,93.0,1.3,12.0,68.76857768866995,1
16,11,0,2,34,1004,53.0,53.0,5.1,24.7,93.0,1.3,13.0,68.76857768866995,1
13,11,20,2,35,1004,53.0,53.0,5.1,24.7,93.0,1.3,16.0,68.76857768866995,1
9,11,40,2,36,1004,53.0,53.0,5.1,24.7,93.0,1.3,13.0,68.76857768866995,1
18,12,0,2,37,1006,57.0,57.0,3.9,23.1,94.0,3.0,9.0,69.58136170593608,1
10,12,20,2,38,1006,57.0,57.0,3.9,23.1,94.0,3.0,18.0,69.58136170593608,1
15,12,40,2,39,1006,57.0,57.0,3.9,23.1,94.0,3.0,10.0,69.58136170593608,1
18,13,0,2,40,1006,57.0,57.0,3.9,23.1,94.0,3.0,15.0,69.58136170593608,1
15,13,20,2,41,1006,57.0,57.0,3.9,23.1,94.0,3.0,18.0,69.58136170593608,1
15,13,40,2,42,1006,57.0,57.0,3.9,23.1,94.0,3.0,15.0,69.58136170593608,1
12,14,0,2,43,1006,57.0,57.0,3.9,23.1,94.0,3.0,15.0,69.58136170593608,1
16,14,20,2,44,1006,57.0,57.0,3.9,23.1,94.0,3.0,12.0,69.58136170593608,1
7,14,40,2,45,1006,57.0,57.0,3.9,23.1,94.0,3.0,16.0,69.58136170593608,1
11,15,0,2,46,1007,51.0,51.0,3.4,22.6,95.0,1.8,7.0,70.31583314285714,1
15,15,20,2,47,1007,51.0,51.0,3.4,22.6,95.0,1.8,11.0,70.31583314285714,1
10,15,40,2,48,1007,51.0,51.0,3.4,22.6,95.0,1.8,15.0,70.31583314285714,1
18,16,0,2,49,1007,51.0,51.0,3.4,22.6,95.0,1.8,10.0,70.31583314285714,1
29,16,20,2,50,1007,51.0,51.0,3.4,22.6,95.0,1.8,18.0,70.31583314285714,1
76,16,40,2,51,1007,51.0,51.0,3.4,22.6,95.0,1.8,29.0,70.31583314285714,1
56,17,0,2,52,1007,51.0,51.0,3.4,22.6,95.0,1.8,76.0,70.31583314285714,1
79,17,20,2,53,1007,51.0,51.0,3.4,22.6,95.0,1.8,56.0,70.31583314285714,1
69,17,40,2,54,1007,51.0,51.0,3.4,22.6,95.0,1.8,79.0,70.31583314285714,1
43,18,0,2,55,1006,38.0,38.0,5.5,22.0,94.0,1.2,69.0,62.29718539130435,1
54,18,20,2,56,1006,38.0,38.0,5.5,22.0,94.0,1.2,43.0,62.29718539130435,1
52,18,40,2,57,1006,38.0,38.0,5.5,22.0,94.0,1.2,54.0,62.29718539130435,1
42,19,0,2,58,1006,38.0,38.0,5.5,22.0,94.0,1.2,52.0,62.29718539130435,1
54,19,20,2,59,1006,38.0,38.0,5.5,22.0,94.0,1.2,42.0,62.29718539130435,1
48,19,40,2,60,1006,38.0,38.0,5.5,22.0,94.0,1.2,54.0,62.29718539130435,1
48,20,0,2,61,1006,38.0,38.0,5.5,22.0,94.0,1.2,48.0,62.29718539130435,1
42,20,20,2,62,1006,38.0,38.0,5.5,22.0,94.0,1.2,48.0,62.29718539130435,1
29,20,40,2,63,1006,38.0,38.0,5.5,22.0,94.0,1.2,42.0,62.29718539130435,1
31,21,0,2,64,1006,29.0,29.0,4.1,21.5,95.0,0.5,29.0,65.9088814893617,1
35,21,20,2,65,1006,29.0,29.0,4.1,21.5,95.0,0.5,31.0,65.9088814893617,1
19,21,40,2,66,1006,29.0,29.0,4.1,21.5,95.0,0.5,35.0,65.9088814893617,1
18,22,0,2,67,1006,29.0,29.0,4.1,21.5,95.0,0.5,19.0,65.9088814893617,1
12,22,20,2,68,1006,29.0,29.0,4.1,21.5,95.0,0.5,18.0,65.9088814893617,1
14,22,40,2,69,1006,29.0,29.0,4.1,21.5,95.0,0.5,12.0,65.9088814893617,1
6,23,0,2,70,1006,29.0,29.0,4.1,21.5,95.0,0.5,14.0,65.9088814893617,1
1,23,20,2,71,1006,29.0,29.0,4.1,21.5,95.0,0.5,6.0,65.9088814893617,1
2,23,40,2,72,1006,29.0,29.0,4.1,21.5,95.0,0.5,1.0,65.9088814893617,1
1,0,0,3,1,1008,345.0,345.0,2.3,21.5,97.0,3.1,2.0,71.89794948936171,1
4,0,20,3,2,1008,345.0,345.0,2.3,21.5,97.0,3.1,1.0,71.89794948936171,1
12,5,0,3,16,1008,359.0,359.0,5.1,21.6,96.0,0.4,1.0,63.020669155555574,1
9,5,20,3,17,1008,359.0,359.0,5.1,21.6,96.0,0.4,12.0,63.020669155555574,1
11,5,40,3,18,1008,359.0,359.0,5.1,21.6,96.0,0.4,9.0,63.020669155555574,1
15,6,0,3,19,1006,355.0,355.0,6.9,21.0,95.0,0.1,11.0,55.96472666666668,1
14,6,20,3,20,1006,355.0,355.0,6.9,21.0,95.0,0.1,15.0,55.96472666666668,1
32,6,40,3,21,1006,355.0,355.0,6.9,21.0,95.0,0.1,14.0,55.96472666666668,1
68,7,0,3,22,1006,355.0,355.0,6.9,21.0,95.0,0.1,32.0,55.96472666666668,1
72,7,20,3,23,1006,355.0,355.0,6.9,21.0,95.0,0.1,68.0,55.96472666666668,1
88,7,40,3,24,1006,355.0,355.0,6.9,21.0,95.0,0.1,72.0,55.96472666666668,1
105,8,0,3,25,1006,355.0,355.0,6.9,21.0,95.0,0.1,88.0,55.96472666666668,1
99,8,20,3,26,1006,355.0,355.0,6.9,21.0,95.0,0.1,105.0,55.96472666666668,1
114,8,40,3,27,1006,355.0,355.0,6.9,21.0,95.0,0.1,99.0,55.96472666666668,1
117,9,0,3,28,1006,356.0,356.0,4.0,20.6,96.0,1.4,114.0,64.5690044852459,1
102,9,20,3,29,1006,356.0,356.0,4.0,20.6,96.0,1.4,117.0,64.5690044852459,1
82,9,40,3,30,1006,356.0,356.0,4.0,20.6,96.0,1.4,102.0,64.5690044852459,1
82,10,0,3,31,1006,356.0,356.0,4.0,20.6,96.0,1.4,82.0,64.5690044852459,1
85,10,20,3,32,1006,356.0,356.0,4.0,20.6,96.0,1.4,82.0,64.5690044852459,1
80,10,40,3,33,1006,356.0,356.0,4.0,20.6,96.0,1.4,85.0,64.5690044852459,1
48,11,0,3,34,1006,356.0,356.0,4.0,20.6,96.0,1.4,80.0,64.5690044852459,1
45,11,20,3,35,1006,356.0,356.0,4.0,20.6,96.0,1.4,48.0,64.5690044852459,1
62,11,40,3,36,1006,356.0,356.0,4.0,20.6,96.0,1.4,45.0,64.5690044852459,1
69,12,0,3,37,1008,10.0,10.0,3.1,20.3,97.0,1.5,62.0,66.96803538947367,1
78,12,20,3,38,1008,10.0,10.0,3.1,20.3,97.0,1.5,69.0,66.96803538947367,1
75,12,40,3,39,1008,10.0,10.0,3.1,20.3,97.0,1.5,78.0,66.96803538947367,1
69,13,0,3,40,1008,10.0,10.0,3.1,20.3,97.0,1.5,75.0,66.96803538947367,1
66,13,20,3,41,1008,10.0,10.0,3.1,20.3,97.0,1.5,69.0,66.96803538947367,1
75,13,40,3,42,1008,10.0,10.0,3.1,20.3,97.0,1.5,66.0,66.96803538947367,1
66,14,0,3,43,1008,10.0,10.0,3.1,20.3,97.0,1.5,75.0,66.96803538947367,1
67,14,20,3,44,1008,10.0,10.0,3.1,20.3,97.0,1.5,66.0,66.96803538947367,1
64,14,40,3,45,1008,10.0,10.0,3.1,20.3,97.0,1.5,67.0,66.96803538947367,1
82,15,0,3,46,1008,342.0,342.0,2.6,19.9,97.0,0.3,64.0,67.7786350868526,1
78,15,20,3,47,1008,342.0,342.0,2.6,19.9,97.0,0.3,82.0,67.7786350868526,1
85,15,40,3,48,1008,342.0,342.0,2.6,19.9,97.0,0.3,78.0,67.7786350868526,1
71,16,0,3,49,1008,342.0,342.0,2.6,19.9,97.0,0.3,85.0,67.7786350868526,1
78,16,20,3,50,1008,342.0,342.0,2.6,19.9,97.0,0.3,71.0,67.7786350868526,1
86,16,40,3,51,1008,342.0,342.0,2.6,19.9,97.0,0.3,78.0,67.7786350868526,1
78,17,0,3,52,1008,342.0,342.0,2.6,19.9,97.0,0.3,86.0,67.7786350868526,1
70,17,20,3,53,1008,342.0,342.0,2.6,19.9,97.0,0.3,78.0,67.7786350868526,1
71,17,40,3,54,1008,342.0,342.0,2.6,19.9,97.0,0.3,70.0,67.7786350868526,1
70,18,0,3,55,1006,354.0,354.0,1.8,19.6,97.0,0.2,71.0,69.74675822362205,1
67,18,20,3,56,1006,354.0,354.0,1.8,19.6,97.0,0.2,70.0,69.74675822362205,1
58,18,40,3,57,1006,354.0,354.0,1.8,19.6,97.0,0.2,67.0,69.74675822362205,1
45,19,0,3,58,1006,354.0,354.0,1.8,19.6,97.0,0.2,58.0,69.74675822362205,1
44,19,20,3,59,1006,354.0,354.0,1.8,19.6,97.0,0.2,45.0,69.74675822362205,1
41,19,40,3,60,1006,354.0,354.0,1.8,19.6,97.0,0.2,44.0,69.74675822362205,1
25,20,0,3,61,1006,354.0,354.0,1.8,19.6,97.0,0.2,41.0,69.74675822362205,1
26,20,20,3,62,1006,354.0,354.0,1.8,19.6,97.0,0.2,25.0,69.74675822362205,1
40,20,40,3,63,1006,354.0,354.0,1.8,19.6,97.0,0.2,26.0,69.74675822362205,1
28,21,0,3,64,1006,354.0,354.0,1.8,19.6,97.0,0.2,40.0,69.74675822362205,1
43,21,20,3,65,1006,354.0,354.0,1.8,19.6,97.0,0.2,28.0,69.74675822362205,1
41,21,40,3,66,1006,354.0,354.0,1.8,19.6,97.0,0.2,43.0,69.74675822362205,1
26,22,0,3,67,1006,354.0,354.0,1.8,19.6,97.0,0.2,41.0,69.74675822362205,1
22,22,20,3,68,1006,354.0,354.0,1.8,19.6,97.0,0.2,26.0,69.74675822362205,1
12,22,40,3,69,1006,354.0,354.0,1.8,19.6,97.0,0.2,22.0,69.74675822362205,1
26,23,0,3,70,1006,354.0,354.0,1.8,19.6,97.0,0.2,12.0,69.74675822362205,1
21,23,20,3,71,1006,354.0,354.0,1.8,19.6,97.0,0.2,26.0,69.74675822362205,1
7,23,40,3,72,1006,354.0,354.0,1.8,19.6,97.0,0.2,21.0,69.74675822362205,1
7,0,0,4,1,1006,354.0,354.0,1.8,19.6,97.0,0.2,7.0,69.74675822362205,1
2,0,20,4,2,1006,354.0,354.0,1.8,19.6,97.0,0.2,7.0,69.74675822362205,1
2,0,40,4,3,1006,354.0,354.0,1.8,19.6,97.0,0.2,2.0,69.74675822362205,1
1,1,0,4,4,1006,354.0,354.0,1.8,19.6,97.0,0.2,2.0,69.74675822362205,1
2,1,20,4,5,1006,354.0,354.0,1.8,19.6,97.0,0.2,1.0,69.74675822362205,1
11,5,0,4,16,1007,323.0,323.0,2.3,22.4,86.0,0.0,1.0,72.38138763893805,1
19,5,20,4,17,1007,323.0,323.0,2.3,22.4,86.0,0.0,11.0,72.38138763893805,1
16,5,40,4,18,1007,323.0,323.0,2.3,22.4,86.0,0.0,19.0,72.38138763893805,1
35,6,0,4,19,1006,164.0,164.0,1.0,24.7,80.0,0.0,16.0,80.24837808866995,1
37,6,20,4,20,1006,164.0,164.0,1.0,24.7,80.0,0.0,35.0,80.24837808866995,1
52,6,40,4,21,1006,164.0,164.0,1.0,24.7,80.0,0.0,37.0,80.24837808866995,1
77,7,0,4,22,1006,164.0,164.0,1.0,24.7,80.0,0.0,52.0,80.24837808866995,1
86,7,20,4,23,1006,164.0,164.0,1.0,24.7,80.0,0.0,77.0,80.24837808866995,1
104,7,40,4,24,1006,164.0,164.0,1.0,24.7,80.0,0.0,86.0,80.24837808866995,1
114,8,0,4,25,1006,164.0,164.0,1.0,24.7,80.0,0.0,104.0,80.24837808866995,1
104,8,20,4,26,1006,164.0,164.0,1.0,24.7,80.0,0.0,114.0,80.24837808866995,1
107,8,40,4,27,1006,164.0,164.0,1.0,24.7,80.0,0.0,104.0,80.24837808866995,1
91,9,0,4,28,1006,16.0,16.0,3.5,24.1,81.0,0.0,107.0,71.219549169378,1
92,9,20,4,29,1006,16.0,16.0,3.5,24.1,81.0,0.0,91.0,71.219549169378,1
75,9,40,4,30,1006,16.0,16.0,3.5,24.1,81.0,0.0,92.0,71.219549169378,1
80,10,0,4,31,1006,16.0,16.0,3.5,24.1,81.0,0.0,75.0,71.219549169378,1
73,10,20,4,32,1006,16.0,16.0,3.5,24.1,81.0,0.0,80.0,71.219549169378,1
77,10,40,4,33,1006,16.0,16.0,3.5,24.1,81.0,0.0,73.0,71.219549169378,1
84,11,0,4,34,1006,16.0,16.0,3.5,24.1,81.0,0.0,77.0,71.219549169378,1
58,11,20,4,35,1006,16.0,16.0,3.5,24.1,81.0,0.0,84.0,71.219549169378,1
70,11,40,4,36,1006,16.0,16.0,3.5,24.1,81.0,0.0,58.0,71.219549169378,1
69,12,0,4,37,1008,351.0,351.0,2.3,22.5,83.0,0.0,70.0,72.22068777777778,1
100,12,20,4,38,1008,351.0,351.0,2.3,22.5,83.0,0.0,69.0,72.22068777777778,1
117,12,40,4,39,1008,351.0,351.0,2.3,22.5,83.0,0.0,100.0,72.22068777777778,1
109,13,0,4,40,1008,351.0,351.0,2.3,22.5,83.0,0.0,117.0,72.22068777777778,1
106,13,20,4,41,1008,351.0,351.0,2.3,22.5,83.0,0.0,109.0,72.22068777777778,1
123,13,40,4,42,1008,351.0,351.0,2.3,22.5,83.0,0.0,106.0,72.22068777777778,1
109,14,0,4,43,1008,351.0,351.0,2.3,22.5,83.0,0.0,123.0,72.22068777777778,1
111,14,20,4,44,1008,351.0,351.0,2.3,22.5,83.0,0.0,109.0,72.22068777777778,1
69,14,40,4,45,1008,351.0,351.0,2.3,22.5,83.0,0.0,111.0,72.22068777777778,1
138,15,0,4,46,1009,334.0,334.0,1.4,21.7,89.0,0.0,69.0,74.2511147141631,1
133,15,20,4,47,1009,334.0,334.0,1.4,21.7,89.0,0.0,138.0,74.2511147141631,1
135,15,40,4,48,1009,334.0,334.0,1.4,21.7,89.0,0.0,133.0,74.2511147141631,1
129,16,0,4,49,1009,334.0,334.0,1.4,21.7,89.0,0.0,135.0,74.2511147141631,1
148,16,20,4,50,1009,334.0,334.0,1.4,21.7,89.0,0.0,129.0,74.2511147141631,1
143,16,40,4,51,1009,334.0,334.0,1.4,21.7,89.0,0.0,148.0,74.2511147141631,1
131,17,0,4,52,1009,334.0,334.0,1.4,21.7,89.0,0.0,143.0,74.2511147141631,1
133,17,20,4,53,1009,334.0,334.0,1.4,21.7,89.0,0.0,131.0,74.2511147141631,1
52,17,40,4,54,1009,334.0,334.0,1.4,21.7,89.0,0.0,133.0,74.2511147141631,1
25,18,0,4,55,1009,319.0,319.0,0.9,20.9,96.0,0.0,52.0,75.08030548713694,1
32,18,20,4,56,1009,319.0,319.0,0.9,20.9,96.0,0.0,25.0,75.08030548713694,1
27,18,40,4,57,1009,319.0,319.0,0.9,20.9,96.0,0.0,32.0,75.08030548713694,1
20,19,0,4,58,1009,319.0,319.0,0.9,20.9,96.0,0.0,27.0,75.08030548713694,1
23,19,20,4,59,1009,319.0,319.0,0.9,20.9,96.0,0.0,20.0,75.08030548713694,1
21,19,40,4,60,1009,319.0,319.0,0.9,20.9,96.0,0.0,23.0,75.08030548713694,1
17,20,0,4,61,1009,319.0,319.0,0.9,20.9,96.0,0.0,21.0,75.08030548713694,1
15,20,20,4,62,1009,319.0,319.0,0.9,20.9,96.0,0.0,17.0,75.08030548713694,1
16,20,40,4,63,1009,319.0,319.0,0.9,20.9,96.0,0.0,15.0,75.08030548713694,1
14,21,0,4,64,1009,284.0,284.0,0.7,21.0,96.0,0.0,16.0,75.91744266666667,1
13,21,20,4,65,1009,284.0,284.0,0.7,21.0,96.0,0.0,14.0,75.91744266666667,1
11,21,40,4,66,1009,284.0,284.0,0.7,21.0,96.0,0.0,13.0,75.91744266666667,1
10,22,0,4,67,1009,284.0,284.0,0.7,21.0,96.0,0.0,11.0,75.91744266666667,1
9,22,20,4,68,1009,284.0,284.0,0.7,21.0,96.0,0.0,10.0,75.91744266666667,1
9,22,40,4,69,1009,284.0,284.0,0.7,21.0,96.0,0.0,9.0,75.91744266666667,1
11,23,0,4,70,1009,284.0,284.0,0.7,21.0,96.0,0.0,9.0,75.91744266666667,1
7,23,20,4,71,1009,284.0,284.0,0.7,21.0,96.0,0.0,11.0,75.91744266666667,1
13,23,40,4,72,1009,284.0,284.0,0.7,21.0,96.0,0.0,7.0,75.91744266666667,1
3,0,20,5,2,1011,2.0,2.0,4.2,19.4,94.0,1.0,1.0,61.35155810000001,2
1,1,0,5,4,1011,2.0,2.0,4.2,19.4,94.0,1.0,1.0,61.35155810000001,2
1,3,20,5,11,1011,5.0,5.0,5.5,20.3,81.0,0.0,1.0,57.525302589473675,2
1,4,40,5,15,1011,5.0,5.0,5.5,20.3,81.0,0.0,1.0,57.525302589473675,2
9,5,0,5,16,1011,5.0,5.0,5.5,20.3,81.0,0.0,1.0,57.525302589473675,2
14,5,20,5,17,1011,5.0,5.0,5.5,20.3,81.0,0.0,9.0,57.525302589473675,2
9,5,40,5,18,1011,5.0,5.0,5.5,20.3,81.0,0.0,14.0,57.525302589473675,2
25,6,0,5,19,1010,17.0,17.0,3.6,22.1,72.0,0.0,9.0,66.00607278951965,2
27,6,20,5,20,1010,17.0,17.0,3.6,22.1,72.0,0.0,25.0,66.00607278951965,2
37,6,40,5,21,1010,17.0,17.0,3.6,22.1,72.0,0.0,27.0,66.00607278951965,2
72,7,0,5,22,1010,17.0,17.0,3.6,22.1,72.0,0.0,37.0,66.00607278951965,2
77,7,20,5,23,1010,17.0,17.0,3.6,22.1,72.0,0.0,72.0,66.00607278951965,2
97,7,40,5,24,1010,17.0,17.0,3.6,22.1,72.0,0.0,77.0,66.00607278951965,2
106,8,0,5,25,1010,17.0,17.0,3.6,22.1,72.0,0.0,97.0,66.00607278951965,2
93,8,20,5,26,1010,17.0,17.0,3.6,22.1,72.0,0.0,106.0,66.00607278951965,2
83,8,40,5,27,1010,17.0,17.0,3.6,22.1,72.0,0.0,93.0,66.00607278951965,2
83,9,0,5,28,1011,357.0,357.0,3.2,20.5,80.0,0.0,83.0,65.15757224489796,2
99,9,20,5,29,1011,357.0,357.0,3.2,20.5,80.0,0.0,83.0,65.15757224489796,2
86,9,40,5,30,1011,357.0,357.0,3.2,20.5,80.0,0.0,99.0,65.15757224489796,2
60,10,0,5,31,1011,357.0,357.0,3.2,20.5,80.0,0.0,86.0,65.15757224489796,2
64,10,20,5,32,1011,357.0,357.0,3.2,20.5,80.0,0.0,60.0,65.15757224489796,2
63,10,40,5,33,1011,357.0,357.0,3.2,20.5,80.0,0.0,64.0,65.15757224489796,2
36,11,0,5,34,1011,357.0,357.0,3.2,20.5,80.0,0.0,63.0,65.15757224489796,2
53,11,20,5,35,1011,357.0,357.0,3.2,20.5,80.0,0.0,36.0,65.15757224489796,2
41,11,40,5,36,1011,357.0,357.0,3.2,20.5,80.0,0.0,53.0,65.15757224489796,2
53,12,0,5,37,1014,41.0,41.0,4.6,20.2,66.0,0.0,41.0,58.5666367483871,2
53,12,20,5,38,1014,41.0,41.0,4.6,20.2,66.0,0.0,53.0,58.5666367483871,2
63,12,40,5,39,1014,41.0,41.0,4.6,20.2,66.0,0.0,53.0,58.5666367483871,2
79,13,0,5,40,1014,41.0,41.0,4.6,20.2,66.0,0.0,63.0,58.5666367483871,2
71,13,20,5,41,1014,41.0,41.0,4.6,20.2,66.0,0.0,79.0,58.5666367483871,2
76,13,40,5,42,1014,41.0,41.0,4.6,20.2,66.0,0.0,71.0,58.5666367483871,2
63,14,0,5,43,1014,41.0,41.0,4.6,20.2,66.0,0.0,76.0,58.5666367483871,2
75,14,20,5,44,1014,41.0,41.0,4.6,20.2,66.0,0.0,63.0,58.5666367483871,2
44,14,40,5,45,1014,41.0,41.0,4.6,20.2,66.0,0.0,75.0,58.5666367483871,2
66,15,0,5,46,1015,15.0,15.0,5.5,18.6,60.0,0.0,44.0,52.08722424242424,2
69,15,20,5,47,1015,15.0,15.0,5.5,18.6,60.0,0.0,66.0,52.08722424242424,2
69,15,40,5,48,1015,15.0,15.0,5.5,18.6,60.0,0.0,69.0,52.08722424242424,2
61,16,0,5,49,1015,15.0,15.0,5.5,18.6,60.0,0.0,69.0,52.08722424242424,2
65,16,20,5,50,1015,15.0,15.0,5.5,18.6,60.0,0.0,61.0,52.08722424242424,2
56,16,40,5,51,1015,15.0,15.0,5.5,18.6,60.0,0.0,65.0,52.08722424242424,2
63,17,0,5,52,1015,15.0,15.0,5.5,18.6,60.0,0.0,56.0,52.08722424242424,2
60,17,20,5,53,1015,15.0,15.0,5.5,18.6,60.0,0.0,63.0,52.08722424242424,2
60,17,40,5,54,1015,15.0,15.0,5.5,18.6,60.0,0.0,60.0,52.08722424242424,2
46,18,0,5,55,1015,340.0,340.0,2.4,16.4,73.0,0.0,60.0,59.217620654545456,2
54,18,20,5,56,1015,340.0,340.0,2.4,16.4,73.0,0.0,46.0,59.217620654545456,2
37,18,40,5,57,1015,340.0,340.0,2.4,16.4,73.0,0.0,54.0,59.217620654545456,2
44,19,0,5,58,1015,340.0,340.0,2.4,16.4,73.0,0.0,37.0,59.217620654545456,2
41,19,20,5,59,1015,340.0,340.0,2.4,16.4,73.0,0.0,44.0,59.217620654545456,2
19,19,40,5,60,1015,340.0,340.0,2.4,16.4,73.0,0.0,41.0,59.217620654545456,2
33,20,0,5,61,1015,340.0,340.0,2.4,16.4,73.0,0.0,19.0,59.217620654545456,2
31,20,20,5,62,1015,340.0,340.0,2.4,16.4,73.0,0.0,33.0,59.217620654545456,2
29,20,40,5,63,1015,340.0,340.0,2.4,16.4,73.0,0.0,31.0,59.217620654545456,2
21,21,0,5,64,1015,354.0,354.0,3.3,16.5,64.0,0.0,29.0,55.65855635087719,2
22,21,20,5,65,1015,354.0,354.0,3.3,16.5,64.0,0.0,21.0,55.65855635087719,2
27,21,40,5,66,1015,354.0,354.0,3.3,16.5,64.0,0.0,22.0,55.65855635087719,2
15,22,0,5,67,1015,354.0,354.0,3.3,16.5,64.0,0.0,27.0,55.65855635087719,2
8,22,20,5,68,1015,354.0,354.0,3.3,16.5,64.0,0.0,15.0,55.65855635087719,2
14,22,40,5,69,1015,354.0,354.0,3.3,16.5,64.0,0.0,8.0,55.65855635087719,2
17,23,0,5,70,1015,354.0,354.0,3.3,16.5,64.0,0.0,14.0,55.65855635087719,2
1,23,20,5,71,1015,354.0,354.0,3.3,16.5,64.0,0.0,17.0,55.65855635087719,2
1,0,0,6,1,1016,1.0,1.0,4.0,17.5,66.0,0.0,17.0,55.46766727272728,2
1,0,20,6,2,1016,1.0,1.0,4.0,17.5,66.0,0.0,1.0,55.46766727272728,2
2,0,40,6,3,1016,1.0,1.0,4.0,17.5,66.0,0.0,1.0,55.46766727272728,2
1,1,0,6,4,1016,1.0,1.0,4.0,17.5,66.0,0.0,2.0,55.46766727272728,2
3,1,40,6,6,1016,1.0,1.0,4.0,17.5,66.0,0.0,2.0,55.46766727272728,2
1,2,0,6,7,1016,1.0,1.0,4.0,17.5,66.0,0.0,3.0,55.46766727272728,2
1,4,20,6,14,1016,66.0,66.0,2.5,21.4,56.0,0.0,3.0,66.37936585762712,2
1,4,40,6,15,1016,66.0,66.0,2.5,21.4,56.0,0.0,1.0,66.37936585762712,2
12,5,0,6,16,1016,66.0,66.0,2.5,21.4,56.0,0.0,1.0,66.37936585762712,2
8,5,20,6,17,1016,66.0,66.0,2.5,21.4,56.0,0.0,12.0,66.37936585762712,2
18,5,40,6,18,1016,66.0,66.0,2.5,21.4,56.0,0.0,8.0,66.37936585762712,2
29,6,0,6,19,1014,54.0,54.0,3.5,21.7,49.0,0.0,18.0,62.92066671416309,2
31,6,20,6,20,1014,54.0,54.0,3.5,21.7,49.0,0.0,29.0,62.92066671416309,2
45,6,40,6,21,1014,54.0,54.0,3.5,21.7,49.0,0.0,31.0,62.92066671416309,2
61,7,0,6,22,1014,54.0,54.0,3.5,21.7,49.0,0.0,45.0,62.92066671416309,2
99,7,20,6,23,1014,54.0,54.0,3.5,21.7,49.0,0.0,61.0,62.92066671416309,2
100,7,40,6,24,1014,54.0,54.0,3.5,21.7,49.0,0.0,99.0,62.92066671416309,2
125,8,0,6,25,1014,54.0,54.0,3.5,21.7,49.0,0.0,100.0,62.92066671416309,2
114,8,20,6,26,1014,54.0,54.0,3.5,21.7,49.0,0.0,125.0,62.92066671416309,2
113,8,40,6,27,1014,54.0,54.0,3.5,21.7,49.0,0.0,114.0,62.92066671416309,2
125,9,0,6,28,1014,28.0,28.0,5.6,20.4,55.0,0.0,113.0,54.52298328455285,2
94,9,20,6,29,1014,28.0,28.0,5.6,20.4,55.0,0.0,125.0,54.52298328455285,2
80,9,40,6,30,1014,28.0,28.0,5.6,20.4,55.0,0.0,94.0,54.52298328455285,2
66,10,0,6,31,1014,28.0,28.0,5.6,20.4,55.0,0.0,80.0,54.52298328455285,2
79,10,20,6,32,1014,28.0,28.0,5.6,20.4,55.0,0.0,66.0,54.52298328455285,2
64,10,40,6,33,1014,28.0,28.0,5.6,20.4,55.0,0.0,79.0,54.52298328455285,2
64,11,0,6,34,1014,28.0,28.0,5.6,20.4,55.0,0.0,64.0,54.52298328455285,2
52,11,20,6,35,1014,28.0,28.0,5.6,20.4,55.0,0.0,64.0,54.52298328455285,2
61,11,40,6,36,1014,28.0,28.0,5.6,20.4,55.0,0.0,52.0,54.52298328455285,2
65,12,0,6,37,1016,52.0,52.0,6.0,18.8,58.0,0.0,61.0,50.64514960610686,2
68,12,20,6,38,1016,52.0,52.0,6.0,18.8,58.0,0.0,65.0,50.64514960610686,2
63,12,40,6,39,1016,52.0,52.0,6.0,18.8,58.0,0.0,68.0,50.64514960610686,2
66,13,0,6,40,1016,52.0,52.0,6.0,18.8,58.0,0.0,63.0,50.64514960610686,2
61,13,20,6,41,1016,52.0,52.0,6.0,18.8,58.0,0.0,66.0,50.64514960610686,2
48,13,40,6,42,1016,52.0,52.0,6.0,18.8,58.0,0.0,61.0,50.64514960610686,2
64,14,0,6,43,1016,52.0,52.0,6.0,18.8,58.0,0.0,48.0,50.64514960610686,2
54,14,20,6,44,1016,52.0,52.0,6.0,18.8,58.0,0.0,64.0,50.64514960610686,2
65,14,40,6,45,1016,52.0,52.0,6.0,18.8,58.0,0.0,54.0,50.64514960610686,2
74,15,0,6,46,1016,57.0,57.0,4.4,17.1,60.0,0.0,65.0,52.853749820788536,2
61,15,20,6,47,1016,57.0,57.0,4.4,17.1,60.0,0.0,74.0,52.853749820788536,2
69,15,40,6,48,1016,57.0,57.0,4.4,17.1,60.0,0.0,61.0,52.853749820788536,2
60,16,0,6,49,1016,57.0,57.0,4.4,17.1,60.0,0.0,69.0,52.853749820788536,2
63,16,20,6,50,1016,57.0,57.0,4.4,17.1,60.0,0.0,60.0,52.853749820788536,2
72,16,40,6,51,1016,57.0,57.0,4.4,17.1,60.0,0.0,63.0,52.853749820788536,2
69,17,0,6,52,1016,57.0,57.0,4.4,17.1,60.0,0.0,72.0,52.853749820788536,2
83,17,20,6,53,1016,57.0,57.0,4.4,17.1,60.0,0.0,69.0,52.853749820788536,2
73,17,40,6,54,1016,57.0,57.0,4.4,17.1,60.0,0.0,83.0,52.853749820788536,2
70,18,0,6,55,1015,4.0,4.0,1.3,15.4,67.0,0.0,73.0,60.30286998918918,2
48,18,20,6,56,1015,4.0,4.0,1.3,15.4,67.0,0.0,70.0,60.30286998918918,2
54,18,40,6,57,1015,4.0,4.0,1.3,15.4,67.0,0.0,48.0,60.30286998918918,2
36,19,0,6,58,1015,4.0,4.0,1.3,15.4,67.0,0.0,54.0,60.30286998918918,2
46,19,20,6,59,1015,4.0,4.0,1.3,15.4,67.0,0.0,36.0,60.30286998918918,2
36,19,40,6,60,1015,4.0,4.0,1.3,15.4,67.0,0.0,46.0,60.30286998918918,2
35,20,0,6,61,1015,4.0,4.0,1.3,15.4,67.0,0.0,36.0,60.30286998918918,2
33,20,20,6,62,1015,4.0,4.0,1.3,15.4,67.0,0.0,35.0,60.30286998918918,2
25,20,40,6,63,1015,4.0,4.0,1.3,15.4,67.0,0.0,33.0,60.30286998918918,2
34,21,0,6,64,1014,333.0,333.0,2.5,14.1,80.0,0.0,25.0,55.18706397411003,2
29,21,20,6,65,1014,333.0,333.0,2.5,14.1,80.0,0.0,34.0,55.18706397411003,2
19,21,40,6,66,1014,333.0,333.0,2.5,14.1,80.0,0.0,29.0,55.18706397411003,2
14,22,0,6,67,1014,333.0,333.0,2.5,14.1,80.0,0.0,19.0,55.18706397411003,2
22,22,20,6,68,1014,333.0,333.0,2.5,14.1,80.0,0.0,14.0,55.18706397411003,2
12,22,40,6,69,1014,333.0,333.0,2.5,14.1,80.0,0.0,22.0,55.18706397411003,2
14,23,0,6,70,1014,333.0,333.0,2.5,14.1,80.0,0.0,12.0,55.18706397411003,2
6,23,20,6,71,1014,333.0,333.0,2.5,14.1,80.0,0.0,14.0,55.18706397411003,2
7,23,40,6,72,1014,333.0,333.0,2.5,14.1,80.0,0.0,6.0,55.18706397411003,2
2,0,0,0,1,1014,333.0,333.0,2.5,14.1,80.0,0.0,7.0,55.18706397411003,2
2,0,20,0,2,1014,333.0,333.0,2.5,14.1,80.0,0.0,2.0,55.18706397411003,2
1,1,40,0,6,1014,333.0,333.0,2.5,14.1,80.0,0.0,2.0,55.18706397411003,2
9,5,0,0,16,1014,333.0,333.0,2.5,14.1,80.0,0.0,2.0,55.18706397411003,2
17,5,20,0,17,1014,333.0,333.0,2.5,14.1,80.0,0.0,9.0,55.18706397411003,2
30,5,40,0,18,1014,333.0,333.0,2.5,14.1,80.0,0.0,17.0,55.18706397411003,2
23,6,0,0,19,1014,333.0,333.0,2.5,14.1,80.0,0.0,30.0,55.18706397411003,2
34,6,20,0,20,1014,333.0,333.0,2.5,14.1,80.0,0.0,23.0,55.18706397411003,2
49,6,40,0,21,1014,333.0,333.0,2.5,14.1,80.0,0.0,34.0,55.18706397411003,2
82,7,0,0,22,1014,333.0,333.0,2.5,14.1,80.0,0.0,49.0,55.18706397411003,2
114,7,20,0,23,1014,333.0,333.0,2.5,14.1,80.0,0.0,82.0,55.18706397411003,2
115,7,40,0,24,1014,333.0,333.0,2.5,14.1,80.0,0.0,114.0,55.18706397411003,2
129,8,0,0,25,1014,333.0,333.0,2.5,14.1,80.0,0.0,115.0,55.18706397411003,2
120,8,20,0,26,1014,333.0,333.0,2.5,14.1,80.0,0.0,129.0,55.18706397411003,2
117,8,40,0,27,1014,333.0,333.0,2.5,14.1,80.0,0.0,120.0,55.18706397411003,2
121,9,0,0,28,1014,333.0,333.0,2.5,14.1,80.0,0.0,117.0,55.18706397411003,2
92,9,20,0,29,1014,333.0,333.0,2.5,14.1,80.0,0.0,121.0,55.18706397411003,2
90,9,40,0,30,1014,333.0,333.0,2.5,14.1,80.0,0.0,92.0,55.18706397411003,2
60,10,0,0,31,1014,333.0,333.0,2.5,14.1,80.0,0.0,90.0,55.18706397411003,2
57,10,20,0,32,1014,333.0,333.0,2.5,14.1,80.0,0.0,60.0,55.18706397411003,2
76,10,40,0,33,1014,333.0,333.0,2.5,14.1,80.0,0.0,57.0,55.18706397411003,2
57,11,0,0,34,1014,333.0,333.0,2.5,14.1,80.0,0.0,76.0,55.18706397411003,2
55,11,20,0,35,1014,333.0,333.0,2.5,14.1,80.0,0.0,57.0,55.18706397411003,2
55,11,40,0,36,1014,333.0,333.0,2.5,14.1,80.0,0.0,55.0,55.18706397411003,2
67,12,0,0,37,1014,333.0,333.0,2.5,14.1,80.0,0.0,55.0,55.18706397411003,2
76,12,20,0,38,1014,333.0,333.0,2.5,14.1,80.0,0.0,67.0,55.18706397411003,2
66,12,40,0,39,1014,333.0,333.0,2.5,14.1,80.0,0.0,76.0,55.18706397411003,2
69,13,0,0,40,1014,333.0,333.0,2.5,14.1,80.0,0.0,66.0,55.18706397411003,2
57,13,20,0,41,1014,333.0,333.0,2.5,14.1,80.0,0.0,69.0,55.18706397411003,2
85,13,40,0,42,1014,333.0,333.0,2.5,14.1,80.0,0.0,57.0,55.18706397411003,2
65,14,0,0,43,1014,333.0,333.0,2.5,14.1,80.0,0.0,85.0,55.18706397411003,2
61,14,20,0,44,1014,333.0,333.0,2.5,14.1,80.0,0.0,65.0,55.18706397411003,2
69,14,40,0,45,1014,333.0,333.0,2.5,14.1,80.0,0.0,61.0,55.18706397411003,2
66,15,0,0,46,1014,333.0,333.0,2.5,14.1,80.0,0.0,69.0,55.18706397411003,2
69,15,20,0,47,1014,333.0,333.0,2.5,14.1,80.0,0.0,66.0,55.18706397411003,2
70,15,40,0,48,1014,333.0,333.0,2.5,14.1,80.0,0.0,69.0,55.18706397411003,2
77,16,0,0,49,1014,333.0,333.0,2.5,14.1,80.0,0.0,70.0,55.18706397411003,2
67,16,20,0,50,1014,333.0,333.0,2.5,14.1,80.0,0.0,77.0,55.18706397411003,2
81,16,40,0,51,1014,333.0,333.0,2.5,14.1,80.0,0.0,67.0,55.18706397411003,2
85,17,0,0,52,1014,333.0,333.0,2.5,14.1,80.0,0.0,81.0,55.18706397411003,2
65,17,20,0,53,1014,333.0,333.0,2.5,14.1,80.0,0.0,85.0,55.18706397411003,2
55,17,40,0,54,1014,333.0,333.0,2.5,14.1,80.0,0.0,65.0,55.18706397411003,2
59,18,0,0,55,1014,333.0,333.0,2.5,14.1,80.0,0.0,55.0,55.18706397411003,2
53,18,20,0,56,1014,333.0,333.0,2.5,14.1,80.0,0.0,59.0,55.18706397411003,2
41,18,40,0,57,1014,333.0,333.0,2.5,14.1,80.0,0.0,53.0,55.18706397411003,2
30,19,0,0,58,1014,333.0,333.0,2.5,14.1,80.0,0.0,41.0,55.18706397411003,2
31,19,20,0,59,1014,333.0,333.0,2.5,14.1,80.0,0.0,30.0,55.18706397411003,2
31,19,40,0,60,1014,333.0,333.0,2.5,14.1,80.0,0.0,31.0,55.18706397411003,2
32,20,0,0,61,1014,333.0,333.0,2.5,14.1,80.0,0.0,31.0,55.18706397411003,2
41,20,20,0,62,1014,333.0,333.0,2.5,14.1,80.0,0.0,32.0,55.18706397411003,2
26,20,40,0,63,1014,333.0,333.0,2.5,14.1,80.0,0.0,41.0,55.18706397411003,2
25,21,0,0,64,1014,333.0,333.0,2.5,14.1,80.0,0.0,26.0,55.18706397411003,2
32,21,20,0,65,1014,333.0,333.0,2.5,14.1,80.0,0.0,25.0,55.18706397411003,2
16,21,40,0,66,1014,333.0,333.0,2.5,14.1,80.0,0.0,32.0,55.18706397411003,2
24,22,0,0,67,1014,333.0,333.0,2.5,14.1,80.0,0.0,16.0,55.18706397411003,2
17,22,20,0,68,1014,333.0,333.0,2.5,14.1,80.0,0.0,24.0,55.18706397411003,2
10,22,40,0,69,1014,333.0,333.0,2.5,14.1,80.0,0.0,17.0,55.18706397411003,2
9,23,20,0,71,1014,333.0,333.0,2.5,14.1,80.0,0.0,17.0,55.18706397411003,2
12,23,40,0,72,1014,333.0,333.0,2.5,14.1,80.0,0.0,9.0,55.18706397411003,2
4,0,0,1,1,1016,351.0,351.0,2.2,18.7,74.0,0.0,12.0,64.29184137794678,1
2,0,20,1,2,1016,351.0,351.0,2.2,18.7,74.0,0.0,4.0,64.29184137794678,1
2,0,40,1,3,1016,351.0,351.0,2.2,18.7,74.0,0.0,2.0,64.29184137794678,1
14,5,0,1,16,1015,45.0,45.0,3.5,21.2,66.0,0.0,2.0,63.94847768739496,1
9,5,20,1,17,1015,45.0,45.0,3.5,21.2,66.0,0.0,14.0,63.94847768739496,1
22,5,40,1,18,1015,45.0,45.0,3.5,21.2,66.0,0.0,9.0,63.94847768739496,1
25,6,0,1,19,1013,64.0,64.0,3.0,23.8,50.0,0.0,22.0,68.43263954716981,1
31,6,20,1,20,1013,64.0,64.0,3.0,23.8,50.0,0.0,25.0,68.43263954716981,1
52,6,40,1,21,1013,64.0,64.0,3.0,23.8,50.0,0.0,31.0,68.43263954716981,1
94,7,0,1,22,1013,64.0,64.0,3.0,23.8,50.0,0.0,52.0,68.43263954716981,1
109,7,20,1,23,1013,64.0,64.0,3.0,23.8,50.0,0.0,94.0,68.43263954716981,1
103,7,40,1,24,1013,64.0,64.0,3.0,23.8,50.0,0.0,109.0,68.43263954716981,1
122,8,0,1,25,1013,64.0,64.0,3.0,23.8,50.0,0.0,103.0,68.43263954716981,1
106,8,20,1,26,1013,64.0,64.0,3.0,23.8,50.0,0.0,122.0,68.43263954716981,1
123,8,40,1,27,1013,64.0,64.0,3.0,23.8,50.0,0.0,106.0,68.43263954716981,1
106,9,0,1,28,1013,87.0,87.0,2.4,23.0,56.0,0.0,123.0,69.62495709090909,1
92,9,20,1,29,1013,87.0,87.0,2.4,23.0,56.0,0.0,106.0,69.62495709090909,1
71,9,40,1,30,1013,87.0,87.0,2.4,23.0,56.0,0.0,92.0,69.62495709090909,1
69,10,0,1,31,1013,87.0,87.0,2.4,23.0,56.0,0.0,71.0,69.62495709090909,1
55,10,20,1,32,1013,87.0,87.0,2.4,23.0,56.0,0.0,69.0,69.62495709090909,1
71,10,40,1,33,1013,87.0,87.0,2.4,23.0,56.0,0.0,55.0,69.62495709090909,1
66,11,0,1,34,1013,87.0,87.0,2.4,23.0,56.0,0.0,71.0,69.62495709090909,1
71,11,20,1,35,1013,87.0,87.0,2.4,23.0,56.0,0.0,66.0,69.62495709090909,1
61,11,40,1,36,1013,87.0,87.0,2.4,23.0,56.0,0.0,71.0,69.62495709090909,1
69,12,0,1,37,1015,105.0,105.0,3.5,21.6,70.0,0.0,61.0,65.15333155555557,1
63,12,20,1,38,1015,105.0,105.0,3.5,21.6,70.0,0.0,69.0,65.15333155555557,1
72,12,40,1,39,1015,105.0,105.0,3.5,21.6,70.0,0.0,63.0,65.15333155555557,1
58,13,0,1,40,1015,105.0,105.0,3.5,21.6,70.0,0.0,72.0,65.15333155555557,1
52,13,20,1,41,1015,105.0,105.0,3.5,21.6,70.0,0.0,58.0,65.15333155555557,1
64,13,40,1,42,1015,105.0,105.0,3.5,21.6,70.0,0.0,52.0,65.15333155555557,1
69,14,0,1,43,1015,105.0,105.0,3.5,21.6,70.0,0.0,64.0,65.15333155555557,1
76,14,20,1,44,1015,105.0,105.0,3.5,21.6,70.0,0.0,69.0,65.15333155555557,1
70,14,40,1,45,1015,105.0,105.0,3.5,21.6,70.0,0.0,76.0,65.15333155555557,1
79,15,0,1,46,1016,45.0,45.0,2.8,20.3,66.0,0.0,70.0,64.51274058947368,1
87,15,20,1,47,1016,45.0,45.0,2.8,20.3,66.0,0.0,79.0,64.51274058947368,1
79,15,40,1,48,1016,45.0,45.0,2.8,20.3,66.0,0.0,87.0,64.51274058947368,1
63,16,0,1,49,1016,45.0,45.0,2.8,20.3,66.0,0.0,79.0,64.51274058947368,1
79,16,20,1,50,1016,45.0,45.0,2.8,20.3,66.0,0.0,63.0,64.51274058947368,1
74,16,40,1,51,1016,45.0,45.0,2.8,20.3,66.0,0.0,79.0,64.51274058947368,1
95,17,0,1,52,1016,45.0,45.0,2.8,20.3,66.0,0.0,74.0,64.51274058947368,1
66,17,20,1,53,1016,45.0,45.0,2.8,20.3,66.0,0.0,95.0,64.51274058947368,1
76,17,40,1,54,1016,45.0,45.0,2.8,20.3,66.0,0.0,66.0,64.51274058947368,1
54,18,0,1,55,1016,347.0,347.0,2.3,18.8,73.0,0.0,76.0,64.05590160610686,1
56,18,20,1,56,1016,347.0,347.0,2.3,18.8,73.0,0.0,54.0,64.05590160610686,1
50,18,40,1,57,1016,347.0,347.0,2.3,18.8,73.0,0.0,56.0,64.05590160610686,1
44,19,0,1,58,1016,347.0,347.0,2.3,18.8,73.0,0.0,50.0,64.05590160610686,1
28,19,20,1,59,1016,347.0,347.0,2.3,18.8,73.0,0.0,44.0,64.05590160610686,1
30,19,40,1,60,1016,347.0,347.0,2.3,18.8,73.0,0.0,28.0,64.05590160610686,1
40,20,0,1,61,1016,347.0,347.0,2.3,18.8,73.0,0.0,30.0,64.05590160610686,1
24,20,20,1,62,1016,347.0,347.0,2.3,18.8,73.0,0.0,40.0,64.05590160610686,1
37,20,40,1,63,1016,347.0,347.0,2.3,18.8,73.0,0.0,24.0,64.05590160610686,1
33,21,0,1,64,1017,4.0,4.0,1.9,19.2,74.0,0.0,37.0,66.19587276899225,1
28,21,20,1,65,1017,4.0,4.0,1.9,19.2,74.0,0.0,33.0,66.19587276899225,1
26,21,40,1,66,1017,4.0,4.0,1.9,19.2,74.0,0.0,28.0,66.19587276899225,1
22,22,0,1,67,1017,4.0,4.0,1.9,19.2,74.0,0.0,26.0,66.19587276899225,1
19,22,20,1,68,1017,4.0,4.0,1.9,19.2,74.0,0.0,22.0,66.19587276899225,1
16,22,40,1,69,1017,4.0,4.0,1.9,19.2,74.0,0.0,19.0,66.19587276899225,1
23,23,0,1,70,1017,4.0,4.0,1.9,19.2,74.0,0.0,16.0,66.19587276899225,1
8,23,20,1,71,1017,4.0,4.0,1.9,19.2,74.0,0.0,23.0,66.19587276899225,1
9,23,40,1,72,1017,4.0,4.0,1.9,19.2,74.0,0.0,8.0,66.19587276899225,1
2,0,0,2,1,1018,56.0,56.0,4.5,19.9,60.0,0.0,9.0,57.676128286852595,1
2,0,20,2,2,1018,56.0,56.0,4.5,19.9,60.0,0.0,2.0,57.676128286852595,1
1,0,40,2,3,1018,56.0,56.0,4.5,19.9,60.0,0.0,2.0,57.676128286852595,1
14,5,0,2,16,1018,46.0,46.0,2.9,20.9,68.0,0.0,2.0,65.53443828713692,1
14,5,20,2,17,1018,46.0,46.0,2.9,20.9,68.0,0.0,14.0,65.53443828713692,1
15,5,40,2,18,1018,46.0,46.0,2.9,20.9,68.0,0.0,14.0,65.53443828713692,1
32,6,0,2,19,1016,100.0,100.0,3.1,22.1,59.0,0.0,15.0,66.08876998951965,1
27,6,20,2,20,1016,100.0,100.0,3.1,22.1,59.0,0.0,32.0,66.08876998951965,1
45,6,40,2,21,1016,100.0,100.0,3.1,22.1,59.0,0.0,27.0,66.08876998951965,1
91,7,0,2,22,1016,100.0,100.0,3.1,22.1,59.0,0.0,45.0,66.08876998951965,1
92,7,20,2,23,1016,100.0,100.0,3.1,22.1,59.0,0.0,91.0,66.08876998951965,1
119,7,40,2,24,1016,100.0,100.0,3.1,22.1,59.0,0.0,92.0,66.08876998951965,1
129,8,0,2,25,1016,100.0,100.0,3.1,22.1,59.0,0.0,119.0,66.08876998951965,1
124,8,20,2,26,1016,100.0,100.0,3.1,22.1,59.0,0.0,129.0,66.08876998951965,1
114,8,40,2,27,1016,100.0,100.0,3.1,22.1,59.0,0.0,124.0,66.08876998951965,1
112,9,0,2,28,1016,39.0,39.0,3.7,21.2,57.0,0.0,114.0,62.287488887394964,1
108,9,20,2,29,1016,39.0,39.0,3.7,21.2,57.0,0.0,112.0,62.287488887394964,1
86,9,40,2,30,1016,39.0,39.0,3.7,21.2,57.0,0.0,108.0,62.287488887394964,1
78,10,0,2,31,1016,39.0,39.0,3.7,21.2,57.0,0.0,86.0,62.287488887394964,1
61,10,20,2,32,1016,39.0,39.0,3.7,21.2,57.0,0.0,78.0,62.287488887394964,1
68,10,40,2,33,1016,39.0,39.0,3.7,21.2,57.0,0.0,61.0,62.287488887394964,1
54,11,0,2,34,1016,39.0,39.0,3.7,21.2,57.0,0.0,68.0,62.287488887394964,1
56,11,20,2,35,1016,39.0,39.0,3.7,21.2,57.0,0.0,54.0,62.287488887394964,1
44,11,40,2,36,1016,39.0,39.0,3.7,21.2,57.0,0.0,56.0,62.287488887394964,1
60,12,0,2,37,1017,360.0,360.0,1.4,20.4,63.0,0.0,44.0,68.84725848455285,1
72,12,20,2,38,1017,360.0,360.0,1.4,20.4,63.0,0.0,60.0,68.84725848455285,1
58,12,40,2,39,1017,360.0,360.0,1.4,20.4,63.0,0.0,72.0,68.84725848455285,1
77,13,0,2,40,1017,360.0,360.0,1.4,20.4,63.0,0.0,58.0,68.84725848455285,1
65,13,20,2,41,1017,360.0,360.0,1.4,20.4,63.0,0.0,77.0,68.84725848455285,1
72,13,40,2,42,1017,360.0,360.0,1.4,20.4,63.0,0.0,65.0,68.84725848455285,1
68,14,0,2,43,1017,360.0,360.0,1.4,20.4,63.0,0.0,72.0,68.84725848455285,1
79,14,20,2,44,1017,360.0,360.0,1.4,20.4,63.0,0.0,68.0,68.84725848455285,1
68,14,40,2,45,1017,360.0,360.0,1.4,20.4,63.0,0.0,79.0,68.84725848455285,1
62,15,0,2,46,1017,326.0,326.0,1.6,19.3,78.0,0.0,68.0,67.77086297587549,1
79,15,20,2,47,1017,326.0,326.0,1.6,19.3,78.0,0.0,62.0,67.77086297587549,1
72,15,40,2,48,1017,326.0,326.0,1.6,19.3,78.0,0.0,79.0,67.77086297587549,1
71,16,0,2,49,1017,326.0,326.0,1.6,19.3,78.0,0.0,72.0,67.77086297587549,1
66,16,20,2,50,1017,326.0,326.0,1.6,19.3,78.0,0.0,71.0,67.77086297587549,1
82,16,40,2,51,1017,326.0,326.0,1.6,19.3,78.0,0.0,66.0,67.77086297587549,1
81,17,0,2,52,1017,326.0,326.0,1.6,19.3,78.0,0.0,82.0,67.77086297587549,1
82,17,20,2,53,1017,326.0,326.0,1.6,19.3,78.0,0.0,81.0,67.77086297587549,1
76,17,40,2,54,1017,326.0,326.0,1.6,19.3,78.0,0.0,82.0,67.77086297587549,1
66,18,0,2,55,1016,327.0,327.0,1.9,18.9,83.0,0.0,76.0,66.57513349118774,1
66,18,20,2,56,1016,327.0,327.0,1.9,18.9,83.0,0.0,66.0,66.57513349118774,1
55,18,40,2,57,1016,327.0,327.0,1.9,18.9,83.0,0.0,66.0,66.57513349118774,1
44,19,0,2,58,1016,327.0,327.0,1.9,18.9,83.0,0.0,55.0,66.57513349118774,1
46,19,20,2,59,1016,327.0,327.0,1.9,18.9,83.0,0.0,44.0,66.57513349118774,1
22,19,40,2,60,1016,327.0,327.0,1.9,18.9,83.0,0.0,46.0,66.57513349118774,1
31,20,0,2,61,1016,327.0,327.0,1.9,18.9,83.0,0.0,22.0,66.57513349118774,1
31,20,20,2,62,1016,327.0,327.0,1.9,18.9,83.0,0.0,31.0,66.57513349118774,1
33,20,40,2,63,1016,327.0,327.0,1.9,18.9,83.0,0.0,31.0,66.57513349118774,1
36,21,0,2,64,1016,14.0,14.0,2.3,19.3,79.0,0.0,33.0,65.63739777587547,1
15,21,20,2,65,1016,14.0,14.0,2.3,19.3,79.0,0.0,36.0,65.63739777587547,1
26,21,40,2,66,1016,14.0,14.0,2.3,19.3,79.0,0.0,15.0,65.63739777587547,1
22,22,0,2,67,1016,14.0,14.0,2.3,19.3,79.0,0.0,26.0,65.63739777587547,1
12,22,20,2,68,1016,14.0,14.0,2.3,19.3,79.0,0.0,22.0,65.63739777587547,1
15,22,40,2,69,1016,14.0,14.0,2.3,19.3,79.0,0.0,12.0,65.63739777587547,1
14,23,0,2,70,1016,14.0,14.0,2.3,19.3,79.0,0.0,15.0,65.63739777587547,1
9,23,20,2,71,1016,14.0,14.0,2.3,19.3,79.0,0.0,14.0,65.63739777587547,1
6,23,40,2,72,1016,14.0,14.0,2.3,19.3,79.0,0.0,9.0,65.63739777587547,1
7,0,0,3,1,1017,74.0,74.0,2.0,19.8,78.0,0.0,6.0,67.44262341587303,1
2,0,20,3,2,1017,74.0,74.0,2.0,19.8,78.0,0.0,7.0,67.44262341587303,1
3,1,20,3,5,1017,74.0,74.0,2.0,19.8,78.0,0.0,7.0,67.44262341587303,1
1,1,40,3,6,1017,74.0,74.0,2.0,19.8,78.0,0.0,3.0,67.44262341587303,1
1,3,0,3,10,1018,39.0,39.0,3.7,21.4,64.0,0.0,3.0,63.45272905762712,1
2,4,20,3,14,1018,39.0,39.0,3.7,21.4,64.0,0.0,3.0,63.45272905762712,1
19,5,0,3,16,1018,39.0,39.0,3.7,21.4,64.0,0.0,3.0,63.45272905762712,1
21,5,20,3,17,1018,39.0,39.0,3.7,21.4,64.0,0.0,19.0,63.45272905762712,1
14,5,40,3,18,1018,39.0,39.0,3.7,21.4,64.0,0.0,21.0,63.45272905762712,1
23,6,0,3,19,1015,48.0,48.0,2.3,21.6,63.0,0.0,14.0,68.18904835555556,1
54,6,20,3,20,1015,48.0,48.0,2.3,21.6,63.0,0.0,23.0,68.18904835555556,1
66,6,40,3,21,1015,48.0,48.0,2.3,21.6,63.0,0.0,54.0,68.18904835555556,1
91,7,0,3,22,1015,48.0,48.0,2.3,21.6,63.0,0.0,66.0,68.18904835555556,1
107,7,20,3,23,1015,48.0,48.0,2.3,21.6,63.0,0.0,91.0,68.18904835555556,1
145,7,40,3,24,1015,48.0,48.0,2.3,21.6,63.0,0.0,107.0,68.18904835555556,1
112,8,0,3,25,1015,48.0,48.0,2.3,21.6,63.0,0.0,145.0,68.18904835555556,1
121,8,20,3,26,1015,48.0,48.0,2.3,21.6,63.0,0.0,112.0,68.18904835555556,1
121,8,40,3,27,1015,48.0,48.0,2.3,21.6,63.0,0.0,121.0,68.18904835555556,1
127,9,0,3,28,1015,46.0,46.0,2.3,21.3,61.0,0.0,121.0,67.40573000675106,1
101,9,20,3,29,1015,46.0,46.0,2.3,21.3,61.0,0.0,127.0,67.40573000675106,1
77,9,40,3,30,1015,46.0,46.0,2.3,21.3,61.0,0.0,101.0,67.40573000675106,1
69,10,0,3,31,1015,46.0,46.0,2.3,21.3,61.0,0.0,77.0,67.40573000675106,1
75,10,20,3,32,1015,46.0,46.0,2.3,21.3,61.0,0.0,69.0,67.40573000675106,1
76,10,40,3,33,1015,46.0,46.0,2.3,21.3,61.0,0.0,75.0,67.40573000675106,1
77,11,0,3,34,1015,46.0,46.0,2.3,21.3,61.0,0.0,76.0,67.40573000675106,1
65,11,20,3,35,1015,46.0,46.0,2.3,21.3,61.0,0.0,77.0,67.40573000675106,1
60,11,40,3,36,1015,46.0,46.0,2.3,21.3,61.0,0.0,65.0,67.40573000675106,1
71,12,0,3,37,1017,24.0,24.0,2.2,20.3,69.0,0.0,60.0,66.76325298947367,1
68,12,20,3,38,1017,24.0,24.0,2.2,20.3,69.0,0.0,71.0,66.76325298947367,1
70,12,40,3,39,1017,24.0,24.0,2.2,20.3,69.0,0.0,68.0,66.76325298947367,1
73,13,0,3,40,1017,24.0,24.0,2.2,20.3,69.0,0.0,70.0,66.76325298947367,1
76,13,20,3,41,1017,24.0,24.0,2.2,20.3,69.0,0.0,73.0,66.76325298947367,1
80,13,40,3,42,1017,24.0,24.0,2.2,20.3,69.0,0.0,76.0,66.76325298947367,1
86,14,0,3,43,1017,24.0,24.0,2.2,20.3,69.0,0.0,80.0,66.76325298947367,1
81,14,20,3,44,1017,24.0,24.0,2.2,20.3,69.0,0.0,86.0,66.76325298947367,1
83,14,40,3,45,1017,24.0,24.0,2.2,20.3,69.0,0.0,81.0,66.76325298947367,1
91,15,0,3,46,1017,41.0,41.0,1.8,19.8,71.0,0.0,83.0,67.32415381587302,1
78,15,20,3,47,1017,41.0,41.0,1.8,19.8,71.0,0.0,91.0,67.32415381587302,1
72,15,40,3,48,1017,41.0,41.0,1.8,19.8,71.0,0.0,78.0,67.32415381587302,1
81,16,0,3,49,1017,41.0,41.0,1.8,19.8,71.0,0.0,72.0,67.32415381587302,1
79,16,20,3,50,1017,41.0,41.0,1.8,19.8,71.0,0.0,81.0,67.32415381587302,1
74,16,40,3,51,1017,41.0,41.0,1.8,19.8,71.0,0.0,79.0,67.32415381587302,1
77,17,0,3,52,1017,41.0,41.0,1.8,19.8,71.0,0.0,74.0,67.32415381587302,1
80,17,20,3,53,1017,41.0,41.0,1.8,19.8,71.0,0.0,77.0,67.32415381587302,1
80,17,40,3,54,1017,41.0,41.0,1.8,19.8,71.0,0.0,80.0,67.32415381587302,1
73,18,0,3,55,1016,352.0,352.0,1.5,19.1,75.0,0.0,80.0,67.3928445019305,1
70,18,20,3,56,1016,352.0,352.0,1.5,19.1,75.0,0.0,73.0,67.3928445019305,1
52,18,40,3,57,1016,352.0,352.0,1.5,19.1,75.0,0.0,70.0,67.3928445019305,1
46,19,0,3,58,1016,352.0,352.0,1.5,19.1,75.0,0.0,52.0,67.3928445019305,1
45,19,20,3,59,1016,352.0,352.0,1.5,19.1,75.0,0.0,46.0,67.3928445019305,1
37,19,40,3,60,1016,352.0,352.0,1.5,19.1,75.0,0.0,45.0,67.3928445019305,1
44,20,0,3,61,1016,352.0,352.0,1.5,19.1,75.0,0.0,37.0,67.3928445019305,1
34,20,20,3,62,1016,352.0,352.0,1.5,19.1,75.0,0.0,44.0,67.3928445019305,1
42,20,40,3,63,1016,352.0,352.0,1.5,19.1,75.0,0.0,34.0,67.3928445019305,1
26,21,0,3,64,1016,352.0,352.0,2.5,18.0,89.0,0.3,42.0,63.537913481481475,1
25,21,20,3,65,1016,352.0,352.0,2.5,18.0,89.0,0.3,26.0,63.537913481481475,1
27,21,40,3,66,1016,352.0,352.0,2.5,18.0,89.0,0.3,25.0,63.537913481481475,1
17,22,0,3,67,1016,352.0,352.0,2.5,18.0,89.0,0.3,27.0,63.537913481481475,1
13,22,20,3,68,1016,352.0,352.0,2.5,18.0,89.0,0.3,17.0,63.537913481481475,1
15,22,40,3,69,1016,352.0,352.0,2.5,18.0,89.0,0.3,13.0,63.537913481481475,1
6,23,0,3,70,1016,352.0,352.0,2.5,18.0,89.0,0.3,15.0,63.537913481481475,1
11,23,20,3,71,1016,352.0,352.0,2.5,18.0,89.0,0.3,6.0,63.537913481481475,1
9,23,40,3,72,1016,352.0,352.0,2.5,18.0,89.0,0.3,11.0,63.537913481481475,1
1,0,0,4,1,1017,46.0,46.0,3.0,18.4,88.0,0.0,9.0,62.61126900451129,1
1,0,20,4,2,1017,46.0,46.0,3.0,18.4,88.0,0.0,1.0,62.61126900451129,1
1,0,40,4,3,1017,46.0,46.0,3.0,18.4,88.0,0.0,1.0,62.61126900451129,1
1,1,40,4,6,1017,46.0,46.0,3.0,18.4,88.0,0.0,1.0,62.61126900451129,1
1,2,40,4,9,1017,46.0,46.0,3.0,18.4,88.0,0.0,1.0,62.61126900451129,1
2,3,0,4,10,1018,2.0,2.0,1.6,18.8,82.0,0.0,1.0,67.23835280610686,1
1,3,20,4,11,1018,2.0,2.0,1.6,18.8,82.0,0.0,2.0,67.23835280610686,1
1,4,20,4,14,1018,2.0,2.0,1.6,18.8,82.0,0.0,2.0,67.23835280610686,1
6,4,40,4,15,1018,2.0,2.0,1.6,18.8,82.0,0.0,1.0,67.23835280610686,1
14,5,0,4,16,1018,2.0,2.0,1.6,18.8,82.0,0.0,6.0,67.23835280610686,1
10,5,20,4,17,1018,2.0,2.0,1.6,18.8,82.0,0.0,14.0,67.23835280610686,1
22,5,40,4,18,1018,2.0,2.0,1.6,18.8,82.0,0.0,10.0,67.23835280610686,1
20,6,0,4,19,1016,359.0,359.0,1.9,18.5,84.0,0.0,22.0,65.91059003773586,1
45,6,20,4,20,1016,359.0,359.0,1.9,18.5,84.0,0.0,20.0,65.91059003773586,1
47,6,40,4,21,1016,359.0,359.0,1.9,18.5,84.0,0.0,45.0,65.91059003773586,1
87,7,0,4,22,1016,359.0,359.0,1.9,18.5,84.0,0.0,47.0,65.91059003773586,1
96,7,20,4,23,1016,359.0,359.0,1.9,18.5,84.0,0.0,87.0,65.91059003773586,1
108,7,40,4,24,1016,359.0,359.0,1.9,18.5,84.0,0.0,96.0,65.91059003773586,1
112,8,0,4,25,1016,359.0,359.0,1.9,18.5,84.0,0.0,108.0,65.91059003773586,1
132,8,20,4,26,1016,359.0,359.0,1.9,18.5,84.0,0.0,112.0,65.91059003773586,1
141,8,40,4,27,1016,359.0,359.0,1.9,18.5,84.0,0.0,132.0,65.91059003773586,1
105,9,0,4,28,1016,349.0,349.0,2.0,18.2,81.0,0.0,141.0,64.70591382686568,1
117,9,20,4,29,1016,349.0,349.0,2.0,18.2,81.0,0.0,105.0,64.70591382686568,1
77,9,40,4,30,1016,349.0,349.0,2.0,18.2,81.0,0.0,117.0,64.70591382686568,1
121,10,0,4,31,1016,349.0,349.0,2.0,18.2,81.0,0.0,77.0,64.70591382686568,1
83,10,20,4,32,1016,349.0,349.0,2.0,18.2,81.0,0.0,121.0,64.70591382686568,1
76,10,40,4,33,1016,349.0,349.0,2.0,18.2,81.0,0.0,83.0,64.70591382686568,1
76,11,0,4,34,1016,349.0,349.0,2.0,18.2,81.0,0.0,76.0,64.70591382686568,1
66,11,20,4,35,1016,349.0,349.0,2.0,18.2,81.0,0.0,76.0,64.70591382686568,1
61,11,40,4,36,1016,349.0,349.0,2.0,18.2,81.0,0.0,66.0,64.70591382686568,1
65,12,0,4,37,1016,1.0,1.0,1.4,18.3,83.0,0.0,61.0,67.0229637857678,1
86,12,20,4,38,1016,1.0,1.0,1.4,18.3,83.0,0.0,65.0,67.0229637857678,1
93,12,40,4,39,1016,1.0,1.0,1.4,18.3,83.0,0.0,86.0,67.0229637857678,1
80,13,0,4,40,1016,1.0,1.0,1.4,18.3,83.0,0.0,93.0,67.0229637857678,1
83,13,20,4,41,1016,1.0,1.0,1.4,18.3,83.0,0.0,80.0,67.0229637857678,1
102,13,40,4,42,1016,1.0,1.0,1.4,18.3,83.0,0.0,83.0,67.0229637857678,1
97,14,0,4,43,1016,1.0,1.0,1.4,18.3,83.0,0.0,102.0,67.0229637857678,1
101,14,20,4,44,1016,1.0,1.0,1.4,18.3,83.0,0.0,97.0,67.0229637857678,1
82,14,40,4,45,1016,1.0,1.0,1.4,18.3,83.0,0.0,101.0,67.0229637857678,1
81,15,0,4,46,1016,354.0,354.0,1.8,18.2,87.0,0.0,82.0,65.96112502686569,1
104,15,20,4,47,1016,354.0,354.0,1.8,18.2,87.0,0.0,81.0,65.96112502686569,1
94,15,40,4,48,1016,354.0,354.0,1.8,18.2,87.0,0.0,104.0,65.96112502686569,1
102,16,0,4,49,1016,354.0,354.0,1.8,18.2,87.0,0.0,94.0,65.96112502686569,1
94,16,20,4,50,1016,354.0,354.0,1.8,18.2,87.0,0.0,102.0,65.96112502686569,1
87,16,40,4,51,1016,354.0,354.0,1.8,18.2,87.0,0.0,94.0,65.96112502686569,1
83,17,0,4,52,1016,354.0,354.0,1.8,18.2,87.0,0.0,87.0,65.96112502686569,1
98,17,20,4,53,1016,354.0,354.0,1.8,18.2,87.0,0.0,83.0,65.96112502686569,1
79,17,40,4,54,1016,354.0,354.0,1.8,18.2,87.0,0.0,98.0,65.96112502686569,1
71,18,0,4,55,1015,202.0,202.0,1.1,18.4,89.0,0.0,79.0,68.79453140451128,1
89,18,20,4,56,1015,202.0,202.0,1.1,18.4,89.0,0.0,71.0,68.79453140451128,1
69,18,40,4,57,1015,202.0,202.0,1.1,18.4,89.0,0.0,89.0,68.79453140451128,1
53,19,0,4,58,1015,202.0,202.0,1.1,18.4,89.0,0.0,69.0,68.79453140451128,1
52,19,20,4,59,1015,202.0,202.0,1.1,18.4,89.0,0.0,53.0,68.79453140451128,1
49,19,40,4,60,1015,202.0,202.0,1.1,18.4,89.0,0.0,52.0,68.79453140451128,1
48,20,0,4,61,1015,202.0,202.0,1.1,18.4,89.0,0.0,49.0,68.79453140451128,1
35,20,20,4,62,1015,202.0,202.0,1.1,18.4,89.0,0.0,48.0,68.79453140451128,1
38,20,40,4,63,1015,202.0,202.0,1.1,18.4,89.0,0.0,35.0,68.79453140451128,1
24,21,0,4,64,1015,360.0,360.0,2.3,18.5,90.0,0.0,38.0,65.25234603773585,1
29,21,20,4,65,1015,360.0,360.0,2.3,18.5,90.0,0.0,24.0,65.25234603773585,1
37,21,40,4,66,1015,360.0,360.0,2.3,18.5,90.0,0.0,29.0,65.25234603773585,1
25,22,0,4,67,1015,360.0,360.0,2.3,18.5,90.0,0.0,37.0,65.25234603773585,1
24,22,20,4,68,1015,360.0,360.0,2.3,18.5,90.0,0.0,25.0,65.25234603773585,1
21,22,40,4,69,1015,360.0,360.0,2.3,18.5,90.0,0.0,24.0,65.25234603773585,1
8,23,0,4,70,1015,360.0,360.0,2.3,18.5,90.0,0.0,21.0,65.25234603773585,1
12,23,20,4,71,1015,360.0,360.0,2.3,18.5,90.0,0.0,8.0,65.25234603773585,1
7,23,40,4,72,1015,360.0,360.0,2.3,18.5,90.0,0.0,12.0,65.25234603773585,1
3,0,0,5,1,1016,35.0,35.0,2.0,19.0,95.0,0.0,7.0,67.71254,2
2,0,20,5,2,1016,35.0,35.0,2.0,19.0,95.0,0.0,3.0,67.71254,2
1,0,40,5,3,1016,35.0,35.0,2.0,19.0,95.0,0.0,2.0,67.71254,2
1,1,0,5,4,1016,35.0,35.0,2.0,19.0,95.0,0.0,1.0,67.71254,2
1,1,20,5,5,1016,35.0,35.0,2.0,19.0,95.0,0.0,1.0,67.71254,2
2,1,40,5,6,1016,35.0,35.0,2.0,19.0,95.0,0.0,1.0,67.71254,2
1,2,20,5,8,1016,35.0,35.0,2.0,19.0,95.0,0.0,1.0,67.71254,2
1,3,0,5,10,1016,357.0,357.0,1.1,19.8,94.0,0.6,1.0,72.05626821587302,2
1,4,20,5,14,1016,357.0,357.0,1.1,19.8,94.0,0.6,1.0,72.05626821587302,2
1,4,40,5,15,1016,357.0,357.0,1.1,19.8,94.0,0.6,1.0,72.05626821587302,2
17,5,0,5,16,1016,357.0,357.0,1.1,19.8,94.0,0.6,1.0,72.05626821587302,2
21,5,20,5,17,1016,357.0,357.0,1.1,19.8,94.0,0.6,17.0,72.05626821587302,2
14,5,40,5,18,1016,357.0,357.0,1.1,19.8,94.0,0.6,21.0,72.05626821587302,2
21,6,0,5,19,1014,334.0,334.0,1.5,20.3,96.0,0.1,14.0,71.97786458947371,2
13,6,20,5,20,1014,334.0,334.0,1.5,20.3,96.0,0.1,21.0,71.97786458947371,2
50,7,20,5,23,1014,334.0,334.0,1.5,20.3,96.0,0.1,21.0,71.97786458947371,2
81,7,40,5,24,1014,334.0,334.0,1.5,20.3,96.0,0.1,50.0,71.97786458947371,2
101,8,0,5,25,1014,334.0,334.0,1.5,20.3,96.0,0.1,81.0,71.97786458947371,2
118,8,20,5,26,1014,334.0,334.0,1.5,20.3,96.0,0.1,101.0,71.97786458947371,2
103,8,40,5,27,1014,334.0,334.0,1.5,20.3,96.0,0.1,118.0,71.97786458947371,2
108,9,0,5,28,1014,333.0,333.0,2.2,20.3,96.0,0.0,103.0,69.73786458947369,2
124,9,20,5,29,1014,333.0,333.0,2.2,20.3,96.0,0.0,108.0,69.73786458947369,2
95,9,40,5,30,1014,333.0,333.0,2.2,20.3,96.0,0.0,124.0,69.73786458947369,2
111,10,0,5,31,1014,333.0,333.0,2.2,20.3,96.0,0.0,95.0,69.73786458947369,2
111,10,20,5,32,1014,333.0,333.0,2.2,20.3,96.0,0.0,111.0,69.73786458947369,2
101,10,40,5,33,1014,333.0,333.0,2.2,20.3,96.0,0.0,111.0,69.73786458947369,2
77,11,0,5,34,1014,333.0,333.0,2.2,20.3,96.0,0.0,101.0,69.73786458947369,2
76,11,20,5,35,1014,333.0,333.0,2.2,20.3,96.0,0.0,77.0,69.73786458947369,2
58,11,40,5,36,1014,333.0,333.0,2.2,20.3,96.0,0.0,76.0,69.73786458947369,2
62,12,0,5,37,1014,344.0,344.0,0.9,20.0,97.0,0.0,58.0,73.41596,2
85,12,20,5,38,1014,344.0,344.0,0.9,20.0,97.0,0.0,62.0,73.41596,2
78,12,40,5,39,1014,344.0,344.0,0.9,20.0,97.0,0.0,85.0,73.41596,2
85,13,0,5,40,1014,344.0,344.0,0.9,20.0,97.0,0.0,78.0,73.41596,2
90,13,20,5,41,1014,344.0,344.0,0.9,20.0,97.0,0.0,85.0,73.41596,2
93,13,40,5,42,1014,344.0,344.0,0.9,20.0,97.0,0.0,90.0,73.41596,2
79,14,0,5,43,1014,344.0,344.0,0.9,20.0,97.0,0.0,93.0,73.41596,2
88,14,20,5,44,1014,344.0,344.0,0.9,20.0,97.0,0.0,79.0,73.41596,2
60,14,40,5,45,1014,344.0,344.0,0.9,20.0,97.0,0.0,88.0,73.41596,2
72,15,0,5,46,1014,344.0,344.0,0.0,19.8,97.0,0.0,60.0,75.90132661587302,2
82,15,20,5,47,1014,344.0,344.0,0.0,19.8,97.0,0.0,72.0,75.90132661587302,2
88,15,40,5,48,1014,344.0,344.0,0.0,19.8,97.0,0.0,82.0,75.90132661587302,2
85,16,0,5,49,1014,344.0,344.0,0.0,19.8,97.0,0.0,88.0,75.90132661587302,2
79,16,20,5,50,1014,344.0,344.0,0.0,19.8,97.0,0.0,85.0,75.90132661587302,2
91,16,40,5,51,1014,344.0,344.0,0.0,19.8,97.0,0.0,79.0,75.90132661587302,2
72,17,0,5,52,1014,344.0,344.0,0.0,19.8,97.0,0.0,91.0,75.90132661587302,2
84,17,20,5,53,1014,344.0,344.0,0.0,19.8,97.0,0.0,72.0,75.90132661587302,2
50,17,40,5,54,1014,344.0,344.0,0.0,19.8,97.0,0.0,84.0,75.90132661587302,2
41,18,0,5,55,1013,215.0,215.0,1.7,19.7,97.0,0.0,50.0,70.26403439209486,2
35,18,20,5,56,1013,215.0,215.0,1.7,19.7,97.0,0.0,41.0,70.26403439209486,2
37,18,40,5,57,1013,215.0,215.0,1.7,19.7,97.0,0.0,35.0,70.26403439209486,2
40,19,0,5,58,1013,215.0,215.0,1.7,19.7,97.0,0.0,37.0,70.26403439209486,2
37,19,20,5,59,1013,215.0,215.0,1.7,19.7,97.0,0.0,40.0,70.26403439209486,2
34,19,40,5,60,1013,215.0,215.0,1.7,19.7,97.0,0.0,37.0,70.26403439209486,2
36,20,0,5,61,1013,215.0,215.0,1.7,19.7,97.0,0.0,34.0,70.26403439209486,2
50,20,20,5,62,1013,215.0,215.0,1.7,19.7,97.0,0.0,36.0,70.26403439209486,2
32,20,40,5,63,1013,215.0,215.0,1.7,19.7,97.0,0.0,50.0,70.26403439209486,2
26,21,0,5,64,1013,216.0,216.0,3.2,19.6,97.0,0.0,32.0,65.26675822362205,2
21,21,20,5,65,1013,216.0,216.0,3.2,19.6,97.0,0.0,26.0,65.26675822362205,2
26,21,40,5,66,1013,216.0,216.0,3.2,19.6,97.0,0.0,21.0,65.26675822362205,2
16,22,0,5,67,1013,216.0,216.0,3.2,19.6,97.0,0.0,26.0,65.26675822362205,2
10,22,20,5,68,1013,216.0,216.0,3.2,19.6,97.0,0.0,16.0,65.26675822362205,2
11,22,40,5,69,1013,216.0,216.0,3.2,19.6,97.0,0.0,10.0,65.26675822362205,2
6,23,0,5,70,1013,216.0,216.0,3.2,19.6,97.0,0.0,11.0,65.26675822362205,2
8,23,20,5,71,1013,216.0,216.0,3.2,19.6,97.0,0.0,6.0,65.26675822362205,2
7,23,40,5,72,1013,216.0,216.0,3.2,19.6,97.0,0.0,8.0,65.26675822362205,2
2,0,0,6,1,1014,327.0,327.0,0.6,20.4,95.0,0.0,7.0,74.94435928455285,2
1,0,40,6,3,1014,327.0,327.0,0.6,20.4,95.0,0.0,7.0,74.94435928455285,2
1,1,0,6,4,1014,327.0,327.0,0.6,20.4,95.0,0.0,1.0,74.94435928455285,2
2,1,20,6,5,1014,327.0,327.0,0.6,20.4,95.0,0.0,1.0,74.94435928455285,2
1,3,40,6,12,1014,342.0,342.0,2.2,24.6,76.0,0.0,1.0,75.71294450196079,2
17,5,0,6,16,1014,342.0,342.0,2.2,24.6,76.0,0.0,1.0,75.71294450196079,2
9,5,20,6,17,1014,342.0,342.0,2.2,24.6,76.0,0.0,17.0,75.71294450196079,2
20,5,40,6,18,1014,342.0,342.0,2.2,24.6,76.0,0.0,9.0,75.71294450196079,2
12,6,0,6,19,1012,301.0,301.0,1.8,26.8,67.0,0.0,20.0,79.99331931428571,2
34,6,20,6,20,1012,301.0,301.0,1.8,26.8,67.0,0.0,12.0,79.99331931428571,2
34,6,40,6,21,1012,301.0,301.0,1.8,26.8,67.0,0.0,34.0,79.99331931428571,2
40,7,0,6,22,1012,301.0,301.0,1.8,26.8,67.0,0.0,34.0,79.99331931428571,2
69,7,20,6,23,1012,301.0,301.0,1.8,26.8,67.0,0.0,40.0,79.99331931428571,2
58,7,40,6,24,1012,301.0,301.0,1.8,26.8,67.0,0.0,69.0,79.99331931428571,2
81,8,0,6,25,1012,301.0,301.0,1.8,26.8,67.0,0.0,58.0,79.99331931428571,2
92,8,20,6,26,1012,301.0,301.0,1.8,26.8,67.0,0.0,81.0,79.99331931428571,2
99,8,40,6,27,1012,301.0,301.0,1.8,26.8,67.0,0.0,92.0,79.99331931428571,2
95,9,0,6,28,1012,10.0,10.0,4.1,24.9,74.0,0.0,99.0,69.95151576915423,2
107,9,20,6,29,1012,10.0,10.0,4.1,24.9,74.0,0.0,95.0,69.95151576915423,2
87,9,40,6,30,1012,10.0,10.0,4.1,24.9,74.0,0.0,107.0,69.95151576915423,2
90,10,0,6,31,1012,10.0,10.0,4.1,24.9,74.0,0.0,87.0,69.95151576915423,2
75,10,20,6,32,1012,10.0,10.0,4.1,24.9,74.0,0.0,90.0,69.95151576915423,2
97,10,40,6,33,1012,10.0,10.0,4.1,24.9,74.0,0.0,75.0,69.95151576915423,2
67,11,0,6,34,1012,10.0,10.0,4.1,24.9,74.0,0.0,97.0,69.95151576915423,2
80,11,20,6,35,1012,10.0,10.0,4.1,24.9,74.0,0.0,67.0,69.95151576915423,2
57,11,40,6,36,1012,10.0,10.0,4.1,24.9,74.0,0.0,80.0,69.95151576915423,2
68,12,0,6,37,1014,353.0,353.0,4.3,22.7,77.0,0.0,57.0,65.4928120412556,2
68,12,20,6,38,1014,353.0,353.0,4.3,22.7,77.0,0.0,68.0,65.4928120412556,2
63,12,40,6,39,1014,353.0,353.0,4.3,22.7,77.0,0.0,68.0,65.4928120412556,2
79,13,0,6,40,1014,353.0,353.0,4.3,22.7,77.0,0.0,63.0,65.4928120412556,2
61,13,20,6,41,1014,353.0,353.0,4.3,22.7,77.0,0.0,79.0,65.4928120412556,2
90,13,40,6,42,1014,353.0,353.0,4.3,22.7,77.0,0.0,61.0,65.4928120412556,2
66,14,0,6,43,1014,353.0,353.0,4.3,22.7,77.0,0.0,90.0,65.4928120412556,2
81,14,20,6,44,1014,353.0,353.0,4.3,22.7,77.0,0.0,66.0,65.4928120412556,2
63,14,40,6,45,1014,353.0,353.0,4.3,22.7,77.0,0.0,81.0,65.4928120412556,2
78,15,0,6,46,1015,7.0,7.0,2.1,21.9,80.0,0.0,63.0,71.35673856277057,2
86,15,20,6,47,1015,7.0,7.0,2.1,21.9,80.0,0.0,78.0,71.35673856277057,2
69,15,40,6,48,1015,7.0,7.0,2.1,21.9,80.0,0.0,86.0,71.35673856277057,2
84,16,0,6,49,1015,7.0,7.0,2.1,21.9,80.0,0.0,69.0,71.35673856277057,2
98,16,20,6,50,1015,7.0,7.0,2.1,21.9,80.0,0.0,84.0,71.35673856277057,2
71,16,40,6,51,1015,7.0,7.0,2.1,21.9,80.0,0.0,98.0,71.35673856277057,2
82,17,0,6,52,1015,7.0,7.0,2.1,21.9,80.0,0.0,71.0,71.35673856277057,2
65,17,20,6,53,1015,7.0,7.0,2.1,21.9,80.0,0.0,82.0,71.35673856277057,2
74,17,40,6,54,1015,7.0,7.0,2.1,21.9,80.0,0.0,65.0,71.35673856277057,2
46,18,0,6,55,1014,344.0,344.0,2.0,21.3,83.0,0.0,74.0,70.86947960675106,2
54,18,20,6,56,1014,344.0,344.0,2.0,21.3,83.0,0.0,46.0,70.86947960675106,2
32,18,40,6,57,1014,344.0,344.0,2.0,21.3,83.0,0.0,54.0,70.86947960675106,2
44,19,0,6,58,1014,344.0,344.0,2.0,21.3,83.0,0.0,32.0,70.86947960675106,2
35,19,20,6,59,1014,344.0,344.0,2.0,21.3,83.0,0.0,44.0,70.86947960675106,2
38,19,40,6,60,1014,344.0,344.0,2.0,21.3,83.0,0.0,35.0,70.86947960675106,2
31,20,0,6,61,1014,344.0,344.0,2.0,21.3,83.0,0.0,38.0,70.86947960675106,2
46,20,20,6,62,1014,344.0,344.0,2.0,21.3,83.0,0.0,31.0,70.86947960675106,2
33,20,40,6,63,1014,344.0,344.0,2.0,21.3,83.0,0.0,46.0,70.86947960675106,2
22,21,0,6,64,1014,35.0,35.0,3.0,20.4,81.0,0.0,33.0,65.71687768455284,2
23,21,20,6,65,1014,35.0,35.0,3.0,20.4,81.0,0.0,22.0,65.71687768455284,2
21,21,40,6,66,1014,35.0,35.0,3.0,20.4,81.0,0.0,23.0,65.71687768455284,2
14,22,0,6,67,1014,35.0,35.0,3.0,20.4,81.0,0.0,21.0,65.71687768455284,2
11,22,20,6,68,1014,35.0,35.0,3.0,20.4,81.0,0.0,14.0,65.71687768455284,2
6,22,40,6,69,1014,35.0,35.0,3.0,20.4,81.0,0.0,11.0,65.71687768455284,2
4,23,0,6,70,1014,35.0,35.0,3.0,20.4,81.0,0.0,6.0,65.71687768455284,2
6,23,20,6,71,1014,35.0,35.0,3.0,20.4,81.0,0.0,4.0,65.71687768455284,2
4,23,40,6,72,1014,35.0,35.0,3.0,20.4,81.0,0.0,6.0,65.71687768455284,2
3,0,0,0,1,1016,35.0,35.0,2.1,20.1,80.0,0.0,4.0,67.91276035341366,1
1,0,20,0,2,1016,35.0,35.0,2.1,20.1,80.0,0.0,3.0,67.91276035341366,1
4,0,40,0,3,1016,35.0,35.0,2.1,20.1,80.0,0.0,1.0,67.91276035341366,1
2,1,0,0,4,1016,35.0,35.0,2.1,20.1,80.0,0.0,4.0,67.91276035341366,1
1,1,20,0,5,1016,35.0,35.0,2.1,20.1,80.0,0.0,2.0,67.91276035341366,1
3,2,0,0,7,1016,35.0,35.0,2.1,20.1,80.0,0.0,2.0,67.91276035341366,1
1,2,40,0,9,1016,35.0,35.0,2.1,20.1,80.0,0.0,2.0,67.91276035341366,1
14,5,0,0,16,1016,104.0,104.0,1.5,19.6,90.0,0.1,2.0,69.95337902362205,1
19,5,20,0,17,1016,104.0,104.0,1.5,19.6,90.0,0.1,14.0,69.95337902362205,1
23,5,40,0,18,1016,104.0,104.0,1.5,19.6,90.0,0.1,19.0,69.95337902362205,1
31,6,0,0,19,1013,81.0,81.0,1.2,21.3,79.0,0.0,23.0,72.97425240675106,1
45,6,20,0,20,1013,81.0,81.0,1.2,21.3,79.0,0.0,31.0,72.97425240675106,1
52,6,40,0,21,1013,81.0,81.0,1.2,21.3,79.0,0.0,45.0,72.97425240675106,1
84,7,0,0,22,1013,81.0,81.0,1.2,21.3,79.0,0.0,52.0,72.97425240675106,1
125,7,20,0,23,1013,81.0,81.0,1.2,21.3,79.0,0.0,84.0,72.97425240675106,1
119,7,40,0,24,1013,81.0,81.0,1.2,21.3,79.0,0.0,125.0,72.97425240675106,1
130,8,0,0,25,1013,81.0,81.0,1.2,21.3,79.0,0.0,119.0,72.97425240675106,1
133,8,20,0,26,1013,81.0,81.0,1.2,21.3,79.0,0.0,130.0,72.97425240675106,1
109,8,40,0,27,1013,81.0,81.0,1.2,21.3,79.0,0.0,133.0,72.97425240675106,1
114,9,0,0,28,1014,109.0,109.0,1.1,20.9,79.0,0.0,109.0,72.53031468713692,1
102,9,20,0,29,1014,109.0,109.0,1.1,20.9,79.0,0.0,114.0,72.53031468713692,1
91,9,40,0,30,1014,109.0,109.0,1.1,20.9,79.0,0.0,102.0,72.53031468713692,1
65,10,0,0,31,1014,109.0,109.0,1.1,20.9,79.0,0.0,91.0,72.53031468713692,1
65,10,20,0,32,1014,109.0,109.0,1.1,20.9,79.0,0.0,65.0,72.53031468713692,1
58,10,40,0,33,1014,109.0,109.0,1.1,20.9,79.0,0.0,65.0,72.53031468713692,1
63,11,0,0,34,1014,109.0,109.0,1.1,20.9,79.0,0.0,58.0,72.53031468713692,1
54,11,20,0,35,1014,109.0,109.0,1.1,20.9,79.0,0.0,63.0,72.53031468713692,1
50,11,40,0,36,1014,109.0,109.0,1.1,20.9,79.0,0.0,54.0,72.53031468713692,1
66,12,0,0,37,1014,17.0,17.0,0.7,19.6,87.0,0.0,50.0,72.19050222362205,1
54,12,20,0,38,1014,17.0,17.0,0.7,19.6,87.0,0.0,66.0,72.19050222362205,1
70,12,40,0,39,1014,17.0,17.0,0.7,19.6,87.0,0.0,54.0,72.19050222362205,1
62,13,0,0,40,1014,17.0,17.0,0.7,19.6,87.0,0.0,70.0,72.19050222362205,1
71,13,20,0,41,1014,17.0,17.0,0.7,19.6,87.0,0.0,62.0,72.19050222362205,1
66,13,40,0,42,1014,17.0,17.0,0.7,19.6,87.0,0.0,71.0,72.19050222362205,1
82,14,0,0,43,1014,17.0,17.0,0.7,19.6,87.0,0.0,66.0,72.19050222362205,1
72,14,20,0,44,1014,17.0,17.0,0.7,19.6,87.0,0.0,82.0,72.19050222362205,1
56,14,40,0,45,1014,17.0,17.0,0.7,19.6,87.0,0.0,72.0,72.19050222362205,1
53,15,0,0,46,1015,222.0,222.0,0.9,18.9,92.0,0.0,56.0,70.72085709118774,1
84,15,20,0,47,1015,222.0,222.0,0.9,18.9,92.0,0.0,53.0,70.72085709118774,1
76,15,40,0,48,1015,222.0,222.0,0.9,18.9,92.0,0.0,84.0,70.72085709118774,1
68,16,0,0,49,1015,222.0,222.0,0.9,18.9,92.0,0.0,76.0,70.72085709118774,1
92,16,20,0,50,1015,222.0,222.0,0.9,18.9,92.0,0.0,68.0,70.72085709118774,1
72,16,40,0,51,1015,222.0,222.0,0.9,18.9,92.0,0.0,92.0,70.72085709118774,1
86,17,0,0,52,1015,222.0,222.0,0.9,18.9,92.0,0.0,72.0,70.72085709118774,1
83,17,20,0,53,1015,222.0,222.0,0.9,18.9,92.0,0.0,86.0,70.72085709118774,1
58,17,40,0,54,1015,222.0,222.0,0.9,18.9,92.0,0.0,83.0,70.72085709118774,1
56,18,0,0,55,1014,341.0,341.0,1.5,19.1,92.0,0.0,58.0,69.19157370193051,1
53,18,20,0,56,1014,341.0,341.0,1.5,19.1,92.0,0.0,56.0,69.19157370193051,1
53,18,40,0,57,1014,341.0,341.0,1.5,19.1,92.0,0.0,53.0,69.19157370193051,1
38,19,0,0,58,1014,341.0,341.0,1.5,19.1,92.0,0.0,53.0,69.19157370193051,1
48,19,20,0,59,1014,341.0,341.0,1.5,19.1,92.0,0.0,38.0,69.19157370193051,1
26,19,40,0,60,1014,341.0,341.0,1.5,19.1,92.0,0.0,48.0,69.19157370193051,1
29,20,0,0,61,1014,341.0,341.0,1.5,19.1,92.0,0.0,26.0,69.19157370193051,1
33,20,20,0,62,1014,341.0,341.0,1.5,19.1,92.0,0.0,29.0,69.19157370193051,1
26,20,40,0,63,1014,341.0,341.0,1.5,19.1,92.0,0.0,33.0,69.19157370193051,1
28,21,0,0,64,1014,322.0,322.0,2.5,19.3,90.0,0.0,26.0,66.16928057587549,1
20,21,20,0,65,1014,322.0,322.0,2.5,19.3,90.0,0.0,28.0,66.16928057587549,1
17,21,40,0,66,1014,322.0,322.0,2.5,19.3,90.0,0.0,20.0,66.16928057587549,1
21,22,0,0,67,1014,322.0,322.0,2.5,19.3,90.0,0.0,17.0,66.16928057587549,1
21,22,20,0,68,1014,322.0,322.0,2.5,19.3,90.0,0.0,21.0,66.16928057587549,1
23,22,40,0,69,1014,322.0,322.0,2.5,19.3,90.0,0.0,21.0,66.16928057587549,1
9,23,0,0,70,1014,322.0,322.0,2.5,19.3,90.0,0.0,23.0,66.16928057587549,1
10,23,20,0,71,1014,322.0,322.0,2.5,19.3,90.0,0.0,9.0,66.16928057587549,1
18,23,40,0,72,1014,322.0,322.0,2.5,19.3,90.0,0.0,10.0,66.16928057587549,1
